solid OpenSCAD_Model
  facet normal 0.35836794954530105 0 0.9335804264972014
    outer loop
      vertex 5.972949016875158 0 11.646830451114539
      vertex 5.972949016875158 3 11.646830451114539
      vertex 5.6797900707726 0 11.759363627072197
    endloop
  endfacet
  facet normal 0.2588190451025205 9.103038467489617e-19 0.9659258262890684
    outer loop
      vertex 5.972949016875158 0 11.646830451114539
      vertex 6.276264927546722 0 11.565557197798583
      vertex 6.276264927546722 3 11.565557197798583
    endloop
  endfacet
  facet normal 0.35836794954530105 -8.221001381439293e-19 0.9335804264972014
    outer loop
      vertex 5.972949016875158 3 11.646830451114539
      vertex 5.6797900707726 3 11.759363627072197
      vertex 5.6797900707726 0 11.759363627072197
    endloop
  endfacet
  facet normal 0.2588190451025205 0 0.9659258262890684
    outer loop
      vertex 5.972949016875158 0 11.646830451114539
      vertex 6.276264927546722 3 11.565557197798583
      vertex 5.972949016875158 3 11.646830451114539
    endloop
  endfacet
  facet normal 0.15643446504022926 2.0340063457924464e-19 0.987688340595138
    outer loop
      vertex 6.276264927546722 0 11.565557197798583
      vertex 6.58641461019704 0 11.51643431389518
      vertex 6.58641461019704 3 11.51643431389518
    endloop
  endfacet
  facet normal 0.05233595624294499 -3.407348729481379e-19 0.9986295347545737
    outer loop
      vertex 6.58641461019704 0 11.51643431389518
      vertex 6.9 0 11.5
      vertex 6.9 3 11.5
    endloop
  endfacet
  facet normal 0.15643446504022926 0 0.987688340595138
    outer loop
      vertex 6.276264927546722 0 11.565557197798583
      vertex 6.58641461019704 3 11.51643431389518
      vertex 6.276264927546722 3 11.565557197798583
    endloop
  endfacet
  facet normal 0.05233595624294499 0 0.9986295347545737
    outer loop
      vertex 6.58641461019704 0 11.51643431389518
      vertex 6.9 3 11.5
      vertex 6.58641461019704 3 11.51643431389518
    endloop
  endfacet
  facet normal 0 0 1
    outer loop
      vertex 6.9 0 11.5
      vertex 18.9 3 11.5
      vertex 6.9 3 11.5
    endloop
  endfacet
  facet normal 0 0 1
    outer loop
      vertex 6.9 0 11.5
      vertex 18.9 0 11.5
      vertex 18.9 3 11.5
    endloop
  endfacet
  facet normal -0.052335956242944556 -1.3231976669645214e-19 0.9986295347545738
    outer loop
      vertex 18.9 0 11.5
      vertex 19.21358538980296 0 11.51643431389518
      vertex 19.21358538980296 3 11.51643431389518
    endloop
  endfacet
  facet normal -0.052335956242944556 0 0.9986295347545738
    outer loop
      vertex 18.9 0 11.5
      vertex 19.21358538980296 3 11.51643431389518
      vertex 18.9 3 11.5
    endloop
  endfacet
  facet normal -0.15643446504023015 0 0.9876883405951379
    outer loop
      vertex 19.21358538980296 0 11.51643431389518
      vertex 19.523735072453277 3 11.565557197798583
      vertex 19.21358538980296 3 11.51643431389518
    endloop
  endfacet
  facet normal -0.15643446504023015 -7.592082280377205e-19 0.9876883405951379
    outer loop
      vertex 19.21358538980296 0 11.51643431389518
      vertex 19.523735072453277 0 11.565557197798583
      vertex 19.523735072453277 3 11.565557197798583
    endloop
  endfacet
  facet normal -0.2588190451025205 -9.103038467489617e-19 0.9659258262890684
    outer loop
      vertex 19.523735072453277 0 11.565557197798583
      vertex 19.827050983124842 0 11.646830451114539
      vertex 19.827050983124842 3 11.646830451114539
    endloop
  endfacet
  facet normal -0.35836794954530105 8.221001381439293e-19 0.9335804264972014
    outer loop
      vertex 19.827050983124842 0 11.646830451114539
      vertex 20.1202099292274 0 11.759363627072197
      vertex 20.1202099292274 3 11.759363627072197
    endloop
  endfacet
  facet normal -0.2588190451025205 0 0.9659258262890684
    outer loop
      vertex 19.523735072453277 0 11.565557197798583
      vertex 19.827050983124842 3 11.646830451114539
      vertex 19.523735072453277 3 11.565557197798583
    endloop
  endfacet
  facet normal -0.35836794954530105 0 0.9335804264972014
    outer loop
      vertex 19.827050983124842 0 11.646830451114539
      vertex 20.1202099292274 3 11.759363627072197
      vertex 19.827050983124842 3 11.646830451114539
    endloop
  endfacet
  facet normal 0.7771459614569692 -6.549299026013202e-19 0.6293203910498395
    outer loop
      vertex 4.472949016875158 0 12.73664424312258
      vertex 4.670565523567817 0 12.492608180923426
      vertex 4.670565523567817 3 12.492608180923426
    endloop
  endfacet
  facet normal 0.8386705679454247 0 0.5446390350150261
    outer loop
      vertex 4.472949016875158 0 12.73664424312258
      vertex 4.472949016875158 3 12.73664424312258
      vertex 4.301923788646684 0 13
    endloop
  endfacet
  facet normal 0.8910065241883673 0 0.4539904997395476
    outer loop
      vertex 4.301923788646684 0 13
      vertex 4.301923788646684 3 13
      vertex 4.159363627072198 0 13.279790070772599
    endloop
  endfacet
  facet normal 0.7771459614569692 0 0.6293203910498395
    outer loop
      vertex 4.472949016875158 0 12.73664424312258
      vertex 4.670565523567817 3 12.492608180923426
      vertex 4.472949016875158 3 12.73664424312258
    endloop
  endfacet
  facet normal 0.8910065241883673 -2.75503106118387e-18 0.4539904997395476
    outer loop
      vertex 4.301923788646684 3 13
      vertex 4.159363627072198 3 13.279790070772599
      vertex 4.159363627072198 0 13.279790070772599
    endloop
  endfacet
  facet normal 0.8386705679454247 0 0.5446390350150261
    outer loop
      vertex 4.301923788646684 0 13
      vertex 4.472949016875158 3 12.73664424312258
      vertex 4.301923788646684 3 13
    endloop
  endfacet
  facet normal 0.5446390350150253 0 0.8386705679454252
    outer loop
      vertex 5.4 0 11.901923788646684
      vertex 5.4 3 11.901923788646684
      vertex 5.136644243122581 0 12.072949016875157
    endloop
  endfacet
  facet normal 0.7071067811865476 0 0.7071067811865476
    outer loop
      vertex 4.892608180923426 0 12.270565523567818
      vertex 4.892608180923426 3 12.270565523567818
      vertex 4.670565523567817 0 12.492608180923426
    endloop
  endfacet
  facet normal 0.62932039104984 0 0.7771459614569687
    outer loop
      vertex 5.136644243122581 0 12.072949016875157
      vertex 5.136644243122581 3 12.072949016875157
      vertex 4.892608180923426 0 12.270565523567818
    endloop
  endfacet
  facet normal 0.5446390350150253 0 0.8386705679454252
    outer loop
      vertex 5.136644243122581 0 12.072949016875157
      vertex 5.4 3 11.901923788646684
      vertex 5.136644243122581 3 12.072949016875157
    endloop
  endfacet
  facet normal 0.62932039104984 0 0.7771459614569687
    outer loop
      vertex 4.892608180923426 0 12.270565523567818
      vertex 5.136644243122581 3 12.072949016875157
      vertex 4.892608180923426 3 12.270565523567818
    endloop
  endfacet
  facet normal 0.7071067811865476 0 0.7071067811865476
    outer loop
      vertex 4.670565523567817 0 12.492608180923426
      vertex 4.892608180923426 3 12.270565523567818
      vertex 4.670565523567817 3 12.492608180923426
    endloop
  endfacet
  facet normal 0.45399049973954647 2.786225349591859e-18 0.891006524188368
    outer loop
      vertex 5.4 0 11.901923788646684
      vertex 5.6797900707726 0 11.759363627072197
      vertex 5.6797900707726 3 11.759363627072197
    endloop
  endfacet
  facet normal 0.45399049973954647 0 0.891006524188368
    outer loop
      vertex 5.4 0 11.901923788646684
      vertex 5.6797900707726 3 11.759363627072197
      vertex 5.4 3 11.901923788646684
    endloop
  endfacet
  facet normal 0.9335804264972014 0 0.35836794954530105
    outer loop
      vertex 4.159363627072198 0 13.279790070772599
      vertex 4.159363627072198 3 13.279790070772599
      vertex 4.046830451114539 0 13.572949016875157
    endloop
  endfacet
  facet normal 0.9659258262890684 0 0.2588190451025205
    outer loop
      vertex 4.046830451114539 0 13.572949016875157
      vertex 4.046830451114539 3 13.572949016875157
      vertex 3.9655571977985833 0 13.876264927546721
    endloop
  endfacet
  facet normal 0.9335804264972014 0 0.35836794954530105
    outer loop
      vertex 4.046830451114539 0 13.572949016875157
      vertex 4.159363627072198 3 13.279790070772599
      vertex 4.046830451114539 3 13.572949016875157
    endloop
  endfacet
  facet normal 0.9659258262890684 0 0.2588190451025205
    outer loop
      vertex 3.9655571977985833 0 13.876264927546721
      vertex 4.046830451114539 3 13.572949016875157
      vertex 3.9655571977985833 3 13.876264927546721
    endloop
  endfacet
  facet normal 0.9876883405951381 0 0.1564344650402284
    outer loop
      vertex 3.9655571977985833 0 13.876264927546721
      vertex 3.9655571977985833 3 13.876264927546721
      vertex 3.9164343138951807 0 14.18641461019704
    endloop
  endfacet
  facet normal 0.9986295347545737 0 0.05233595624294514
    outer loop
      vertex 3.9164343138951807 0 14.18641461019704
      vertex 3.9164343138951807 3 14.18641461019704
      vertex 3.9000000000000004 0 14.5
    endloop
  endfacet
  facet normal 0.9876883405951381 0 0.1564344650402284
    outer loop
      vertex 3.9164343138951807 0 14.18641461019704
      vertex 3.9655571977985833 3 13.876264927546721
      vertex 3.9164343138951807 3 14.18641461019704
    endloop
  endfacet
  facet normal 0.9986295347545737 0 0.05233595624294514
    outer loop
      vertex 3.9000000000000004 0 14.5
      vertex 3.9164343138951807 3 14.18641461019704
      vertex 3.9000000000000004 3 14.5
    endloop
  endfacet
  facet normal 1 0 0
    outer loop
      vertex 3.9000000000000004 0 14.5
      vertex 3.9000000000000004 3 14.5
      vertex 3.9000000000000004 0 26.5
    endloop
  endfacet
  facet normal 1 0 0
    outer loop
      vertex 3.9000000000000004 3 14.5
      vertex 3.9000000000000004 3 26.5
      vertex 3.9000000000000004 0 26.5
    endloop
  endfacet
  facet normal -0.4539904997395476 2.75503106118387e-18 0.8910065241883673
    outer loop
      vertex 20.1202099292274 0 11.759363627072197
      vertex 20.4 0 11.901923788646684
      vertex 20.4 3 11.901923788646684
    endloop
  endfacet
  facet normal -0.5446390350150189 -8.522519344514868e-19 0.8386705679454293
    outer loop
      vertex 20.4 0 11.901923788646684
      vertex 20.663355756877422 0 12.072949016875157
      vertex 20.663355756877422 3 12.072949016875157
    endloop
  endfacet
  facet normal -0.6293203910498485 2.817373450663059e-18 0.777145961456962
    outer loop
      vertex 20.663355756877422 0 12.072949016875157
      vertex 20.907391819076572 0 12.270565523567818
      vertex 20.907391819076572 3 12.270565523567818
    endloop
  endfacet
  facet normal -0.4539904997395476 0 0.8910065241883673
    outer loop
      vertex 20.1202099292274 0 11.759363627072197
      vertex 20.4 3 11.901923788646684
      vertex 20.1202099292274 3 11.759363627072197
    endloop
  endfacet
  facet normal -0.5446390350150189 0 0.8386705679454293
    outer loop
      vertex 20.4 0 11.901923788646684
      vertex 20.663355756877422 3 12.072949016875157
      vertex 20.4 3 11.901923788646684
    endloop
  endfacet
  facet normal -0.6293203910498485 0 0.777145961456962
    outer loop
      vertex 20.663355756877422 0 12.072949016875157
      vertex 20.907391819076572 3 12.270565523567818
      vertex 20.663355756877422 3 12.072949016875157
    endloop
  endfacet
  facet normal -0.7071067811865476 2.6473444597454152e-18 0.7071067811865476
    outer loop
      vertex 20.907391819076572 0 12.270565523567818
      vertex 21.12943447643218 0 12.492608180923426
      vertex 21.12943447643218 3 12.492608180923426
    endloop
  endfacet
  facet normal -0.7071067811865476 0 0.7071067811865476
    outer loop
      vertex 20.907391819076572 0 12.270565523567818
      vertex 21.12943447643218 3 12.492608180923426
      vertex 20.907391819076572 3 12.270565523567818
    endloop
  endfacet
  facet normal -0.7771459614569663 -3.225117456358955e-18 0.6293203910498428
    outer loop
      vertex 21.12943447643218 0 12.492608180923426
      vertex 21.327050983124842 0 12.73664424312258
      vertex 21.327050983124842 3 12.73664424312258
    endloop
  endfacet
  facet normal -0.8386705679454259 2.3524662122734054e-18 0.5446390350150241
    outer loop
      vertex 21.327050983124842 0 12.73664424312258
      vertex 21.498076211353315 0 13
      vertex 21.498076211353315 3 13
    endloop
  endfacet
  facet normal -0.8910065241883673 2.75503106118387e-18 0.4539904997395476
    outer loop
      vertex 21.498076211353315 0 13
      vertex 21.6406363729278 0 13.279790070772599
      vertex 21.6406363729278 3 13.279790070772599
    endloop
  endfacet
  facet normal -0.7771459614569663 0 0.6293203910498428
    outer loop
      vertex 21.12943447643218 0 12.492608180923426
      vertex 21.327050983124842 3 12.73664424312258
      vertex 21.12943447643218 3 12.492608180923426
    endloop
  endfacet
  facet normal -0.8386705679454259 0 0.5446390350150241
    outer loop
      vertex 21.327050983124842 0 12.73664424312258
      vertex 21.498076211353315 3 13
      vertex 21.327050983124842 3 12.73664424312258
    endloop
  endfacet
  facet normal -0.8910065241883673 0 0.4539904997395476
    outer loop
      vertex 21.498076211353315 0 13
      vertex 21.6406363729278 3 13.279790070772599
      vertex 21.498076211353315 3 13
    endloop
  endfacet
  facet normal -0.9335804264972014 8.221001381439293e-19 0.35836794954530105
    outer loop
      vertex 21.6406363729278 0 13.279790070772599
      vertex 21.75316954888546 0 13.572949016875157
      vertex 21.75316954888546 3 13.572949016875157
    endloop
  endfacet
  facet normal -0.9659258262890684 -9.103038467489617e-19 0.2588190451025205
    outer loop
      vertex 21.75316954888546 0 13.572949016875157
      vertex 21.834442802201416 0 13.876264927546721
      vertex 21.834442802201416 3 13.876264927546721
    endloop
  endfacet
  facet normal -0.9335804264972014 0 0.35836794954530105
    outer loop
      vertex 21.6406363729278 0 13.279790070772599
      vertex 21.75316954888546 3 13.572949016875157
      vertex 21.6406363729278 3 13.279790070772599
    endloop
  endfacet
  facet normal -0.9659258262890684 0 0.2588190451025205
    outer loop
      vertex 21.75316954888546 0 13.572949016875157
      vertex 21.834442802201416 3 13.876264927546721
      vertex 21.75316954888546 3 13.572949016875157
    endloop
  endfacet
  facet normal -0.9876883405951391 -7.400734556339219e-19 0.15643446504022288
    outer loop
      vertex 21.834442802201416 0 13.876264927546721
      vertex 21.883565686104816 0 14.18641461019704
      vertex 21.883565686104816 3 14.18641461019704
    endloop
  endfacet
  facet normal -0.9986295347545735 -2.1709174724150924e-19 0.05233595624295079
    outer loop
      vertex 21.883565686104816 0 14.18641461019704
      vertex 21.9 0 14.5
      vertex 21.9 3 14.5
    endloop
  endfacet
  facet normal -0.9876883405951391 0 0.15643446504022288
    outer loop
      vertex 21.834442802201416 0 13.876264927546721
      vertex 21.883565686104816 3 14.18641461019704
      vertex 21.834442802201416 3 13.876264927546721
    endloop
  endfacet
  facet normal -0.9986295347545735 0 0.05233595624295079
    outer loop
      vertex 21.883565686104816 0 14.18641461019704
      vertex 21.9 3 14.5
      vertex 21.883565686104816 3 14.18641461019704
    endloop
  endfacet
  facet normal -1 0 0
    outer loop
      vertex 21.9 0 14.5
      vertex 21.9 3 26.5
      vertex 21.9 3 14.5
    endloop
  endfacet
  facet normal -1 0 0
    outer loop
      vertex 21.9 0 14.5
      vertex 21.9 0 26.5
      vertex 21.9 3 26.5
    endloop
  endfacet
  facet normal 0.9986295347545737 0 -0.05233595624294514
    outer loop
      vertex 3.9000000000000004 0 26.5
      vertex 3.9000000000000004 3 26.5
      vertex 3.9164343138951807 0 26.81358538980296
    endloop
  endfacet
  facet normal 0.9876883405951381 0 -0.1564344650402284
    outer loop
      vertex 3.9164343138951807 0 26.81358538980296
      vertex 3.9164343138951807 3 26.81358538980296
      vertex 3.9655571977985833 0 27.12373507245328
    endloop
  endfacet
  facet normal 0.9986295347545737 0 -0.05233595624294514
    outer loop
      vertex 3.9164343138951807 0 26.81358538980296
      vertex 3.9000000000000004 3 26.5
      vertex 3.9164343138951807 3 26.81358538980296
    endloop
  endfacet
  facet normal 0.9876883405951381 0 -0.1564344650402284
    outer loop
      vertex 3.9655571977985833 0 27.12373507245328
      vertex 3.9164343138951807 3 26.81358538980296
      vertex 3.9655571977985833 3 27.12373507245328
    endloop
  endfacet
  facet normal 0.9659258262890684 0 -0.2588190451025205
    outer loop
      vertex 3.9655571977985833 0 27.12373507245328
      vertex 3.9655571977985833 3 27.12373507245328
      vertex 4.046830451114539 0 27.427050983124843
    endloop
  endfacet
  facet normal 0.9335804264972014 0 -0.35836794954530105
    outer loop
      vertex 4.046830451114539 0 27.427050983124843
      vertex 4.046830451114539 3 27.427050983124843
      vertex 4.159363627072198 0 27.7202099292274
    endloop
  endfacet
  facet normal 0.8910065241883673 0 -0.4539904997395476
    outer loop
      vertex 4.159363627072198 0 27.7202099292274
      vertex 4.159363627072198 3 27.7202099292274
      vertex 4.301923788646684 0 28
    endloop
  endfacet
  facet normal 0.9659258262890684 0 -0.2588190451025205
    outer loop
      vertex 4.046830451114539 0 27.427050983124843
      vertex 3.9655571977985833 3 27.12373507245328
      vertex 4.046830451114539 3 27.427050983124843
    endloop
  endfacet
  facet normal 0.9335804264972014 0 -0.35836794954530105
    outer loop
      vertex 4.159363627072198 0 27.7202099292274
      vertex 4.046830451114539 3 27.427050983124843
      vertex 4.159363627072198 3 27.7202099292274
    endloop
  endfacet
  facet normal 0.8386705679454247 0 -0.5446390350150261
    outer loop
      vertex 4.301923788646684 0 28
      vertex 4.301923788646684 3 28
      vertex 4.472949016875158 0 28.26335575687742
    endloop
  endfacet
  facet normal 0.7771459614569692 0 -0.6293203910498395
    outer loop
      vertex 4.472949016875158 0 28.26335575687742
      vertex 4.472949016875158 3 28.26335575687742
      vertex 4.670565523567817 0 28.507391819076574
    endloop
  endfacet
  facet normal 0.8910065241883673 2.75503106118387e-18 -0.4539904997395476
    outer loop
      vertex 4.159363627072198 3 27.7202099292274
      vertex 4.301923788646684 3 28
      vertex 4.301923788646684 0 28
    endloop
  endfacet
  facet normal 0.8386705679454247 0 -0.5446390350150261
    outer loop
      vertex 4.472949016875158 0 28.26335575687742
      vertex 4.301923788646684 3 28
      vertex 4.472949016875158 3 28.26335575687742
    endloop
  endfacet
  facet normal 0.7771459614569692 6.549299026013202e-19 -0.6293203910498395
    outer loop
      vertex 4.472949016875158 3 28.26335575687742
      vertex 4.670565523567817 3 28.507391819076574
      vertex 4.670565523567817 0 28.507391819076574
    endloop
  endfacet
  facet normal 0.7071067811865476 0 -0.7071067811865476
    outer loop
      vertex 4.670565523567817 0 28.507391819076574
      vertex 4.670565523567817 3 28.507391819076574
      vertex 4.892608180923426 0 28.729434476432182
    endloop
  endfacet
  facet normal 0.62932039104984 0 -0.7771459614569687
    outer loop
      vertex 4.892608180923426 0 28.729434476432182
      vertex 4.892608180923426 3 28.729434476432182
      vertex 5.136644243122581 0 28.927050983124843
    endloop
  endfacet
  facet normal 0.5446390350150253 0 -0.8386705679454252
    outer loop
      vertex 5.136644243122581 0 28.927050983124843
      vertex 5.136644243122581 3 28.927050983124843
      vertex 5.4 0 29.098076211353316
    endloop
  endfacet
  facet normal 0.7071067811865476 0 -0.7071067811865476
    outer loop
      vertex 4.892608180923426 0 28.729434476432182
      vertex 4.670565523567817 3 28.507391819076574
      vertex 4.892608180923426 3 28.729434476432182
    endloop
  endfacet
  facet normal 0.62932039104984 0 -0.7771459614569687
    outer loop
      vertex 5.136644243122581 0 28.927050983124843
      vertex 4.892608180923426 3 28.729434476432182
      vertex 5.136644243122581 3 28.927050983124843
    endloop
  endfacet
  facet normal 0.5446390350150253 0 -0.8386705679454252
    outer loop
      vertex 5.4 0 29.098076211353316
      vertex 5.136644243122581 3 28.927050983124843
      vertex 5.4 3 29.098076211353316
    endloop
  endfacet
  facet normal 0.45399049973954647 0 -0.891006524188368
    outer loop
      vertex 5.4 0 29.098076211353316
      vertex 5.4 3 29.098076211353316
      vertex 5.6797900707726 0 29.240636372927803
    endloop
  endfacet
  facet normal 0.35836794954530105 0 -0.9335804264972014
    outer loop
      vertex 5.6797900707726 0 29.240636372927803
      vertex 5.6797900707726 3 29.240636372927803
      vertex 5.972949016875158 0 29.35316954888546
    endloop
  endfacet
  facet normal 0.45399049973954647 0 -0.891006524188368
    outer loop
      vertex 5.6797900707726 0 29.240636372927803
      vertex 5.4 3 29.098076211353316
      vertex 5.6797900707726 3 29.240636372927803
    endloop
  endfacet
  facet normal 0.35836794954530105 0 -0.9335804264972014
    outer loop
      vertex 5.972949016875158 0 29.35316954888546
      vertex 5.6797900707726 3 29.240636372927803
      vertex 5.972949016875158 3 29.35316954888546
    endloop
  endfacet
  facet normal 0.2588190451025205 0 -0.9659258262890684
    outer loop
      vertex 5.972949016875158 0 29.35316954888546
      vertex 5.972949016875158 3 29.35316954888546
      vertex 6.276264927546722 0 29.434442802201417
    endloop
  endfacet
  facet normal 0.2588190451025205 -9.103038467489617e-19 -0.9659258262890684
    outer loop
      vertex 5.972949016875158 3 29.35316954888546
      vertex 6.276264927546722 3 29.434442802201417
      vertex 6.276264927546722 0 29.434442802201417
    endloop
  endfacet
  facet normal 0.15643446504022374 0 -0.9876883405951389
    outer loop
      vertex 6.276264927546722 0 29.434442802201417
      vertex 6.276264927546722 3 29.434442802201417
      vertex 6.58641461019704 0 29.483565686104818
    endloop
  endfacet
  facet normal 0.052335956242950635 0 -0.9986295347545735
    outer loop
      vertex 6.58641461019704 0 29.483565686104818
      vertex 6.58641461019704 3 29.483565686104818
      vertex 6.9 0 29.5
    endloop
  endfacet
  facet normal 0.15643446504022374 0 -0.9876883405951389
    outer loop
      vertex 6.58641461019704 0 29.483565686104818
      vertex 6.276264927546722 3 29.434442802201417
      vertex 6.58641461019704 3 29.483565686104818
    endloop
  endfacet
  facet normal 0.052335956242950635 0 -0.9986295347545735
    outer loop
      vertex 6.9 0 29.5
      vertex 6.58641461019704 3 29.483565686104818
      vertex 6.9 3 29.5
    endloop
  endfacet
  facet normal 0 0 -1
    outer loop
      vertex 6.9 0 29.5
      vertex 6.9 3 29.5
      vertex 18.9 0 29.5
    endloop
  endfacet
  facet normal -0.8910065241883673 0 -0.4539904997395476
    outer loop
      vertex 21.6406363729278 0 27.7202099292274
      vertex 21.498076211353315 3 28
      vertex 21.6406363729278 3 27.7202099292274
    endloop
  endfacet
  facet normal -0.35836794954530105 0 -0.9335804264972014
    outer loop
      vertex 19.827050983124842 0 29.35316954888546
      vertex 19.827050983124842 3 29.35316954888546
      vertex 20.1202099292274 0 29.240636372927803
    endloop
  endfacet
  facet normal -0.35836794954530105 -8.221001381439293e-19 -0.9335804264972014
    outer loop
      vertex 19.827050983124842 3 29.35316954888546
      vertex 20.1202099292274 3 29.240636372927803
      vertex 20.1202099292274 0 29.240636372927803
    endloop
  endfacet
  facet normal -0.8910065241883673 -2.75503106118387e-18 -0.4539904997395476
    outer loop
      vertex 21.6406363729278 0 27.7202099292274
      vertex 21.498076211353315 0 28
      vertex 21.498076211353315 3 28
    endloop
  endfacet
  facet normal -0.8386705679454259 -2.3524662122734054e-18 -0.5446390350150241
    outer loop
      vertex 21.498076211353315 0 28
      vertex 21.327050983124842 0 28.26335575687742
      vertex 21.327050983124842 3 28.26335575687742
    endloop
  endfacet
  facet normal -0.7771459614569663 3.225117456358955e-18 -0.6293203910498428
    outer loop
      vertex 21.327050983124842 0 28.26335575687742
      vertex 21.12943447643218 0 28.507391819076574
      vertex 21.12943447643218 3 28.507391819076574
    endloop
  endfacet
  facet normal -0.8386705679454259 0 -0.5446390350150241
    outer loop
      vertex 21.498076211353315 0 28
      vertex 21.327050983124842 3 28.26335575687742
      vertex 21.498076211353315 3 28
    endloop
  endfacet
  facet normal -0.7771459614569663 0 -0.6293203910498428
    outer loop
      vertex 21.327050983124842 0 28.26335575687742
      vertex 21.12943447643218 3 28.507391819076574
      vertex 21.327050983124842 3 28.26335575687742
    endloop
  endfacet
  facet normal -0.7071067811865476 0 -0.7071067811865476
    outer loop
      vertex 21.12943447643218 0 28.507391819076574
      vertex 20.907391819076572 3 28.729434476432182
      vertex 21.12943447643218 3 28.507391819076574
    endloop
  endfacet
  facet normal -0.6293203910498485 0 -0.777145961456962
    outer loop
      vertex 20.663355756877422 0 28.927050983124843
      vertex 20.663355756877422 3 28.927050983124843
      vertex 20.907391819076572 0 28.729434476432182
    endloop
  endfacet
  facet normal -0.5446390350150189 8.522519344514868e-19 -0.8386705679454293
    outer loop
      vertex 20.663355756877422 0 28.927050983124843
      vertex 20.4 0 29.098076211353316
      vertex 20.4 3 29.098076211353316
    endloop
  endfacet
  facet normal -0.4539904997395476 -2.75503106118387e-18 -0.8910065241883673
    outer loop
      vertex 20.4 0 29.098076211353316
      vertex 20.1202099292274 0 29.240636372927803
      vertex 20.1202099292274 3 29.240636372927803
    endloop
  endfacet
  facet normal -0.6293203910498485 0 -0.777145961456962
    outer loop
      vertex 20.907391819076572 0 28.729434476432182
      vertex 20.663355756877422 3 28.927050983124843
      vertex 20.907391819076572 3 28.729434476432182
    endloop
  endfacet
  facet normal -0.5446390350150189 0 -0.8386705679454293
    outer loop
      vertex 20.663355756877422 0 28.927050983124843
      vertex 20.4 3 29.098076211353316
      vertex 20.663355756877422 3 28.927050983124843
    endloop
  endfacet
  facet normal -0.4539904997395476 0 -0.8910065241883673
    outer loop
      vertex 20.4 0 29.098076211353316
      vertex 20.1202099292274 3 29.240636372927803
      vertex 20.4 3 29.098076211353316
    endloop
  endfacet
  facet normal -0.7071067811865476 -2.6473444597454152e-18 -0.7071067811865476
    outer loop
      vertex 21.12943447643218 0 28.507391819076574
      vertex 20.907391819076572 0 28.729434476432182
      vertex 20.907391819076572 3 28.729434476432182
    endloop
  endfacet
  facet normal -0.9986295347545735 2.1709174724150924e-19 -0.05233595624295079
    outer loop
      vertex 21.9 0 26.5
      vertex 21.883565686104816 0 26.81358538980296
      vertex 21.883565686104816 3 26.81358538980296
    endloop
  endfacet
  facet normal -0.9876883405951391 7.400734556339219e-19 -0.15643446504022288
    outer loop
      vertex 21.883565686104816 0 26.81358538980296
      vertex 21.834442802201416 0 27.12373507245328
      vertex 21.834442802201416 3 27.12373507245328
    endloop
  endfacet
  facet normal -0.9986295347545735 0 -0.05233595624295079
    outer loop
      vertex 21.9 0 26.5
      vertex 21.883565686104816 3 26.81358538980296
      vertex 21.9 3 26.5
    endloop
  endfacet
  facet normal -0.9876883405951391 0 -0.15643446504022288
    outer loop
      vertex 21.883565686104816 0 26.81358538980296
      vertex 21.834442802201416 3 27.12373507245328
      vertex 21.883565686104816 3 26.81358538980296
    endloop
  endfacet
  facet normal -0.9659258262890684 9.103038467489617e-19 -0.2588190451025205
    outer loop
      vertex 21.834442802201416 0 27.12373507245328
      vertex 21.75316954888546 0 27.427050983124843
      vertex 21.75316954888546 3 27.427050983124843
    endloop
  endfacet
  facet normal -0.9335804264972014 0 -0.35836794954530105
    outer loop
      vertex 21.6406363729278 0 27.7202099292274
      vertex 21.6406363729278 3 27.7202099292274
      vertex 21.75316954888546 0 27.427050983124843
    endloop
  endfacet
  facet normal -0.9659258262890684 0 -0.2588190451025205
    outer loop
      vertex 21.834442802201416 0 27.12373507245328
      vertex 21.75316954888546 3 27.427050983124843
      vertex 21.834442802201416 3 27.12373507245328
    endloop
  endfacet
  facet normal -0.9335804264972014 -8.221001381439293e-19 -0.35836794954530105
    outer loop
      vertex 21.6406363729278 3 27.7202099292274
      vertex 21.75316954888546 3 27.427050983124843
      vertex 21.75316954888546 0 27.427050983124843
    endloop
  endfacet
  facet normal 0 0 -1
    outer loop
      vertex 6.9 3 29.5
      vertex 18.9 3 29.5
      vertex 18.9 0 29.5
    endloop
  endfacet
  facet normal -0.05233595624295019 0 -0.9986295347545735
    outer loop
      vertex 18.9 0 29.5
      vertex 18.9 3 29.5
      vertex 19.21358538980296 0 29.483565686104818
    endloop
  endfacet
  facet normal -0.1564344650402246 0 -0.9876883405951387
    outer loop
      vertex 19.21358538980296 0 29.483565686104818
      vertex 19.21358538980296 3 29.483565686104818
      vertex 19.523735072453277 0 29.434442802201417
    endloop
  endfacet
  facet normal -0.05233595624295019 0 -0.9986295347545735
    outer loop
      vertex 19.21358538980296 0 29.483565686104818
      vertex 18.9 3 29.5
      vertex 19.21358538980296 3 29.483565686104818
    endloop
  endfacet
  facet normal -0.2588190451025205 9.103038467489617e-19 -0.9659258262890684
    outer loop
      vertex 19.827050983124842 0 29.35316954888546
      vertex 19.523735072453277 0 29.434442802201417
      vertex 19.523735072453277 3 29.434442802201417
    endloop
  endfacet
  facet normal -0.1564344650402246 0 -0.9876883405951387
    outer loop
      vertex 19.523735072453277 0 29.434442802201417
      vertex 19.21358538980296 3 29.483565686104818
      vertex 19.523735072453277 3 29.434442802201417
    endloop
  endfacet
  facet normal -0.2588190451025205 0 -0.9659258262890684
    outer loop
      vertex 19.827050983124842 0 29.35316954888546
      vertex 19.523735072453277 3 29.434442802201417
      vertex 19.827050983124842 3 29.35316954888546
    endloop
  endfacet
  facet normal 0.35836794954530105 0 0.9335804264972014
    outer loop
      vertex 5.972949016875158 96 11.646830451114539
      vertex 5.972949016875158 99 11.646830451114539
      vertex 5.6797900707726 96 11.759363627072197
    endloop
  endfacet
  facet normal 0.2588190451025205 9.103038467489617e-19 0.9659258262890684
    outer loop
      vertex 5.972949016875158 96 11.646830451114539
      vertex 6.276264927546722 96 11.565557197798583
      vertex 6.276264927546722 99 11.565557197798583
    endloop
  endfacet
  facet normal 0.35836794954530105 -8.221001381439293e-19 0.9335804264972014
    outer loop
      vertex 5.972949016875158 99 11.646830451114539
      vertex 5.6797900707726 99 11.759363627072197
      vertex 5.6797900707726 96 11.759363627072197
    endloop
  endfacet
  facet normal 0.2588190451025205 0 0.9659258262890684
    outer loop
      vertex 5.972949016875158 96 11.646830451114539
      vertex 6.276264927546722 99 11.565557197798583
      vertex 5.972949016875158 99 11.646830451114539
    endloop
  endfacet
  facet normal 0.15643446504022926 2.0340063457924464e-19 0.987688340595138
    outer loop
      vertex 6.276264927546722 96 11.565557197798583
      vertex 6.58641461019704 96 11.51643431389518
      vertex 6.58641461019704 99 11.51643431389518
    endloop
  endfacet
  facet normal 0.05233595624294499 -3.407348729481379e-19 0.9986295347545737
    outer loop
      vertex 6.58641461019704 96 11.51643431389518
      vertex 6.9 96 11.5
      vertex 6.9 99 11.5
    endloop
  endfacet
  facet normal 0.15643446504022926 0 0.987688340595138
    outer loop
      vertex 6.276264927546722 96 11.565557197798583
      vertex 6.58641461019704 99 11.51643431389518
      vertex 6.276264927546722 99 11.565557197798583
    endloop
  endfacet
  facet normal 0.05233595624294499 0 0.9986295347545737
    outer loop
      vertex 6.58641461019704 96 11.51643431389518
      vertex 6.9 99 11.5
      vertex 6.58641461019704 99 11.51643431389518
    endloop
  endfacet
  facet normal 0 0 1
    outer loop
      vertex 6.9 96 11.5
      vertex 18.9 99 11.5
      vertex 6.9 99 11.5
    endloop
  endfacet
  facet normal 0 0 1
    outer loop
      vertex 6.9 96 11.5
      vertex 18.9 96 11.5
      vertex 18.9 99 11.5
    endloop
  endfacet
  facet normal -0.052335956242944556 -1.3231976669645214e-19 0.9986295347545738
    outer loop
      vertex 18.9 96 11.5
      vertex 19.21358538980296 96 11.51643431389518
      vertex 19.21358538980296 99 11.51643431389518
    endloop
  endfacet
  facet normal -0.052335956242944556 0 0.9986295347545738
    outer loop
      vertex 18.9 96 11.5
      vertex 19.21358538980296 99 11.51643431389518
      vertex 18.9 99 11.5
    endloop
  endfacet
  facet normal -0.15643446504023015 0 0.9876883405951379
    outer loop
      vertex 19.21358538980296 96 11.51643431389518
      vertex 19.523735072453277 99 11.565557197798583
      vertex 19.21358538980296 99 11.51643431389518
    endloop
  endfacet
  facet normal -0.15643446504023015 -7.592082280377205e-19 0.9876883405951379
    outer loop
      vertex 19.21358538980296 96 11.51643431389518
      vertex 19.523735072453277 96 11.565557197798583
      vertex 19.523735072453277 99 11.565557197798583
    endloop
  endfacet
  facet normal -0.2588190451025205 -9.103038467489617e-19 0.9659258262890684
    outer loop
      vertex 19.523735072453277 96 11.565557197798583
      vertex 19.827050983124842 96 11.646830451114539
      vertex 19.827050983124842 99 11.646830451114539
    endloop
  endfacet
  facet normal -0.35836794954530105 8.221001381439293e-19 0.9335804264972014
    outer loop
      vertex 19.827050983124842 96 11.646830451114539
      vertex 20.1202099292274 96 11.759363627072197
      vertex 20.1202099292274 99 11.759363627072197
    endloop
  endfacet
  facet normal -0.2588190451025205 0 0.9659258262890684
    outer loop
      vertex 19.523735072453277 96 11.565557197798583
      vertex 19.827050983124842 99 11.646830451114539
      vertex 19.523735072453277 99 11.565557197798583
    endloop
  endfacet
  facet normal -0.35836794954530105 0 0.9335804264972014
    outer loop
      vertex 19.827050983124842 96 11.646830451114539
      vertex 20.1202099292274 99 11.759363627072197
      vertex 19.827050983124842 99 11.646830451114539
    endloop
  endfacet
  facet normal 0.7771459614569692 -6.549299026013202e-19 0.6293203910498395
    outer loop
      vertex 4.472949016875158 96 12.73664424312258
      vertex 4.670565523567817 96 12.492608180923426
      vertex 4.670565523567817 99 12.492608180923426
    endloop
  endfacet
  facet normal 0.8386705679454247 0 0.5446390350150261
    outer loop
      vertex 4.472949016875158 96 12.73664424312258
      vertex 4.472949016875158 99 12.73664424312258
      vertex 4.301923788646684 96 13
    endloop
  endfacet
  facet normal 0.8910065241883673 0 0.4539904997395476
    outer loop
      vertex 4.301923788646684 96 13
      vertex 4.301923788646684 99 13
      vertex 4.159363627072198 96 13.279790070772599
    endloop
  endfacet
  facet normal 0.7771459614569692 0 0.6293203910498395
    outer loop
      vertex 4.472949016875158 96 12.73664424312258
      vertex 4.670565523567817 99 12.492608180923426
      vertex 4.472949016875158 99 12.73664424312258
    endloop
  endfacet
  facet normal 0.8910065241883673 -2.75503106118387e-18 0.4539904997395476
    outer loop
      vertex 4.301923788646684 99 13
      vertex 4.159363627072198 99 13.279790070772599
      vertex 4.159363627072198 96 13.279790070772599
    endloop
  endfacet
  facet normal 0.8386705679454247 0 0.5446390350150261
    outer loop
      vertex 4.301923788646684 96 13
      vertex 4.472949016875158 99 12.73664424312258
      vertex 4.301923788646684 99 13
    endloop
  endfacet
  facet normal 0.5446390350150253 0 0.8386705679454252
    outer loop
      vertex 5.4 96 11.901923788646684
      vertex 5.4 99 11.901923788646684
      vertex 5.136644243122581 96 12.072949016875157
    endloop
  endfacet
  facet normal 0.7071067811865476 0 0.7071067811865476
    outer loop
      vertex 4.892608180923426 96 12.270565523567818
      vertex 4.892608180923426 99 12.270565523567818
      vertex 4.670565523567817 96 12.492608180923426
    endloop
  endfacet
  facet normal 0.62932039104984 0 0.7771459614569687
    outer loop
      vertex 5.136644243122581 96 12.072949016875157
      vertex 5.136644243122581 99 12.072949016875157
      vertex 4.892608180923426 96 12.270565523567818
    endloop
  endfacet
  facet normal 0.5446390350150253 0 0.8386705679454252
    outer loop
      vertex 5.136644243122581 96 12.072949016875157
      vertex 5.4 99 11.901923788646684
      vertex 5.136644243122581 99 12.072949016875157
    endloop
  endfacet
  facet normal 0.62932039104984 0 0.7771459614569687
    outer loop
      vertex 4.892608180923426 96 12.270565523567818
      vertex 5.136644243122581 99 12.072949016875157
      vertex 4.892608180923426 99 12.270565523567818
    endloop
  endfacet
  facet normal 0.7071067811865476 0 0.7071067811865476
    outer loop
      vertex 4.670565523567817 96 12.492608180923426
      vertex 4.892608180923426 99 12.270565523567818
      vertex 4.670565523567817 99 12.492608180923426
    endloop
  endfacet
  facet normal 0.45399049973954647 2.786225349591859e-18 0.891006524188368
    outer loop
      vertex 5.4 96 11.901923788646684
      vertex 5.6797900707726 96 11.759363627072197
      vertex 5.6797900707726 99 11.759363627072197
    endloop
  endfacet
  facet normal 0.45399049973954647 0 0.891006524188368
    outer loop
      vertex 5.4 96 11.901923788646684
      vertex 5.6797900707726 99 11.759363627072197
      vertex 5.4 99 11.901923788646684
    endloop
  endfacet
  facet normal 0.9335804264972014 0 0.35836794954530105
    outer loop
      vertex 4.159363627072198 96 13.279790070772599
      vertex 4.159363627072198 99 13.279790070772599
      vertex 4.046830451114539 96 13.572949016875157
    endloop
  endfacet
  facet normal 0.9659258262890684 0 0.2588190451025205
    outer loop
      vertex 4.046830451114539 96 13.572949016875157
      vertex 4.046830451114539 99 13.572949016875157
      vertex 3.9655571977985833 96 13.876264927546721
    endloop
  endfacet
  facet normal 0.9335804264972014 0 0.35836794954530105
    outer loop
      vertex 4.046830451114539 96 13.572949016875157
      vertex 4.159363627072198 99 13.279790070772599
      vertex 4.046830451114539 99 13.572949016875157
    endloop
  endfacet
  facet normal 0.9659258262890684 0 0.2588190451025205
    outer loop
      vertex 3.9655571977985833 96 13.876264927546721
      vertex 4.046830451114539 99 13.572949016875157
      vertex 3.9655571977985833 99 13.876264927546721
    endloop
  endfacet
  facet normal 0.9876883405951381 0 0.1564344650402284
    outer loop
      vertex 3.9655571977985833 96 13.876264927546721
      vertex 3.9655571977985833 99 13.876264927546721
      vertex 3.9164343138951807 96 14.18641461019704
    endloop
  endfacet
  facet normal 0.9986295347545737 0 0.05233595624294514
    outer loop
      vertex 3.9164343138951807 96 14.18641461019704
      vertex 3.9164343138951807 99 14.18641461019704
      vertex 3.9000000000000004 96 14.5
    endloop
  endfacet
  facet normal 0.9876883405951381 0 0.1564344650402284
    outer loop
      vertex 3.9164343138951807 96 14.18641461019704
      vertex 3.9655571977985833 99 13.876264927546721
      vertex 3.9164343138951807 99 14.18641461019704
    endloop
  endfacet
  facet normal 0.9986295347545737 0 0.05233595624294514
    outer loop
      vertex 3.9000000000000004 96 14.5
      vertex 3.9164343138951807 99 14.18641461019704
      vertex 3.9000000000000004 99 14.5
    endloop
  endfacet
  facet normal 1 0 0
    outer loop
      vertex 3.9000000000000004 96 14.5
      vertex 3.9000000000000004 99 14.5
      vertex 3.9000000000000004 96 26.5
    endloop
  endfacet
  facet normal 1 0 0
    outer loop
      vertex 3.9000000000000004 99 14.5
      vertex 3.9000000000000004 99 26.5
      vertex 3.9000000000000004 96 26.5
    endloop
  endfacet
  facet normal -0.4539904997395476 2.75503106118387e-18 0.8910065241883673
    outer loop
      vertex 20.1202099292274 96 11.759363627072197
      vertex 20.4 96 11.901923788646684
      vertex 20.4 99 11.901923788646684
    endloop
  endfacet
  facet normal -0.5446390350150189 -8.522519344514868e-19 0.8386705679454293
    outer loop
      vertex 20.4 96 11.901923788646684
      vertex 20.663355756877422 96 12.072949016875157
      vertex 20.663355756877422 99 12.072949016875157
    endloop
  endfacet
  facet normal -0.6293203910498485 2.817373450663059e-18 0.777145961456962
    outer loop
      vertex 20.663355756877422 96 12.072949016875157
      vertex 20.907391819076572 96 12.270565523567818
      vertex 20.907391819076572 99 12.270565523567818
    endloop
  endfacet
  facet normal -0.4539904997395476 0 0.8910065241883673
    outer loop
      vertex 20.1202099292274 96 11.759363627072197
      vertex 20.4 99 11.901923788646684
      vertex 20.1202099292274 99 11.759363627072197
    endloop
  endfacet
  facet normal -0.5446390350150189 0 0.8386705679454293
    outer loop
      vertex 20.4 96 11.901923788646684
      vertex 20.663355756877422 99 12.072949016875157
      vertex 20.4 99 11.901923788646684
    endloop
  endfacet
  facet normal -0.6293203910498485 0 0.777145961456962
    outer loop
      vertex 20.663355756877422 96 12.072949016875157
      vertex 20.907391819076572 99 12.270565523567818
      vertex 20.663355756877422 99 12.072949016875157
    endloop
  endfacet
  facet normal -0.7071067811865476 2.6473444597454152e-18 0.7071067811865476
    outer loop
      vertex 20.907391819076572 96 12.270565523567818
      vertex 21.12943447643218 96 12.492608180923426
      vertex 21.12943447643218 99 12.492608180923426
    endloop
  endfacet
  facet normal -0.7071067811865476 0 0.7071067811865476
    outer loop
      vertex 20.907391819076572 96 12.270565523567818
      vertex 21.12943447643218 99 12.492608180923426
      vertex 20.907391819076572 99 12.270565523567818
    endloop
  endfacet
  facet normal -0.7771459614569663 -3.225117456358955e-18 0.6293203910498428
    outer loop
      vertex 21.12943447643218 96 12.492608180923426
      vertex 21.327050983124842 96 12.73664424312258
      vertex 21.327050983124842 99 12.73664424312258
    endloop
  endfacet
  facet normal -0.8386705679454259 2.3524662122734054e-18 0.5446390350150241
    outer loop
      vertex 21.327050983124842 96 12.73664424312258
      vertex 21.498076211353315 96 13
      vertex 21.498076211353315 99 13
    endloop
  endfacet
  facet normal -0.8910065241883673 2.75503106118387e-18 0.4539904997395476
    outer loop
      vertex 21.498076211353315 96 13
      vertex 21.6406363729278 96 13.279790070772599
      vertex 21.6406363729278 99 13.279790070772599
    endloop
  endfacet
  facet normal -0.7771459614569663 0 0.6293203910498428
    outer loop
      vertex 21.12943447643218 96 12.492608180923426
      vertex 21.327050983124842 99 12.73664424312258
      vertex 21.12943447643218 99 12.492608180923426
    endloop
  endfacet
  facet normal -0.8386705679454259 0 0.5446390350150241
    outer loop
      vertex 21.327050983124842 96 12.73664424312258
      vertex 21.498076211353315 99 13
      vertex 21.327050983124842 99 12.73664424312258
    endloop
  endfacet
  facet normal -0.8910065241883673 0 0.4539904997395476
    outer loop
      vertex 21.498076211353315 96 13
      vertex 21.6406363729278 99 13.279790070772599
      vertex 21.498076211353315 99 13
    endloop
  endfacet
  facet normal -0.9335804264972014 8.221001381439293e-19 0.35836794954530105
    outer loop
      vertex 21.6406363729278 96 13.279790070772599
      vertex 21.75316954888546 96 13.572949016875157
      vertex 21.75316954888546 99 13.572949016875157
    endloop
  endfacet
  facet normal -0.9659258262890684 -9.103038467489617e-19 0.2588190451025205
    outer loop
      vertex 21.75316954888546 96 13.572949016875157
      vertex 21.834442802201416 96 13.876264927546721
      vertex 21.834442802201416 99 13.876264927546721
    endloop
  endfacet
  facet normal -0.9335804264972014 0 0.35836794954530105
    outer loop
      vertex 21.6406363729278 96 13.279790070772599
      vertex 21.75316954888546 99 13.572949016875157
      vertex 21.6406363729278 99 13.279790070772599
    endloop
  endfacet
  facet normal -0.9659258262890684 0 0.2588190451025205
    outer loop
      vertex 21.75316954888546 96 13.572949016875157
      vertex 21.834442802201416 99 13.876264927546721
      vertex 21.75316954888546 99 13.572949016875157
    endloop
  endfacet
  facet normal -0.9876883405951391 -7.400734556339219e-19 0.15643446504022288
    outer loop
      vertex 21.834442802201416 96 13.876264927546721
      vertex 21.883565686104816 96 14.18641461019704
      vertex 21.883565686104816 99 14.18641461019704
    endloop
  endfacet
  facet normal -0.9986295347545735 -2.1709174724150924e-19 0.05233595624295079
    outer loop
      vertex 21.883565686104816 96 14.18641461019704
      vertex 21.9 96 14.5
      vertex 21.9 99 14.5
    endloop
  endfacet
  facet normal -0.9876883405951391 0 0.15643446504022288
    outer loop
      vertex 21.834442802201416 96 13.876264927546721
      vertex 21.883565686104816 99 14.18641461019704
      vertex 21.834442802201416 99 13.876264927546721
    endloop
  endfacet
  facet normal -0.9986295347545735 0 0.05233595624295079
    outer loop
      vertex 21.883565686104816 96 14.18641461019704
      vertex 21.9 99 14.5
      vertex 21.883565686104816 99 14.18641461019704
    endloop
  endfacet
  facet normal -1 0 0
    outer loop
      vertex 21.9 96 14.5
      vertex 21.9 99 26.5
      vertex 21.9 99 14.5
    endloop
  endfacet
  facet normal -1 0 0
    outer loop
      vertex 21.9 96 14.5
      vertex 21.9 96 26.5
      vertex 21.9 99 26.5
    endloop
  endfacet
  facet normal 0.9986295347545737 0 -0.05233595624294514
    outer loop
      vertex 3.9000000000000004 96 26.5
      vertex 3.9000000000000004 99 26.5
      vertex 3.9164343138951807 96 26.81358538980296
    endloop
  endfacet
  facet normal 0.9876883405951381 0 -0.1564344650402284
    outer loop
      vertex 3.9164343138951807 96 26.81358538980296
      vertex 3.9164343138951807 99 26.81358538980296
      vertex 3.9655571977985833 96 27.12373507245328
    endloop
  endfacet
  facet normal 0.9986295347545737 0 -0.05233595624294514
    outer loop
      vertex 3.9164343138951807 96 26.81358538980296
      vertex 3.9000000000000004 99 26.5
      vertex 3.9164343138951807 99 26.81358538980296
    endloop
  endfacet
  facet normal 0.9876883405951381 0 -0.1564344650402284
    outer loop
      vertex 3.9655571977985833 96 27.12373507245328
      vertex 3.9164343138951807 99 26.81358538980296
      vertex 3.9655571977985833 99 27.12373507245328
    endloop
  endfacet
  facet normal 0.9659258262890684 0 -0.2588190451025205
    outer loop
      vertex 3.9655571977985833 96 27.12373507245328
      vertex 3.9655571977985833 99 27.12373507245328
      vertex 4.046830451114539 96 27.427050983124843
    endloop
  endfacet
  facet normal 0.9335804264972014 0 -0.35836794954530105
    outer loop
      vertex 4.046830451114539 96 27.427050983124843
      vertex 4.046830451114539 99 27.427050983124843
      vertex 4.159363627072198 96 27.7202099292274
    endloop
  endfacet
  facet normal 0.8910065241883673 0 -0.4539904997395476
    outer loop
      vertex 4.159363627072198 96 27.7202099292274
      vertex 4.159363627072198 99 27.7202099292274
      vertex 4.301923788646684 96 28
    endloop
  endfacet
  facet normal 0.9659258262890684 0 -0.2588190451025205
    outer loop
      vertex 4.046830451114539 96 27.427050983124843
      vertex 3.9655571977985833 99 27.12373507245328
      vertex 4.046830451114539 99 27.427050983124843
    endloop
  endfacet
  facet normal 0.9335804264972014 0 -0.35836794954530105
    outer loop
      vertex 4.159363627072198 96 27.7202099292274
      vertex 4.046830451114539 99 27.427050983124843
      vertex 4.159363627072198 99 27.7202099292274
    endloop
  endfacet
  facet normal 0.8386705679454247 0 -0.5446390350150261
    outer loop
      vertex 4.301923788646684 96 28
      vertex 4.301923788646684 99 28
      vertex 4.472949016875158 96 28.26335575687742
    endloop
  endfacet
  facet normal 0.7771459614569692 0 -0.6293203910498395
    outer loop
      vertex 4.472949016875158 96 28.26335575687742
      vertex 4.472949016875158 99 28.26335575687742
      vertex 4.670565523567817 96 28.507391819076574
    endloop
  endfacet
  facet normal 0.8910065241883673 2.75503106118387e-18 -0.4539904997395476
    outer loop
      vertex 4.159363627072198 99 27.7202099292274
      vertex 4.301923788646684 99 28
      vertex 4.301923788646684 96 28
    endloop
  endfacet
  facet normal 0.8386705679454247 0 -0.5446390350150261
    outer loop
      vertex 4.472949016875158 96 28.26335575687742
      vertex 4.301923788646684 99 28
      vertex 4.472949016875158 99 28.26335575687742
    endloop
  endfacet
  facet normal 0.7771459614569692 6.549299026013202e-19 -0.6293203910498395
    outer loop
      vertex 4.472949016875158 99 28.26335575687742
      vertex 4.670565523567817 99 28.507391819076574
      vertex 4.670565523567817 96 28.507391819076574
    endloop
  endfacet
  facet normal 0.7071067811865476 0 -0.7071067811865476
    outer loop
      vertex 4.670565523567817 96 28.507391819076574
      vertex 4.670565523567817 99 28.507391819076574
      vertex 4.892608180923426 96 28.729434476432182
    endloop
  endfacet
  facet normal 0.62932039104984 0 -0.7771459614569687
    outer loop
      vertex 4.892608180923426 96 28.729434476432182
      vertex 4.892608180923426 99 28.729434476432182
      vertex 5.136644243122581 96 28.927050983124843
    endloop
  endfacet
  facet normal 0.5446390350150253 0 -0.8386705679454252
    outer loop
      vertex 5.136644243122581 96 28.927050983124843
      vertex 5.136644243122581 99 28.927050983124843
      vertex 5.4 96 29.098076211353316
    endloop
  endfacet
  facet normal 0.7071067811865476 0 -0.7071067811865476
    outer loop
      vertex 4.892608180923426 96 28.729434476432182
      vertex 4.670565523567817 99 28.507391819076574
      vertex 4.892608180923426 99 28.729434476432182
    endloop
  endfacet
  facet normal 0.62932039104984 0 -0.7771459614569687
    outer loop
      vertex 5.136644243122581 96 28.927050983124843
      vertex 4.892608180923426 99 28.729434476432182
      vertex 5.136644243122581 99 28.927050983124843
    endloop
  endfacet
  facet normal 0.5446390350150253 0 -0.8386705679454252
    outer loop
      vertex 5.4 96 29.098076211353316
      vertex 5.136644243122581 99 28.927050983124843
      vertex 5.4 99 29.098076211353316
    endloop
  endfacet
  facet normal 0.45399049973954647 0 -0.891006524188368
    outer loop
      vertex 5.4 96 29.098076211353316
      vertex 5.4 99 29.098076211353316
      vertex 5.6797900707726 96 29.240636372927803
    endloop
  endfacet
  facet normal 0.35836794954530105 0 -0.9335804264972014
    outer loop
      vertex 5.6797900707726 96 29.240636372927803
      vertex 5.6797900707726 99 29.240636372927803
      vertex 5.972949016875158 96 29.35316954888546
    endloop
  endfacet
  facet normal 0.45399049973954647 0 -0.891006524188368
    outer loop
      vertex 5.6797900707726 96 29.240636372927803
      vertex 5.4 99 29.098076211353316
      vertex 5.6797900707726 99 29.240636372927803
    endloop
  endfacet
  facet normal 0.35836794954530105 0 -0.9335804264972014
    outer loop
      vertex 5.972949016875158 96 29.35316954888546
      vertex 5.6797900707726 99 29.240636372927803
      vertex 5.972949016875158 99 29.35316954888546
    endloop
  endfacet
  facet normal 0.2588190451025205 0 -0.9659258262890684
    outer loop
      vertex 5.972949016875158 96 29.35316954888546
      vertex 5.972949016875158 99 29.35316954888546
      vertex 6.276264927546722 96 29.434442802201417
    endloop
  endfacet
  facet normal 0.2588190451025205 -9.103038467489617e-19 -0.9659258262890684
    outer loop
      vertex 5.972949016875158 99 29.35316954888546
      vertex 6.276264927546722 99 29.434442802201417
      vertex 6.276264927546722 96 29.434442802201417
    endloop
  endfacet
  facet normal 0.15643446504022374 0 -0.9876883405951389
    outer loop
      vertex 6.276264927546722 96 29.434442802201417
      vertex 6.276264927546722 99 29.434442802201417
      vertex 6.58641461019704 96 29.483565686104818
    endloop
  endfacet
  facet normal 0.052335956242950635 0 -0.9986295347545735
    outer loop
      vertex 6.58641461019704 96 29.483565686104818
      vertex 6.58641461019704 99 29.483565686104818
      vertex 6.9 96 29.5
    endloop
  endfacet
  facet normal 0.15643446504022374 0 -0.9876883405951389
    outer loop
      vertex 6.58641461019704 96 29.483565686104818
      vertex 6.276264927546722 99 29.434442802201417
      vertex 6.58641461019704 99 29.483565686104818
    endloop
  endfacet
  facet normal 0.052335956242950635 0 -0.9986295347545735
    outer loop
      vertex 6.9 96 29.5
      vertex 6.58641461019704 99 29.483565686104818
      vertex 6.9 99 29.5
    endloop
  endfacet
  facet normal 0 0 -1
    outer loop
      vertex 6.9 96 29.5
      vertex 6.9 99 29.5
      vertex 18.9 96 29.5
    endloop
  endfacet
  facet normal -0.8910065241883673 0 -0.4539904997395476
    outer loop
      vertex 21.6406363729278 96 27.7202099292274
      vertex 21.498076211353315 99 28
      vertex 21.6406363729278 99 27.7202099292274
    endloop
  endfacet
  facet normal -0.35836794954530105 0 -0.9335804264972014
    outer loop
      vertex 19.827050983124842 96 29.35316954888546
      vertex 19.827050983124842 99 29.35316954888546
      vertex 20.1202099292274 96 29.240636372927803
    endloop
  endfacet
  facet normal -0.35836794954530105 -8.221001381439293e-19 -0.9335804264972014
    outer loop
      vertex 19.827050983124842 99 29.35316954888546
      vertex 20.1202099292274 99 29.240636372927803
      vertex 20.1202099292274 96 29.240636372927803
    endloop
  endfacet
  facet normal -0.8910065241883673 -2.75503106118387e-18 -0.4539904997395476
    outer loop
      vertex 21.6406363729278 96 27.7202099292274
      vertex 21.498076211353315 96 28
      vertex 21.498076211353315 99 28
    endloop
  endfacet
  facet normal -0.8386705679454259 -2.3524662122734054e-18 -0.5446390350150241
    outer loop
      vertex 21.498076211353315 96 28
      vertex 21.327050983124842 96 28.26335575687742
      vertex 21.327050983124842 99 28.26335575687742
    endloop
  endfacet
  facet normal -0.7771459614569663 3.225117456358955e-18 -0.6293203910498428
    outer loop
      vertex 21.327050983124842 96 28.26335575687742
      vertex 21.12943447643218 96 28.507391819076574
      vertex 21.12943447643218 99 28.507391819076574
    endloop
  endfacet
  facet normal -0.8386705679454259 0 -0.5446390350150241
    outer loop
      vertex 21.498076211353315 96 28
      vertex 21.327050983124842 99 28.26335575687742
      vertex 21.498076211353315 99 28
    endloop
  endfacet
  facet normal -0.7771459614569663 0 -0.6293203910498428
    outer loop
      vertex 21.327050983124842 96 28.26335575687742
      vertex 21.12943447643218 99 28.507391819076574
      vertex 21.327050983124842 99 28.26335575687742
    endloop
  endfacet
  facet normal -0.7071067811865476 0 -0.7071067811865476
    outer loop
      vertex 21.12943447643218 96 28.507391819076574
      vertex 20.907391819076572 99 28.729434476432182
      vertex 21.12943447643218 99 28.507391819076574
    endloop
  endfacet
  facet normal -0.6293203910498485 0 -0.777145961456962
    outer loop
      vertex 20.663355756877422 96 28.927050983124843
      vertex 20.663355756877422 99 28.927050983124843
      vertex 20.907391819076572 96 28.729434476432182
    endloop
  endfacet
  facet normal -0.5446390350150189 8.522519344514868e-19 -0.8386705679454293
    outer loop
      vertex 20.663355756877422 96 28.927050983124843
      vertex 20.4 96 29.098076211353316
      vertex 20.4 99 29.098076211353316
    endloop
  endfacet
  facet normal -0.4539904997395476 -2.75503106118387e-18 -0.8910065241883673
    outer loop
      vertex 20.4 96 29.098076211353316
      vertex 20.1202099292274 96 29.240636372927803
      vertex 20.1202099292274 99 29.240636372927803
    endloop
  endfacet
  facet normal -0.6293203910498485 0 -0.777145961456962
    outer loop
      vertex 20.907391819076572 96 28.729434476432182
      vertex 20.663355756877422 99 28.927050983124843
      vertex 20.907391819076572 99 28.729434476432182
    endloop
  endfacet
  facet normal -0.5446390350150189 0 -0.8386705679454293
    outer loop
      vertex 20.663355756877422 96 28.927050983124843
      vertex 20.4 99 29.098076211353316
      vertex 20.663355756877422 99 28.927050983124843
    endloop
  endfacet
  facet normal -0.4539904997395476 0 -0.8910065241883673
    outer loop
      vertex 20.4 96 29.098076211353316
      vertex 20.1202099292274 99 29.240636372927803
      vertex 20.4 99 29.098076211353316
    endloop
  endfacet
  facet normal -0.7071067811865476 -2.6473444597454152e-18 -0.7071067811865476
    outer loop
      vertex 21.12943447643218 96 28.507391819076574
      vertex 20.907391819076572 96 28.729434476432182
      vertex 20.907391819076572 99 28.729434476432182
    endloop
  endfacet
  facet normal -0.9986295347545735 2.1709174724150924e-19 -0.05233595624295079
    outer loop
      vertex 21.9 96 26.5
      vertex 21.883565686104816 96 26.81358538980296
      vertex 21.883565686104816 99 26.81358538980296
    endloop
  endfacet
  facet normal -0.9876883405951391 7.400734556339219e-19 -0.15643446504022288
    outer loop
      vertex 21.883565686104816 96 26.81358538980296
      vertex 21.834442802201416 96 27.12373507245328
      vertex 21.834442802201416 99 27.12373507245328
    endloop
  endfacet
  facet normal -0.9986295347545735 0 -0.05233595624295079
    outer loop
      vertex 21.9 96 26.5
      vertex 21.883565686104816 99 26.81358538980296
      vertex 21.9 99 26.5
    endloop
  endfacet
  facet normal -0.9876883405951391 0 -0.15643446504022288
    outer loop
      vertex 21.883565686104816 96 26.81358538980296
      vertex 21.834442802201416 99 27.12373507245328
      vertex 21.883565686104816 99 26.81358538980296
    endloop
  endfacet
  facet normal -0.9659258262890684 9.103038467489617e-19 -0.2588190451025205
    outer loop
      vertex 21.834442802201416 96 27.12373507245328
      vertex 21.75316954888546 96 27.427050983124843
      vertex 21.75316954888546 99 27.427050983124843
    endloop
  endfacet
  facet normal -0.9335804264972014 0 -0.35836794954530105
    outer loop
      vertex 21.6406363729278 96 27.7202099292274
      vertex 21.6406363729278 99 27.7202099292274
      vertex 21.75316954888546 96 27.427050983124843
    endloop
  endfacet
  facet normal -0.9659258262890684 0 -0.2588190451025205
    outer loop
      vertex 21.834442802201416 96 27.12373507245328
      vertex 21.75316954888546 99 27.427050983124843
      vertex 21.834442802201416 99 27.12373507245328
    endloop
  endfacet
  facet normal -0.9335804264972014 -8.221001381439293e-19 -0.35836794954530105
    outer loop
      vertex 21.6406363729278 99 27.7202099292274
      vertex 21.75316954888546 99 27.427050983124843
      vertex 21.75316954888546 96 27.427050983124843
    endloop
  endfacet
  facet normal 0 0 -1
    outer loop
      vertex 6.9 99 29.5
      vertex 18.9 99 29.5
      vertex 18.9 96 29.5
    endloop
  endfacet
  facet normal -0.05233595624295019 0 -0.9986295347545735
    outer loop
      vertex 18.9 96 29.5
      vertex 18.9 99 29.5
      vertex 19.21358538980296 96 29.483565686104818
    endloop
  endfacet
  facet normal -0.1564344650402246 0 -0.9876883405951387
    outer loop
      vertex 19.21358538980296 96 29.483565686104818
      vertex 19.21358538980296 99 29.483565686104818
      vertex 19.523735072453277 96 29.434442802201417
    endloop
  endfacet
  facet normal -0.05233595624295019 0 -0.9986295347545735
    outer loop
      vertex 19.21358538980296 96 29.483565686104818
      vertex 18.9 99 29.5
      vertex 19.21358538980296 99 29.483565686104818
    endloop
  endfacet
  facet normal -0.2588190451025205 9.103038467489617e-19 -0.9659258262890684
    outer loop
      vertex 19.827050983124842 96 29.35316954888546
      vertex 19.523735072453277 96 29.434442802201417
      vertex 19.523735072453277 99 29.434442802201417
    endloop
  endfacet
  facet normal -0.1564344650402246 0 -0.9876883405951387
    outer loop
      vertex 19.523735072453277 96 29.434442802201417
      vertex 19.21358538980296 99 29.483565686104818
      vertex 19.523735072453277 99 29.434442802201417
    endloop
  endfacet
  facet normal -0.2588190451025205 0 -0.9659258262890684
    outer loop
      vertex 19.827050983124842 96 29.35316954888546
      vertex 19.523735072453277 99 29.434442802201417
      vertex 19.827050983124842 99 29.35316954888546
    endloop
  endfacet
  facet normal 9.012828479923967e-19 0.3583679495453086 0.9335804264971985
    outer loop
      vertex 0 76.82294901687516 11.646830451114539
      vertex 0 76.5297900707726 11.759363627072197
      vertex 3 76.5297900707726 11.759363627072197
    endloop
  endfacet
  facet normal 0 0.25881904510251486 0.96592582628907
    outer loop
      vertex 0 76.82294901687516 11.646830451114539
      vertex 3 76.82294901687516 11.646830451114539
      vertex 0 77.12626492754673 11.565557197798583
    endloop
  endfacet
  facet normal 0 0.15643446504023537 0.987688340595137
    outer loop
      vertex 0 77.12626492754673 11.565557197798583
      vertex 3 77.12626492754673 11.565557197798583
      vertex 0 77.43641461019703 11.51643431389518
    endloop
  endfacet
  facet normal 0 0.05233595624294396 0.9986295347545738
    outer loop
      vertex 0 77.43641461019703 11.51643431389518
      vertex 3 77.43641461019703 11.51643431389518
      vertex 0 77.75 11.5
    endloop
  endfacet
  facet normal 0 0.3583679495453086 0.9335804264971985
    outer loop
      vertex 0 76.82294901687516 11.646830451114539
      vertex 3 76.5297900707726 11.759363627072197
      vertex 3 76.82294901687516 11.646830451114539
    endloop
  endfacet
  facet normal 0 0.25881904510251486 0.96592582628907
    outer loop
      vertex 0 77.12626492754673 11.565557197798583
      vertex 3 76.82294901687516 11.646830451114539
      vertex 3 77.12626492754673 11.565557197798583
    endloop
  endfacet
  facet normal 4.1117366729849236e-19 0.15643446504023537 0.987688340595137
    outer loop
      vertex 3 77.12626492754673 11.565557197798583
      vertex 3 77.43641461019703 11.51643431389518
      vertex 0 77.43641461019703 11.51643431389518
    endloop
  endfacet
  facet normal 0 0.05233595624294396 0.9986295347545738
    outer loop
      vertex 0 77.75 11.5
      vertex 3 77.43641461019703 11.51643431389518
      vertex 3 77.75 11.5
    endloop
  endfacet
  facet normal 0 0 1
    outer loop
      vertex 0 77.75 11.5
      vertex 3 77.75 11.5
      vertex 0 88 11.5
    endloop
  endfacet
  facet normal 0 0 1
    outer loop
      vertex 3 77.75 11.5
      vertex 3 88 11.5
      vertex 0 88 11.5
    endloop
  endfacet
  facet normal 0 -0.05233595624294396 0.9986295347545738
    outer loop
      vertex 0 88 11.5
      vertex 3 88 11.5
      vertex 0 88.31358538980297 11.51643431389518
    endloop
  endfacet
  facet normal 0 -0.1564344650402284 0.9876883405951381
    outer loop
      vertex 0 88.31358538980297 11.51643431389518
      vertex 3 88.31358538980297 11.51643431389518
      vertex 0 88.62373507245329 11.565557197798583
    endloop
  endfacet
  facet normal 0 -0.2588190451025261 0.9659258262890668
    outer loop
      vertex 0 88.62373507245329 11.565557197798583
      vertex 3 88.62373507245329 11.565557197798583
      vertex 0 88.92705098312484 11.646830451114539
    endloop
  endfacet
  facet normal 0 -0.3583679495453086 0.9335804264971985
    outer loop
      vertex 0 88.92705098312484 11.646830451114539
      vertex 3 88.92705098312484 11.646830451114539
      vertex 0 89.2202099292274 11.759363627072197
    endloop
  endfacet
  facet normal 0 -0.05233595624294396 0.9986295347545738
    outer loop
      vertex 0 88.31358538980297 11.51643431389518
      vertex 3 88 11.5
      vertex 3 88.31358538980297 11.51643431389518
    endloop
  endfacet
  facet normal 0 -0.1564344650402284 0.9876883405951381
    outer loop
      vertex 0 88.62373507245329 11.565557197798583
      vertex 3 88.31358538980297 11.51643431389518
      vertex 3 88.62373507245329 11.565557197798583
    endloop
  endfacet
  facet normal 0 -0.2588190451025261 0.9659258262890668
    outer loop
      vertex 0 88.92705098312484 11.646830451114539
      vertex 3 88.62373507245329 11.565557197798583
      vertex 3 88.92705098312484 11.646830451114539
    endloop
  endfacet
  facet normal -9.012828479923967e-19 -0.3583679495453086 0.9335804264971985
    outer loop
      vertex 3 88.92705098312484 11.646830451114539
      vertex 3 89.2202099292274 11.759363627072197
      vertex 0 89.2202099292274 11.759363627072197
    endloop
  endfacet
  facet normal 0 0.5446390350150293 0.8386705679454227
    outer loop
      vertex 0 75.98664424312258 12.072949016875157
      vertex 3 75.98664424312258 12.072949016875157
      vertex 0 76.25 11.901923788646684
    endloop
  endfacet
  facet normal 0 0.6293203910498374 0.7771459614569709
    outer loop
      vertex 0 75.74260818092343 12.270565523567818
      vertex 3 75.74260818092343 12.270565523567818
      vertex 0 75.98664424312258 12.072949016875157
    endloop
  endfacet
  facet normal 1.980701677031113e-18 0.7071067811865362 0.7071067811865588
    outer loop
      vertex 0 75.74260818092343 12.270565523567818
      vertex 0 75.52056552356781 12.492608180923426
      vertex 3 75.52056552356781 12.492608180923426
    endloop
  endfacet
  facet normal 0 0.7771459614569775 0.6293203910498292
    outer loop
      vertex 0 75.32294901687516 12.73664424312258
      vertex 3 75.32294901687516 12.73664424312258
      vertex 0 75.52056552356781 12.492608180923426
    endloop
  endfacet
  facet normal 8.90781084451718e-19 0.8910065241883582 0.45399049973956557
    outer loop
      vertex 0 75.15192378864668 13
      vertex 0 75.00936362707219 13.279790070772599
      vertex 3 75.00936362707219 13.279790070772599
    endloop
  endfacet
  facet normal -2.3524662122734054e-18 0.8386705679454259 0.5446390350150241
    outer loop
      vertex 0 75.32294901687516 12.73664424312258
      vertex 0 75.15192378864668 13
      vertex 3 75.15192378864668 13
    endloop
  endfacet
  facet normal 0 0.4539904997395384 0.891006524188372
    outer loop
      vertex 0 76.25 11.901923788646684
      vertex 3 76.25 11.901923788646684
      vertex 0 76.5297900707726 11.759363627072197
    endloop
  endfacet
  facet normal 0 0.5446390350150293 0.8386705679454227
    outer loop
      vertex 0 76.25 11.901923788646684
      vertex 3 75.98664424312258 12.072949016875157
      vertex 3 76.25 11.901923788646684
    endloop
  endfacet
  facet normal 0 0.6293203910498374 0.7771459614569709
    outer loop
      vertex 0 75.98664424312258 12.072949016875157
      vertex 3 75.74260818092343 12.270565523567818
      vertex 3 75.98664424312258 12.072949016875157
    endloop
  endfacet
  facet normal 0 0.7071067811865362 0.7071067811865588
    outer loop
      vertex 0 75.74260818092343 12.270565523567818
      vertex 3 75.52056552356781 12.492608180923426
      vertex 3 75.74260818092343 12.270565523567818
    endloop
  endfacet
  facet normal 0 0.7771459614569775 0.6293203910498292
    outer loop
      vertex 0 75.52056552356781 12.492608180923426
      vertex 3 75.32294901687516 12.73664424312258
      vertex 3 75.52056552356781 12.492608180923426
    endloop
  endfacet
  facet normal 0 0.8386705679454259 0.5446390350150241
    outer loop
      vertex 0 75.32294901687516 12.73664424312258
      vertex 3 75.15192378864668 13
      vertex 3 75.32294901687516 12.73664424312258
    endloop
  endfacet
  facet normal 0 0.8910065241883582 0.45399049973956557
    outer loop
      vertex 0 75.15192378864668 13
      vertex 3 75.00936362707219 13.279790070772599
      vertex 3 75.15192378864668 13
    endloop
  endfacet
  facet normal 0 0.4539904997395384 0.891006524188372
    outer loop
      vertex 0 76.5297900707726 11.759363627072197
      vertex 3 76.25 11.901923788646684
      vertex 3 76.5297900707726 11.759363627072197
    endloop
  endfacet
  facet normal 6.124612858225494e-19 0.933580426497209 0.3583679495452813
    outer loop
      vertex 0 75.00936362707219 13.279790070772599
      vertex 0 74.89683045111454 13.572949016875157
      vertex 3 74.89683045111454 13.572949016875157
    endloop
  endfacet
  facet normal 9.103038467489617e-19 0.9659258262890684 0.2588190451025205
    outer loop
      vertex 0 74.89683045111454 13.572949016875157
      vertex 0 74.81555719779858 13.876264927546721
      vertex 3 74.81555719779858 13.876264927546721
    endloop
  endfacet
  facet normal 5.3031919071385273e-20 0.9876883405951354 0.15643446504024494
    outer loop
      vertex 0 74.81555719779858 13.876264927546721
      vertex 0 74.76643431389518 14.18641461019704
      vertex 3 74.76643431389518 14.18641461019704
    endloop
  endfacet
  facet normal 1.1720583807435292e-19 0.9986295347545747 0.05233595624292822
    outer loop
      vertex 0 74.76643431389518 14.18641461019704
      vertex 0 74.75 14.5
      vertex 3 74.75 14.5
    endloop
  endfacet
  facet normal 0 0.933580426497209 0.3583679495452813
    outer loop
      vertex 0 75.00936362707219 13.279790070772599
      vertex 3 74.89683045111454 13.572949016875157
      vertex 3 75.00936362707219 13.279790070772599
    endloop
  endfacet
  facet normal 0 0.9659258262890684 0.2588190451025205
    outer loop
      vertex 0 74.89683045111454 13.572949016875157
      vertex 3 74.81555719779858 13.876264927546721
      vertex 3 74.89683045111454 13.572949016875157
    endloop
  endfacet
  facet normal 0 0.9876883405951354 0.15643446504024494
    outer loop
      vertex 0 74.81555719779858 13.876264927546721
      vertex 3 74.76643431389518 14.18641461019704
      vertex 3 74.81555719779858 13.876264927546721
    endloop
  endfacet
  facet normal 0 0.9986295347545747 0.05233595624292822
    outer loop
      vertex 0 74.76643431389518 14.18641461019704
      vertex 3 74.75 14.5
      vertex 3 74.76643431389518 14.18641461019704
    endloop
  endfacet
  facet normal 0 1 0
    outer loop
      vertex 0 74.75 14.5
      vertex 3 74.75 26.5
      vertex 3 74.75 14.5
    endloop
  endfacet
  facet normal 0 1 0
    outer loop
      vertex 0 74.75 14.5
      vertex 0 74.75 26.5
      vertex 3 74.75 26.5
    endloop
  endfacet
  facet normal 0 -0.4539904997395384 0.891006524188372
    outer loop
      vertex 0 89.2202099292274 11.759363627072197
      vertex 3 89.2202099292274 11.759363627072197
      vertex 0 89.5 11.901923788646684
    endloop
  endfacet
  facet normal 0 -0.5446390350150293 0.8386705679454227
    outer loop
      vertex 0 89.5 11.901923788646684
      vertex 3 89.5 11.901923788646684
      vertex 0 89.76335575687742 12.072949016875157
    endloop
  endfacet
  facet normal 0 -0.6293203910498374 0.7771459614569709
    outer loop
      vertex 0 89.76335575687742 12.072949016875157
      vertex 3 89.76335575687742 12.072949016875157
      vertex 0 90.00739181907657 12.270565523567818
    endloop
  endfacet
  facet normal 0 -0.7071067811865589 0.7071067811865362
    outer loop
      vertex 0 90.00739181907657 12.270565523567818
      vertex 3 90.00739181907657 12.270565523567818
      vertex 0 90.22943447643217 12.492608180923426
    endloop
  endfacet
  facet normal 0 -0.7771459614569554 0.6293203910498565
    outer loop
      vertex 0 90.22943447643217 12.492608180923426
      vertex 3 90.22943447643217 12.492608180923426
      vertex 0 90.42705098312484 12.73664424312258
    endloop
  endfacet
  facet normal 0 -0.8386705679454259 0.5446390350150241
    outer loop
      vertex 0 90.42705098312484 12.73664424312258
      vertex 3 90.42705098312484 12.73664424312258
      vertex 0 90.59807621135332 13
    endloop
  endfacet
  facet normal 0 -0.4539904997395384 0.891006524188372
    outer loop
      vertex 0 89.5 11.901923788646684
      vertex 3 89.2202099292274 11.759363627072197
      vertex 3 89.5 11.901923788646684
    endloop
  endfacet
  facet normal -1.8085758839818468e-18 -0.5446390350150293 0.8386705679454227
    outer loop
      vertex 3 89.5 11.901923788646684
      vertex 3 89.76335575687742 12.072949016875157
      vertex 0 89.76335575687742 12.072949016875157
    endloop
  endfacet
  facet normal 0 -0.6293203910498374 0.7771459614569709
    outer loop
      vertex 0 90.00739181907657 12.270565523567818
      vertex 3 89.76335575687742 12.072949016875157
      vertex 3 90.00739181907657 12.270565523567818
    endloop
  endfacet
  facet normal 0 -0.7071067811865589 0.7071067811865362
    outer loop
      vertex 0 90.22943447643217 12.492608180923426
      vertex 3 90.00739181907657 12.270565523567818
      vertex 3 90.22943447643217 12.492608180923426
    endloop
  endfacet
  facet normal 0 -0.7771459614569554 0.6293203910498565
    outer loop
      vertex 0 90.42705098312484 12.73664424312258
      vertex 3 90.22943447643217 12.492608180923426
      vertex 3 90.42705098312484 12.73664424312258
    endloop
  endfacet
  facet normal 0 -0.8910065241883582 0.45399049973956557
    outer loop
      vertex 0 90.59807621135332 13
      vertex 3 90.59807621135332 13
      vertex 0 90.74063637292781 13.279790070772599
    endloop
  endfacet
  facet normal 0 -0.8386705679454259 0.5446390350150241
    outer loop
      vertex 0 90.59807621135332 13
      vertex 3 90.42705098312484 12.73664424312258
      vertex 3 90.59807621135332 13
    endloop
  endfacet
  facet normal -8.90781084451718e-19 -0.8910065241883582 0.45399049973956557
    outer loop
      vertex 3 90.59807621135332 13
      vertex 3 90.74063637292781 13.279790070772599
      vertex 0 90.74063637292781 13.279790070772599
    endloop
  endfacet
  facet normal 0 -0.933580426497209 0.3583679495452813
    outer loop
      vertex 0 90.74063637292781 13.279790070772599
      vertex 3 90.74063637292781 13.279790070772599
      vertex 0 90.85316954888546 13.572949016875157
    endloop
  endfacet
  facet normal 0 -0.9659258262890684 0.2588190451025205
    outer loop
      vertex 0 90.85316954888546 13.572949016875157
      vertex 3 90.85316954888546 13.572949016875157
      vertex 0 90.93444280220142 13.876264927546721
    endloop
  endfacet
  facet normal 0 -0.9876883405951425 0.1564344650402008
    outer loop
      vertex 0 90.93444280220142 13.876264927546721
      vertex 3 90.93444280220142 13.876264927546721
      vertex 0 90.98356568610481 14.18641461019704
    endloop
  endfacet
  facet normal 0 -0.9986295347545723 0.05233595624297335
    outer loop
      vertex 0 90.98356568610481 14.18641461019704
      vertex 3 90.98356568610481 14.18641461019704
      vertex 0 91 14.5
    endloop
  endfacet
  facet normal 0 -0.933580426497209 0.3583679495452813
    outer loop
      vertex 0 90.85316954888546 13.572949016875157
      vertex 3 90.74063637292781 13.279790070772599
      vertex 3 90.85316954888546 13.572949016875157
    endloop
  endfacet
  facet normal 0 -0.9659258262890684 0.2588190451025205
    outer loop
      vertex 0 90.93444280220142 13.876264927546721
      vertex 3 90.85316954888546 13.572949016875157
      vertex 3 90.93444280220142 13.876264927546721
    endloop
  endfacet
  facet normal 0 -0.9876883405951425 0.1564344650402008
    outer loop
      vertex 0 90.98356568610481 14.18641461019704
      vertex 3 90.93444280220142 13.876264927546721
      vertex 3 90.98356568610481 14.18641461019704
    endloop
  endfacet
  facet normal 0 -0.9986295347545723 0.05233595624297335
    outer loop
      vertex 0 91 14.5
      vertex 3 90.98356568610481 14.18641461019704
      vertex 3 91 14.5
    endloop
  endfacet
  facet normal 0 -1 0
    outer loop
      vertex 0 91 14.5
      vertex 3 91 14.5
      vertex 0 91 26.5
    endloop
  endfacet
  facet normal 0 -1 0
    outer loop
      vertex 3 91 14.5
      vertex 3 91 26.5
      vertex 0 91 26.5
    endloop
  endfacet
  facet normal -1.1720583807435292e-19 0.9986295347545747 -0.05233595624292822
    outer loop
      vertex 0 74.75 26.5
      vertex 0 74.76643431389518 26.81358538980296
      vertex 3 74.76643431389518 26.81358538980296
    endloop
  endfacet
  facet normal -5.3031919071385273e-20 0.9876883405951354 -0.15643446504024494
    outer loop
      vertex 0 74.76643431389518 26.81358538980296
      vertex 0 74.81555719779858 27.12373507245328
      vertex 3 74.81555719779858 27.12373507245328
    endloop
  endfacet
  facet normal -9.103038467489617e-19 0.9659258262890684 -0.2588190451025205
    outer loop
      vertex 0 74.81555719779858 27.12373507245328
      vertex 0 74.89683045111454 27.427050983124843
      vertex 3 74.89683045111454 27.427050983124843
    endloop
  endfacet
  facet normal -6.124612858225494e-19 0.933580426497209 -0.3583679495452813
    outer loop
      vertex 0 74.89683045111454 27.427050983124843
      vertex 0 75.00936362707219 27.7202099292274
      vertex 3 75.00936362707219 27.7202099292274
    endloop
  endfacet
  facet normal 0 0.9986295347545747 -0.05233595624292822
    outer loop
      vertex 0 74.75 26.5
      vertex 3 74.76643431389518 26.81358538980296
      vertex 3 74.75 26.5
    endloop
  endfacet
  facet normal 0 0.9876883405951354 -0.15643446504024494
    outer loop
      vertex 0 74.76643431389518 26.81358538980296
      vertex 3 74.81555719779858 27.12373507245328
      vertex 3 74.76643431389518 26.81358538980296
    endloop
  endfacet
  facet normal 0 0.9659258262890684 -0.2588190451025205
    outer loop
      vertex 0 74.81555719779858 27.12373507245328
      vertex 3 74.89683045111454 27.427050983124843
      vertex 3 74.81555719779858 27.12373507245328
    endloop
  endfacet
  facet normal 0 0.933580426497209 -0.3583679495452813
    outer loop
      vertex 0 74.89683045111454 27.427050983124843
      vertex 3 75.00936362707219 27.7202099292274
      vertex 3 74.89683045111454 27.427050983124843
    endloop
  endfacet
  facet normal 0 0.8910065241883582 -0.45399049973956557
    outer loop
      vertex 0 75.00936362707219 27.7202099292274
      vertex 3 75.15192378864668 28
      vertex 3 75.00936362707219 27.7202099292274
    endloop
  endfacet
  facet normal -8.90781084451718e-19 0.8910065241883582 -0.45399049973956557
    outer loop
      vertex 0 75.00936362707219 27.7202099292274
      vertex 0 75.15192378864668 28
      vertex 3 75.15192378864668 28
    endloop
  endfacet
  facet normal 2.3524662122734054e-18 0.8386705679454259 -0.5446390350150241
    outer loop
      vertex 0 75.15192378864668 28
      vertex 0 75.32294901687516 28.26335575687742
      vertex 3 75.32294901687516 28.26335575687742
    endloop
  endfacet
  facet normal -2.4364485064781783e-18 0.7771459614569775 -0.6293203910498292
    outer loop
      vertex 0 75.32294901687516 28.26335575687742
      vertex 0 75.52056552356781 28.507391819076574
      vertex 3 75.52056552356781 28.507391819076574
    endloop
  endfacet
  facet normal -1.980701677031113e-18 0.7071067811865362 -0.7071067811865588
    outer loop
      vertex 0 75.52056552356781 28.507391819076574
      vertex 0 75.74260818092343 28.729434476432182
      vertex 3 75.74260818092343 28.729434476432182
    endloop
  endfacet
  facet normal -1.9018481204007872e-18 0.6293203910498374 -0.7771459614569709
    outer loop
      vertex 0 75.74260818092343 28.729434476432182
      vertex 0 75.98664424312258 28.927050983124843
      vertex 3 75.98664424312258 28.927050983124843
    endloop
  endfacet
  facet normal -1.8085758839818468e-18 0.5446390350150293 -0.8386705679454227
    outer loop
      vertex 0 75.98664424312258 28.927050983124843
      vertex 0 76.25 29.098076211353316
      vertex 3 76.25 29.098076211353316
    endloop
  endfacet
  facet normal 2.619541232858843e-18 0.4539904997395384 -0.891006524188372
    outer loop
      vertex 0 76.25 29.098076211353316
      vertex 0 76.5297900707726 29.240636372927803
      vertex 3 76.5297900707726 29.240636372927803
    endloop
  endfacet
  facet normal -9.012828479923967e-19 0.3583679495453086 -0.9335804264971985
    outer loop
      vertex 0 76.5297900707726 29.240636372927803
      vertex 0 76.82294901687516 29.35316954888546
      vertex 3 76.82294901687516 29.35316954888546
    endloop
  endfacet
  facet normal 0 0.8386705679454259 -0.5446390350150241
    outer loop
      vertex 0 75.15192378864668 28
      vertex 3 75.32294901687516 28.26335575687742
      vertex 3 75.15192378864668 28
    endloop
  endfacet
  facet normal 0 0.7771459614569775 -0.6293203910498292
    outer loop
      vertex 0 75.32294901687516 28.26335575687742
      vertex 3 75.52056552356781 28.507391819076574
      vertex 3 75.32294901687516 28.26335575687742
    endloop
  endfacet
  facet normal 0 0.7071067811865362 -0.7071067811865588
    outer loop
      vertex 0 75.52056552356781 28.507391819076574
      vertex 3 75.74260818092343 28.729434476432182
      vertex 3 75.52056552356781 28.507391819076574
    endloop
  endfacet
  facet normal 0 0.6293203910498374 -0.7771459614569709
    outer loop
      vertex 0 75.74260818092343 28.729434476432182
      vertex 3 75.98664424312258 28.927050983124843
      vertex 3 75.74260818092343 28.729434476432182
    endloop
  endfacet
  facet normal 0 0.5446390350150293 -0.8386705679454227
    outer loop
      vertex 0 75.98664424312258 28.927050983124843
      vertex 3 76.25 29.098076211353316
      vertex 3 75.98664424312258 28.927050983124843
    endloop
  endfacet
  facet normal 0 0.4539904997395384 -0.891006524188372
    outer loop
      vertex 0 76.25 29.098076211353316
      vertex 3 76.5297900707726 29.240636372927803
      vertex 3 76.25 29.098076211353316
    endloop
  endfacet
  facet normal 0 0.3583679495453086 -0.9335804264971985
    outer loop
      vertex 0 76.5297900707726 29.240636372927803
      vertex 3 76.82294901687516 29.35316954888546
      vertex 3 76.5297900707726 29.240636372927803
    endloop
  endfacet
  facet normal 7.382372324387326e-19 0.25881904510251486 -0.96592582628907
    outer loop
      vertex 0 76.82294901687516 29.35316954888546
      vertex 0 77.12626492754673 29.434442802201417
      vertex 3 77.12626492754673 29.434442802201417
    endloop
  endfacet
  facet normal 3.3778597896021616e-19 0.15643446504022984 -0.9876883405951378
    outer loop
      vertex 0 77.12626492754673 29.434442802201417
      vertex 0 77.43641461019703 29.483565686104818
      vertex 3 77.43641461019703 29.483565686104818
    endloop
  endfacet
  facet normal 3.6286927446467367e-19 0.0523359562429496 -0.9986295347545735
    outer loop
      vertex 0 77.43641461019703 29.483565686104818
      vertex 0 77.75 29.5
      vertex 3 77.75 29.5
    endloop
  endfacet
  facet normal 0 0.25881904510251486 -0.96592582628907
    outer loop
      vertex 0 76.82294901687516 29.35316954888546
      vertex 3 77.12626492754673 29.434442802201417
      vertex 3 76.82294901687516 29.35316954888546
    endloop
  endfacet
  facet normal 0 0.15643446504022984 -0.9876883405951378
    outer loop
      vertex 0 77.12626492754673 29.434442802201417
      vertex 3 77.43641461019703 29.483565686104818
      vertex 3 77.12626492754673 29.434442802201417
    endloop
  endfacet
  facet normal 0 0.0523359562429496 -0.9986295347545735
    outer loop
      vertex 0 77.43641461019703 29.483565686104818
      vertex 3 77.75 29.5
      vertex 3 77.43641461019703 29.483565686104818
    endloop
  endfacet
  facet normal 0 0 -1
    outer loop
      vertex 0 77.75 29.5
      vertex 3 88 29.5
      vertex 3 77.75 29.5
    endloop
  endfacet
  facet normal 0 0 -1
    outer loop
      vertex 0 77.75 29.5
      vertex 0 88 29.5
      vertex 3 88 29.5
    endloop
  endfacet
  facet normal 0 -0.7771459614569554 -0.6293203910498565
    outer loop
      vertex 0 90.42705098312484 28.26335575687742
      vertex 3 90.42705098312484 28.26335575687742
      vertex 0 90.22943447643217 28.507391819076574
    endloop
  endfacet
  facet normal 0 -0.7071067811865589 -0.7071067811865362
    outer loop
      vertex 0 90.22943447643217 28.507391819076574
      vertex 3 90.22943447643217 28.507391819076574
      vertex 0 90.00739181907657 28.729434476432182
    endloop
  endfacet
  facet normal 1.8085758839818468e-18 -0.5446390350150293 -0.8386705679454227
    outer loop
      vertex 0 89.5 29.098076211353316
      vertex 0 89.76335575687742 28.927050983124843
      vertex 3 89.76335575687742 28.927050983124843
    endloop
  endfacet
  facet normal 9.012828479923967e-19 -0.3583679495453086 -0.9335804264971985
    outer loop
      vertex 0 88.92705098312484 29.35316954888546
      vertex 0 89.2202099292274 29.240636372927803
      vertex 3 89.2202099292274 29.240636372927803
    endloop
  endfacet
  facet normal -2.619541232858843e-18 -0.4539904997395384 -0.891006524188372
    outer loop
      vertex 0 89.2202099292274 29.240636372927803
      vertex 0 89.5 29.098076211353316
      vertex 3 89.5 29.098076211353316
    endloop
  endfacet
  facet normal 0 -0.6293203910498374 -0.7771459614569709
    outer loop
      vertex 0 90.00739181907657 28.729434476432182
      vertex 3 90.00739181907657 28.729434476432182
      vertex 0 89.76335575687742 28.927050983124843
    endloop
  endfacet
  facet normal 0 -0.8386705679454259 -0.5446390350150241
    outer loop
      vertex 0 90.42705098312484 28.26335575687742
      vertex 3 90.59807621135332 28
      vertex 3 90.42705098312484 28.26335575687742
    endloop
  endfacet
  facet normal 0 -0.7771459614569554 -0.6293203910498565
    outer loop
      vertex 0 90.22943447643217 28.507391819076574
      vertex 3 90.42705098312484 28.26335575687742
      vertex 3 90.22943447643217 28.507391819076574
    endloop
  endfacet
  facet normal 0 -0.3583679495453086 -0.9335804264971985
    outer loop
      vertex 0 88.92705098312484 29.35316954888546
      vertex 3 89.2202099292274 29.240636372927803
      vertex 3 88.92705098312484 29.35316954888546
    endloop
  endfacet
  facet normal 0 -0.4539904997395384 -0.891006524188372
    outer loop
      vertex 0 89.2202099292274 29.240636372927803
      vertex 3 89.5 29.098076211353316
      vertex 3 89.2202099292274 29.240636372927803
    endloop
  endfacet
  facet normal 0 -0.5446390350150293 -0.8386705679454227
    outer loop
      vertex 0 89.5 29.098076211353316
      vertex 3 89.76335575687742 28.927050983124843
      vertex 3 89.5 29.098076211353316
    endloop
  endfacet
  facet normal 0 -0.7071067811865589 -0.7071067811865362
    outer loop
      vertex 0 90.00739181907657 28.729434476432182
      vertex 3 90.22943447643217 28.507391819076574
      vertex 3 90.00739181907657 28.729434476432182
    endloop
  endfacet
  facet normal 0 -0.6293203910498374 -0.7771459614569709
    outer loop
      vertex 0 89.76335575687742 28.927050983124843
      vertex 3 90.00739181907657 28.729434476432182
      vertex 3 89.76335575687742 28.927050983124843
    endloop
  endfacet
  facet normal 0 -0.9986295347545723 -0.05233595624297335
    outer loop
      vertex 0 91 26.5
      vertex 3 91 26.5
      vertex 0 90.98356568610481 26.81358538980296
    endloop
  endfacet
  facet normal 0 -0.9876883405951425 -0.1564344650402008
    outer loop
      vertex 0 90.98356568610481 26.81358538980296
      vertex 3 90.98356568610481 26.81358538980296
      vertex 0 90.93444280220142 27.12373507245328
    endloop
  endfacet
  facet normal 0 -0.9659258262890684 -0.2588190451025205
    outer loop
      vertex 0 90.93444280220142 27.12373507245328
      vertex 3 90.93444280220142 27.12373507245328
      vertex 0 90.85316954888546 27.427050983124843
    endloop
  endfacet
  facet normal 0 -0.933580426497209 -0.3583679495452813
    outer loop
      vertex 0 90.85316954888546 27.427050983124843
      vertex 3 90.85316954888546 27.427050983124843
      vertex 0 90.74063637292781 27.7202099292274
    endloop
  endfacet
  facet normal 0 -0.8910065241883582 -0.45399049973956557
    outer loop
      vertex 0 90.74063637292781 27.7202099292274
      vertex 3 90.74063637292781 27.7202099292274
      vertex 0 90.59807621135332 28
    endloop
  endfacet
  facet normal 0 -0.9986295347545723 -0.05233595624297335
    outer loop
      vertex 0 90.98356568610481 26.81358538980296
      vertex 3 91 26.5
      vertex 3 90.98356568610481 26.81358538980296
    endloop
  endfacet
  facet normal 0 -0.9876883405951425 -0.1564344650402008
    outer loop
      vertex 0 90.93444280220142 27.12373507245328
      vertex 3 90.98356568610481 26.81358538980296
      vertex 3 90.93444280220142 27.12373507245328
    endloop
  endfacet
  facet normal 0 -0.9659258262890684 -0.2588190451025205
    outer loop
      vertex 0 90.85316954888546 27.427050983124843
      vertex 3 90.93444280220142 27.12373507245328
      vertex 3 90.85316954888546 27.427050983124843
    endloop
  endfacet
  facet normal 0 -0.933580426497209 -0.3583679495452813
    outer loop
      vertex 0 90.74063637292781 27.7202099292274
      vertex 3 90.85316954888546 27.427050983124843
      vertex 3 90.74063637292781 27.7202099292274
    endloop
  endfacet
  facet normal -2.3524662122734054e-18 -0.8386705679454259 -0.5446390350150241
    outer loop
      vertex 0 90.42705098312484 28.26335575687742
      vertex 0 90.59807621135332 28
      vertex 3 90.59807621135332 28
    endloop
  endfacet
  facet normal 8.90781084451718e-19 -0.8910065241883582 -0.45399049973956557
    outer loop
      vertex 3 90.74063637292781 27.7202099292274
      vertex 3 90.59807621135332 28
      vertex 0 90.59807621135332 28
    endloop
  endfacet
  facet normal -3.6286927446467367e-19 -0.0523359562429496 -0.9986295347545735
    outer loop
      vertex 0 88 29.5
      vertex 0 88.31358538980297 29.483565686104818
      vertex 3 88.31358538980297 29.483565686104818
    endloop
  endfacet
  facet normal 7.400734556339219e-19 -0.15643446504022288 -0.9876883405951391
    outer loop
      vertex 0 88.31358538980297 29.483565686104818
      vertex 0 88.62373507245329 29.434442802201417
      vertex 3 88.62373507245329 29.434442802201417
    endloop
  endfacet
  facet normal 0 -0.2588190451025261 -0.9659258262890668
    outer loop
      vertex 0 88.92705098312484 29.35316954888546
      vertex 3 88.92705098312484 29.35316954888546
      vertex 0 88.62373507245329 29.434442802201417
    endloop
  endfacet
  facet normal 0 -0.0523359562429496 -0.9986295347545735
    outer loop
      vertex 0 88 29.5
      vertex 3 88.31358538980297 29.483565686104818
      vertex 3 88 29.5
    endloop
  endfacet
  facet normal 0 -0.15643446504022288 -0.9876883405951391
    outer loop
      vertex 0 88.31358538980297 29.483565686104818
      vertex 3 88.62373507245329 29.434442802201417
      vertex 3 88.31358538980297 29.483565686104818
    endloop
  endfacet
  facet normal -1.12403519555342e-18 -0.2588190451025261 -0.9659258262890668
    outer loop
      vertex 3 88.92705098312484 29.35316954888546
      vertex 3 88.62373507245329 29.434442802201417
      vertex 0 88.62373507245329 29.434442802201417
    endloop
  endfacet
  facet normal -8.221001381439293e-19 0.35836794954530105 0.9335804264972014
    outer loop
      vertex 0 54.57294901687516 11.646830451114539
      vertex 0 54.2797900707726 11.759363627072197
      vertex 3 54.2797900707726 11.759363627072197
    endloop
  endfacet
  facet normal 0 0.1564344650402284 0.9876883405951381
    outer loop
      vertex 0 54.87626492754672 11.565557197798583
      vertex 3 54.87626492754672 11.565557197798583
      vertex 0 55.18641461019704 11.51643431389518
    endloop
  endfacet
  facet normal 9.103038467489617e-19 0.2588190451025205 0.9659258262890684
    outer loop
      vertex 0 54.87626492754672 11.565557197798583
      vertex 0 54.57294901687516 11.646830451114539
      vertex 3 54.57294901687516 11.646830451114539
    endloop
  endfacet
  facet normal 0 0.05233595624294514 0.9986295347545737
    outer loop
      vertex 0 55.18641461019704 11.51643431389518
      vertex 3 55.18641461019704 11.51643431389518
      vertex 0 55.5 11.5
    endloop
  endfacet
  facet normal 0 0.35836794954530105 0.9335804264972014
    outer loop
      vertex 0 54.57294901687516 11.646830451114539
      vertex 3 54.2797900707726 11.759363627072197
      vertex 3 54.57294901687516 11.646830451114539
    endloop
  endfacet
  facet normal 0 0.2588190451025205 0.9659258262890684
    outer loop
      vertex 0 54.87626492754672 11.565557197798583
      vertex 3 54.57294901687516 11.646830451114539
      vertex 3 54.87626492754672 11.565557197798583
    endloop
  endfacet
  facet normal 0 0.1564344650402284 0.9876883405951381
    outer loop
      vertex 0 55.18641461019704 11.51643431389518
      vertex 3 54.87626492754672 11.565557197798583
      vertex 3 55.18641461019704 11.51643431389518
    endloop
  endfacet
  facet normal 0 0.05233595624294514 0.9986295347545737
    outer loop
      vertex 0 55.5 11.5
      vertex 3 55.18641461019704 11.51643431389518
      vertex 3 55.5 11.5
    endloop
  endfacet
  facet normal 0 0 1
    outer loop
      vertex 0 55.5 11.5
      vertex 3 55.5 11.5
      vertex 0 65.75 11.5
    endloop
  endfacet
  facet normal 0 0 1
    outer loop
      vertex 3 55.5 11.5
      vertex 3 65.75 11.5
      vertex 0 65.75 11.5
    endloop
  endfacet
  facet normal 0 -0.05233595624294396 0.9986295347545738
    outer loop
      vertex 0 65.75 11.5
      vertex 3 65.75 11.5
      vertex 0 66.06358538980297 11.51643431389518
    endloop
  endfacet
  facet normal 0 -0.1564344650402284 0.9876883405951381
    outer loop
      vertex 0 66.06358538980297 11.51643431389518
      vertex 3 66.06358538980297 11.51643431389518
      vertex 0 66.37373507245329 11.565557197798583
    endloop
  endfacet
  facet normal 0 -0.2588190451025261 0.9659258262890668
    outer loop
      vertex 0 66.37373507245329 11.565557197798583
      vertex 3 66.37373507245329 11.565557197798583
      vertex 0 66.67705098312484 11.646830451114539
    endloop
  endfacet
  facet normal 0 -0.3583679495453086 0.9335804264971985
    outer loop
      vertex 0 66.67705098312484 11.646830451114539
      vertex 3 66.67705098312484 11.646830451114539
      vertex 0 66.9702099292274 11.759363627072197
    endloop
  endfacet
  facet normal 0 -0.05233595624294396 0.9986295347545738
    outer loop
      vertex 0 66.06358538980297 11.51643431389518
      vertex 3 65.75 11.5
      vertex 3 66.06358538980297 11.51643431389518
    endloop
  endfacet
  facet normal 0 -0.1564344650402284 0.9876883405951381
    outer loop
      vertex 0 66.37373507245329 11.565557197798583
      vertex 3 66.06358538980297 11.51643431389518
      vertex 3 66.37373507245329 11.565557197798583
    endloop
  endfacet
  facet normal 0 -0.2588190451025261 0.9659258262890668
    outer loop
      vertex 0 66.67705098312484 11.646830451114539
      vertex 3 66.37373507245329 11.565557197798583
      vertex 3 66.67705098312484 11.646830451114539
    endloop
  endfacet
  facet normal -9.012828479923967e-19 -0.3583679495453086 0.9335804264971985
    outer loop
      vertex 3 66.67705098312484 11.646830451114539
      vertex 3 66.9702099292274 11.759363627072197
      vertex 0 66.9702099292274 11.759363627072197
    endloop
  endfacet
  facet normal 0 0.9659258262890684 0.2588190451025205
    outer loop
      vertex 0 52.56555719779858 13.876264927546721
      vertex 3 52.56555719779858 13.876264927546721
      vertex 0 52.64683045111454 13.572949016875157
    endloop
  endfacet
  facet normal 7.400734556339219e-19 0.9876883405951391 0.15643446504022288
    outer loop
      vertex 0 52.56555719779858 13.876264927546721
      vertex 0 52.51643431389518 14.18641461019704
      vertex 3 52.51643431389518 14.18641461019704
    endloop
  endfacet
  facet normal 2.1709174724150924e-19 0.9986295347545735 0.05233595624295079
    outer loop
      vertex 0 52.51643431389518 14.18641461019704
      vertex 0 52.5 14.5
      vertex 3 52.5 14.5
    endloop
  endfacet
  facet normal 9.103038467489617e-19 0.9659258262890684 0.2588190451025205
    outer loop
      vertex 3 52.56555719779858 13.876264927546721
      vertex 3 52.64683045111454 13.572949016875157
      vertex 0 52.64683045111454 13.572949016875157
    endloop
  endfacet
  facet normal 0 0.9876883405951391 0.15643446504022288
    outer loop
      vertex 0 52.56555719779858 13.876264927546721
      vertex 3 52.51643431389518 14.18641461019704
      vertex 3 52.56555719779858 13.876264927546721
    endloop
  endfacet
  facet normal 0 0.9986295347545735 0.05233595624295079
    outer loop
      vertex 0 52.51643431389518 14.18641461019704
      vertex 3 52.5 14.5
      vertex 3 52.51643431389518 14.18641461019704
    endloop
  endfacet
  facet normal -2.6473444597454152e-18 0.7071067811865476 0.7071067811865476
    outer loop
      vertex 0 53.492608180923426 12.270565523567818
      vertex 0 53.27056552356782 12.492608180923426
      vertex 3 53.27056552356782 12.492608180923426
    endloop
  endfacet
  facet normal 0 0.5446390350150293 0.8386705679454227
    outer loop
      vertex 0 53.73664424312258 12.072949016875157
      vertex 3 53.73664424312258 12.072949016875157
      vertex 0 54 11.901923788646684
    endloop
  endfacet
  facet normal 0 0.4539904997395476 0.8910065241883673
    outer loop
      vertex 0 54 11.901923788646684
      vertex 3 54 11.901923788646684
      vertex 0 54.2797900707726 11.759363627072197
    endloop
  endfacet
  facet normal 1.9018481204007872e-18 0.6293203910498374 0.7771459614569709
    outer loop
      vertex 0 53.73664424312258 12.072949016875157
      vertex 0 53.492608180923426 12.270565523567818
      vertex 3 53.492608180923426 12.270565523567818
    endloop
  endfacet
  facet normal 3.225117456358955e-18 0.7771459614569663 0.6293203910498428
    outer loop
      vertex 0 53.27056552356782 12.492608180923426
      vertex 0 53.07294901687516 12.73664424312258
      vertex 3 53.07294901687516 12.73664424312258
    endloop
  endfacet
  facet normal -2.3524662122734054e-18 0.8386705679454259 0.5446390350150241
    outer loop
      vertex 0 53.07294901687516 12.73664424312258
      vertex 0 52.901923788646684 13
      vertex 3 52.901923788646684 13
    endloop
  endfacet
  facet normal -2.75503106118387e-18 0.8910065241883673 0.4539904997395476
    outer loop
      vertex 0 52.901923788646684 13
      vertex 0 52.7593636270722 13.279790070772599
      vertex 3 52.7593636270722 13.279790070772599
    endloop
  endfacet
  facet normal 0 0.7071067811865476 0.7071067811865476
    outer loop
      vertex 0 53.492608180923426 12.270565523567818
      vertex 3 53.27056552356782 12.492608180923426
      vertex 3 53.492608180923426 12.270565523567818
    endloop
  endfacet
  facet normal 0 0.4539904997395476 0.8910065241883673
    outer loop
      vertex 0 54.2797900707726 11.759363627072197
      vertex 3 54 11.901923788646684
      vertex 3 54.2797900707726 11.759363627072197
    endloop
  endfacet
  facet normal 0 0.5446390350150293 0.8386705679454227
    outer loop
      vertex 0 54 11.901923788646684
      vertex 3 53.73664424312258 12.072949016875157
      vertex 3 54 11.901923788646684
    endloop
  endfacet
  facet normal 0 0.6293203910498374 0.7771459614569709
    outer loop
      vertex 0 53.73664424312258 12.072949016875157
      vertex 3 53.492608180923426 12.270565523567818
      vertex 3 53.73664424312258 12.072949016875157
    endloop
  endfacet
  facet normal 0 0.8386705679454259 0.5446390350150241
    outer loop
      vertex 0 53.07294901687516 12.73664424312258
      vertex 3 52.901923788646684 13
      vertex 3 53.07294901687516 12.73664424312258
    endloop
  endfacet
  facet normal 0 0.7771459614569663 0.6293203910498428
    outer loop
      vertex 0 53.27056552356782 12.492608180923426
      vertex 3 53.07294901687516 12.73664424312258
      vertex 3 53.27056552356782 12.492608180923426
    endloop
  endfacet
  facet normal 0 0.8910065241883673 0.4539904997395476
    outer loop
      vertex 0 52.901923788646684 13
      vertex 3 52.7593636270722 13.279790070772599
      vertex 3 52.901923788646684 13
    endloop
  endfacet
  facet normal -8.221001381439293e-19 0.9335804264972014 0.35836794954530105
    outer loop
      vertex 0 52.7593636270722 13.279790070772599
      vertex 0 52.64683045111454 13.572949016875157
      vertex 3 52.64683045111454 13.572949016875157
    endloop
  endfacet
  facet normal 0 0.9335804264972014 0.35836794954530105
    outer loop
      vertex 0 52.7593636270722 13.279790070772599
      vertex 3 52.64683045111454 13.572949016875157
      vertex 3 52.7593636270722 13.279790070772599
    endloop
  endfacet
  facet normal 0 1 0
    outer loop
      vertex 0 52.5 14.5
      vertex 3 52.5 26.5
      vertex 3 52.5 14.5
    endloop
  endfacet
  facet normal 0 1 0
    outer loop
      vertex 0 52.5 14.5
      vertex 0 52.5 26.5
      vertex 3 52.5 26.5
    endloop
  endfacet
  facet normal 0 -0.4539904997395384 0.891006524188372
    outer loop
      vertex 0 66.9702099292274 11.759363627072197
      vertex 3 66.9702099292274 11.759363627072197
      vertex 0 67.25 11.901923788646684
    endloop
  endfacet
  facet normal 0 -0.5446390350150293 0.8386705679454227
    outer loop
      vertex 0 67.25 11.901923788646684
      vertex 3 67.25 11.901923788646684
      vertex 0 67.51335575687742 12.072949016875157
    endloop
  endfacet
  facet normal 0 -0.6293203910498374 0.7771459614569709
    outer loop
      vertex 0 67.51335575687742 12.072949016875157
      vertex 3 67.51335575687742 12.072949016875157
      vertex 0 67.75739181907657 12.270565523567818
    endloop
  endfacet
  facet normal 0 -0.7071067811865589 0.7071067811865362
    outer loop
      vertex 0 67.75739181907657 12.270565523567818
      vertex 3 67.75739181907657 12.270565523567818
      vertex 0 67.97943447643217 12.492608180923426
    endloop
  endfacet
  facet normal 0 -0.7771459614569554 0.6293203910498565
    outer loop
      vertex 0 67.97943447643217 12.492608180923426
      vertex 3 67.97943447643217 12.492608180923426
      vertex 0 68.17705098312484 12.73664424312258
    endloop
  endfacet
  facet normal 0 -0.8386705679454259 0.5446390350150241
    outer loop
      vertex 0 68.17705098312484 12.73664424312258
      vertex 3 68.17705098312484 12.73664424312258
      vertex 0 68.34807621135332 13
    endloop
  endfacet
  facet normal 0 -0.8910065241883582 0.45399049973956557
    outer loop
      vertex 0 68.34807621135332 13
      vertex 3 68.34807621135332 13
      vertex 0 68.49063637292781 13.279790070772599
    endloop
  endfacet
  facet normal 0 -0.4539904997395384 0.891006524188372
    outer loop
      vertex 0 67.25 11.901923788646684
      vertex 3 66.9702099292274 11.759363627072197
      vertex 3 67.25 11.901923788646684
    endloop
  endfacet
  facet normal 0 -0.5446390350150293 0.8386705679454227
    outer loop
      vertex 0 67.51335575687742 12.072949016875157
      vertex 3 67.25 11.901923788646684
      vertex 3 67.51335575687742 12.072949016875157
    endloop
  endfacet
  facet normal 0 -0.6293203910498374 0.7771459614569709
    outer loop
      vertex 0 67.75739181907657 12.270565523567818
      vertex 3 67.51335575687742 12.072949016875157
      vertex 3 67.75739181907657 12.270565523567818
    endloop
  endfacet
  facet normal 0 -0.7071067811865589 0.7071067811865362
    outer loop
      vertex 0 67.97943447643217 12.492608180923426
      vertex 3 67.75739181907657 12.270565523567818
      vertex 3 67.97943447643217 12.492608180923426
    endloop
  endfacet
  facet normal 3.351973836740326e-18 -0.7771459614569554 0.6293203910498565
    outer loop
      vertex 3 67.97943447643217 12.492608180923426
      vertex 3 68.17705098312484 12.73664424312258
      vertex 0 68.17705098312484 12.73664424312258
    endloop
  endfacet
  facet normal 0 -0.8386705679454259 0.5446390350150241
    outer loop
      vertex 0 68.34807621135332 13
      vertex 3 68.17705098312484 12.73664424312258
      vertex 3 68.34807621135332 13
    endloop
  endfacet
  facet normal -8.90781084451718e-19 -0.8910065241883582 0.45399049973956557
    outer loop
      vertex 3 68.34807621135332 13
      vertex 3 68.49063637292781 13.279790070772599
      vertex 0 68.49063637292781 13.279790070772599
    endloop
  endfacet
  facet normal 0 -0.933580426497209 0.3583679495452813
    outer loop
      vertex 0 68.49063637292781 13.279790070772599
      vertex 3 68.49063637292781 13.279790070772599
      vertex 0 68.60316954888546 13.572949016875157
    endloop
  endfacet
  facet normal 0 -0.9659258262890684 0.2588190451025205
    outer loop
      vertex 0 68.60316954888546 13.572949016875157
      vertex 3 68.60316954888546 13.572949016875157
      vertex 0 68.68444280220142 13.876264927546721
    endloop
  endfacet
  facet normal 0 -0.9876883405951425 0.1564344650402008
    outer loop
      vertex 0 68.68444280220142 13.876264927546721
      vertex 3 68.68444280220142 13.876264927546721
      vertex 0 68.73356568610481 14.18641461019704
    endloop
  endfacet
  facet normal 0 -0.9986295347545723 0.05233595624297335
    outer loop
      vertex 0 68.73356568610481 14.18641461019704
      vertex 3 68.73356568610481 14.18641461019704
      vertex 0 68.75 14.5
    endloop
  endfacet
  facet normal 0 -0.933580426497209 0.3583679495452813
    outer loop
      vertex 0 68.60316954888546 13.572949016875157
      vertex 3 68.49063637292781 13.279790070772599
      vertex 3 68.60316954888546 13.572949016875157
    endloop
  endfacet
  facet normal 0 -0.9659258262890684 0.2588190451025205
    outer loop
      vertex 0 68.68444280220142 13.876264927546721
      vertex 3 68.60316954888546 13.572949016875157
      vertex 3 68.68444280220142 13.876264927546721
    endloop
  endfacet
  facet normal 0 -0.9876883405951425 0.1564344650402008
    outer loop
      vertex 0 68.73356568610481 14.18641461019704
      vertex 3 68.68444280220142 13.876264927546721
      vertex 3 68.73356568610481 14.18641461019704
    endloop
  endfacet
  facet normal 0 -0.9986295347545723 0.05233595624297335
    outer loop
      vertex 0 68.75 14.5
      vertex 3 68.73356568610481 14.18641461019704
      vertex 3 68.75 14.5
    endloop
  endfacet
  facet normal 0 -1 0
    outer loop
      vertex 0 68.75 14.5
      vertex 3 68.75 14.5
      vertex 0 68.75 26.5
    endloop
  endfacet
  facet normal 0 -1 0
    outer loop
      vertex 3 68.75 14.5
      vertex 3 68.75 26.5
      vertex 0 68.75 26.5
    endloop
  endfacet
  facet normal -2.1709174724150924e-19 0.9986295347545735 -0.05233595624295079
    outer loop
      vertex 0 52.5 26.5
      vertex 0 52.51643431389518 26.81358538980296
      vertex 3 52.51643431389518 26.81358538980296
    endloop
  endfacet
  facet normal -7.400734556339219e-19 0.9876883405951391 -0.15643446504022288
    outer loop
      vertex 0 52.51643431389518 26.81358538980296
      vertex 0 52.56555719779858 27.12373507245328
      vertex 3 52.56555719779858 27.12373507245328
    endloop
  endfacet
  facet normal -9.103038467489617e-19 0.9659258262890684 -0.2588190451025205
    outer loop
      vertex 0 52.56555719779858 27.12373507245328
      vertex 0 52.64683045111454 27.427050983124843
      vertex 3 52.64683045111454 27.427050983124843
    endloop
  endfacet
  facet normal 0 0.9986295347545735 -0.05233595624295079
    outer loop
      vertex 0 52.5 26.5
      vertex 3 52.51643431389518 26.81358538980296
      vertex 3 52.5 26.5
    endloop
  endfacet
  facet normal 0 0.9876883405951391 -0.15643446504022288
    outer loop
      vertex 0 52.51643431389518 26.81358538980296
      vertex 3 52.56555719779858 27.12373507245328
      vertex 3 52.51643431389518 26.81358538980296
    endloop
  endfacet
  facet normal 0 0.9659258262890684 -0.2588190451025205
    outer loop
      vertex 0 52.56555719779858 27.12373507245328
      vertex 3 52.64683045111454 27.427050983124843
      vertex 3 52.56555719779858 27.12373507245328
    endloop
  endfacet
  facet normal 8.221001381439293e-19 0.9335804264972014 -0.35836794954530105
    outer loop
      vertex 0 52.64683045111454 27.427050983124843
      vertex 0 52.7593636270722 27.7202099292274
      vertex 3 52.7593636270722 27.7202099292274
    endloop
  endfacet
  facet normal 0 0.9335804264972014 -0.35836794954530105
    outer loop
      vertex 0 52.64683045111454 27.427050983124843
      vertex 3 52.7593636270722 27.7202099292274
      vertex 3 52.64683045111454 27.427050983124843
    endloop
  endfacet
  facet normal 0 0.8910065241883673 -0.4539904997395476
    outer loop
      vertex 0 52.7593636270722 27.7202099292274
      vertex 3 52.901923788646684 28
      vertex 3 52.7593636270722 27.7202099292274
    endloop
  endfacet
  facet normal 2.75503106118387e-18 0.8910065241883673 -0.4539904997395476
    outer loop
      vertex 0 52.7593636270722 27.7202099292274
      vertex 0 52.901923788646684 28
      vertex 3 52.901923788646684 28
    endloop
  endfacet
  facet normal 2.3524662122734054e-18 0.8386705679454259 -0.5446390350150241
    outer loop
      vertex 0 52.901923788646684 28
      vertex 0 53.07294901687516 28.26335575687742
      vertex 3 53.07294901687516 28.26335575687742
    endloop
  endfacet
  facet normal -3.225117456358955e-18 0.7771459614569663 -0.6293203910498428
    outer loop
      vertex 0 53.07294901687516 28.26335575687742
      vertex 0 53.27056552356782 28.507391819076574
      vertex 3 53.27056552356782 28.507391819076574
    endloop
  endfacet
  facet normal 2.6473444597454152e-18 0.7071067811865476 -0.7071067811865476
    outer loop
      vertex 0 53.27056552356782 28.507391819076574
      vertex 0 53.492608180923426 28.729434476432182
      vertex 3 53.492608180923426 28.729434476432182
    endloop
  endfacet
  facet normal -1.9018481204007872e-18 0.6293203910498374 -0.7771459614569709
    outer loop
      vertex 0 53.492608180923426 28.729434476432182
      vertex 0 53.73664424312258 28.927050983124843
      vertex 3 53.73664424312258 28.927050983124843
    endloop
  endfacet
  facet normal -1.8085758839818468e-18 0.5446390350150293 -0.8386705679454227
    outer loop
      vertex 0 53.73664424312258 28.927050983124843
      vertex 0 54 29.098076211353316
      vertex 3 54 29.098076211353316
    endloop
  endfacet
  facet normal 2.75503106118387e-18 0.4539904997395476 -0.8910065241883673
    outer loop
      vertex 0 54 29.098076211353316
      vertex 0 54.2797900707726 29.240636372927803
      vertex 3 54.2797900707726 29.240636372927803
    endloop
  endfacet
  facet normal 8.221001381439293e-19 0.35836794954530105 -0.9335804264972014
    outer loop
      vertex 0 54.2797900707726 29.240636372927803
      vertex 0 54.57294901687516 29.35316954888546
      vertex 3 54.57294901687516 29.35316954888546
    endloop
  endfacet
  facet normal 0 0.8386705679454259 -0.5446390350150241
    outer loop
      vertex 0 52.901923788646684 28
      vertex 3 53.07294901687516 28.26335575687742
      vertex 3 52.901923788646684 28
    endloop
  endfacet
  facet normal 0 0.7771459614569663 -0.6293203910498428
    outer loop
      vertex 0 53.07294901687516 28.26335575687742
      vertex 3 53.27056552356782 28.507391819076574
      vertex 3 53.07294901687516 28.26335575687742
    endloop
  endfacet
  facet normal 0 0.7071067811865476 -0.7071067811865476
    outer loop
      vertex 0 53.27056552356782 28.507391819076574
      vertex 3 53.492608180923426 28.729434476432182
      vertex 3 53.27056552356782 28.507391819076574
    endloop
  endfacet
  facet normal 0 0.6293203910498374 -0.7771459614569709
    outer loop
      vertex 0 53.492608180923426 28.729434476432182
      vertex 3 53.73664424312258 28.927050983124843
      vertex 3 53.492608180923426 28.729434476432182
    endloop
  endfacet
  facet normal 0 0.5446390350150293 -0.8386705679454227
    outer loop
      vertex 0 53.73664424312258 28.927050983124843
      vertex 3 54 29.098076211353316
      vertex 3 53.73664424312258 28.927050983124843
    endloop
  endfacet
  facet normal 0 0.4539904997395476 -0.8910065241883673
    outer loop
      vertex 0 54 29.098076211353316
      vertex 3 54.2797900707726 29.240636372927803
      vertex 3 54 29.098076211353316
    endloop
  endfacet
  facet normal 0 0.35836794954530105 -0.9335804264972014
    outer loop
      vertex 0 54.2797900707726 29.240636372927803
      vertex 3 54.57294901687516 29.35316954888546
      vertex 3 54.2797900707726 29.240636372927803
    endloop
  endfacet
  facet normal -9.103038467489617e-19 0.2588190451025205 -0.9659258262890684
    outer loop
      vertex 0 54.57294901687516 29.35316954888546
      vertex 0 54.87626492754672 29.434442802201417
      vertex 3 54.87626492754672 29.434442802201417
    endloop
  endfacet
  facet normal -7.400734556339219e-19 0.15643446504022288 -0.9876883405951391
    outer loop
      vertex 0 54.87626492754672 29.434442802201417
      vertex 0 55.18641461019704 29.483565686104818
      vertex 3 55.18641461019704 29.483565686104818
    endloop
  endfacet
  facet normal -2.1709174724150924e-19 0.05233595624295079 -0.9986295347545735
    outer loop
      vertex 0 55.18641461019704 29.483565686104818
      vertex 0 55.5 29.5
      vertex 3 55.5 29.5
    endloop
  endfacet
  facet normal 0 0.2588190451025205 -0.9659258262890684
    outer loop
      vertex 0 54.57294901687516 29.35316954888546
      vertex 3 54.87626492754672 29.434442802201417
      vertex 3 54.57294901687516 29.35316954888546
    endloop
  endfacet
  facet normal 0 0.15643446504022288 -0.9876883405951391
    outer loop
      vertex 0 54.87626492754672 29.434442802201417
      vertex 3 55.18641461019704 29.483565686104818
      vertex 3 54.87626492754672 29.434442802201417
    endloop
  endfacet
  facet normal 0 0.05233595624295079 -0.9986295347545735
    outer loop
      vertex 0 55.18641461019704 29.483565686104818
      vertex 3 55.5 29.5
      vertex 3 55.18641461019704 29.483565686104818
    endloop
  endfacet
  facet normal 0 0 -1
    outer loop
      vertex 0 55.5 29.5
      vertex 3 65.75 29.5
      vertex 3 55.5 29.5
    endloop
  endfacet
  facet normal 0 -0.8386705679454259 -0.5446390350150241
    outer loop
      vertex 0 68.34807621135332 28
      vertex 3 68.34807621135332 28
      vertex 0 68.17705098312484 28.26335575687742
    endloop
  endfacet
  facet normal 0 -0.7071067811865589 -0.7071067811865362
    outer loop
      vertex 0 67.97943447643217 28.507391819076574
      vertex 3 67.97943447643217 28.507391819076574
      vertex 0 67.75739181907657 28.729434476432182
    endloop
  endfacet
  facet normal -3.351973836740326e-18 -0.7771459614569554 -0.6293203910498565
    outer loop
      vertex 0 67.97943447643217 28.507391819076574
      vertex 0 68.17705098312484 28.26335575687742
      vertex 3 68.17705098312484 28.26335575687742
    endloop
  endfacet
  facet normal 1.8085758839818468e-18 -0.5446390350150293 -0.8386705679454227
    outer loop
      vertex 0 67.25 29.098076211353316
      vertex 0 67.51335575687742 28.927050983124843
      vertex 3 67.51335575687742 28.927050983124843
    endloop
  endfacet
  facet normal 0 -0.4539904997395384 -0.891006524188372
    outer loop
      vertex 0 67.25 29.098076211353316
      vertex 3 67.25 29.098076211353316
      vertex 0 66.9702099292274 29.240636372927803
    endloop
  endfacet
  facet normal 9.012828479923967e-19 -0.3583679495453086 -0.9335804264971985
    outer loop
      vertex 0 66.67705098312484 29.35316954888546
      vertex 0 66.9702099292274 29.240636372927803
      vertex 3 66.9702099292274 29.240636372927803
    endloop
  endfacet
  facet normal 1.9018481204007872e-18 -0.6293203910498374 -0.7771459614569709
    outer loop
      vertex 0 67.51335575687742 28.927050983124843
      vertex 0 67.75739181907657 28.729434476432182
      vertex 3 67.75739181907657 28.729434476432182
    endloop
  endfacet
  facet normal 0 -0.3583679495453086 -0.9335804264971985
    outer loop
      vertex 0 66.67705098312484 29.35316954888546
      vertex 3 66.9702099292274 29.240636372927803
      vertex 3 66.67705098312484 29.35316954888546
    endloop
  endfacet
  facet normal 8.90781084451718e-19 -0.8910065241883582 -0.45399049973956557
    outer loop
      vertex 3 68.49063637292781 27.7202099292274
      vertex 3 68.34807621135332 28
      vertex 0 68.34807621135332 28
    endloop
  endfacet
  facet normal 0 -0.8386705679454259 -0.5446390350150241
    outer loop
      vertex 0 68.17705098312484 28.26335575687742
      vertex 3 68.34807621135332 28
      vertex 3 68.17705098312484 28.26335575687742
    endloop
  endfacet
  facet normal 0 -0.7771459614569554 -0.6293203910498565
    outer loop
      vertex 0 67.97943447643217 28.507391819076574
      vertex 3 68.17705098312484 28.26335575687742
      vertex 3 67.97943447643217 28.507391819076574
    endloop
  endfacet
  facet normal 0 -0.6293203910498374 -0.7771459614569709
    outer loop
      vertex 0 67.51335575687742 28.927050983124843
      vertex 3 67.75739181907657 28.729434476432182
      vertex 3 67.51335575687742 28.927050983124843
    endloop
  endfacet
  facet normal 0 -0.4539904997395384 -0.891006524188372
    outer loop
      vertex 0 66.9702099292274 29.240636372927803
      vertex 3 67.25 29.098076211353316
      vertex 3 66.9702099292274 29.240636372927803
    endloop
  endfacet
  facet normal 0 -0.5446390350150293 -0.8386705679454227
    outer loop
      vertex 0 67.25 29.098076211353316
      vertex 3 67.51335575687742 28.927050983124843
      vertex 3 67.25 29.098076211353316
    endloop
  endfacet
  facet normal 0 -0.7071067811865589 -0.7071067811865362
    outer loop
      vertex 0 67.75739181907657 28.729434476432182
      vertex 3 67.97943447643217 28.507391819076574
      vertex 3 67.75739181907657 28.729434476432182
    endloop
  endfacet
  facet normal 0 -0.9986295347545723 -0.05233595624297335
    outer loop
      vertex 0 68.75 26.5
      vertex 3 68.75 26.5
      vertex 0 68.73356568610481 26.81358538980296
    endloop
  endfacet
  facet normal 0 -0.9876883405951425 -0.1564344650402008
    outer loop
      vertex 0 68.73356568610481 26.81358538980296
      vertex 3 68.73356568610481 26.81358538980296
      vertex 0 68.68444280220142 27.12373507245328
    endloop
  endfacet
  facet normal 0 -0.9659258262890684 -0.2588190451025205
    outer loop
      vertex 0 68.68444280220142 27.12373507245328
      vertex 3 68.68444280220142 27.12373507245328
      vertex 0 68.60316954888546 27.427050983124843
    endloop
  endfacet
  facet normal 0 -0.933580426497209 -0.3583679495452813
    outer loop
      vertex 0 68.60316954888546 27.427050983124843
      vertex 3 68.60316954888546 27.427050983124843
      vertex 0 68.49063637292781 27.7202099292274
    endloop
  endfacet
  facet normal 0 -0.8910065241883582 -0.45399049973956557
    outer loop
      vertex 0 68.49063637292781 27.7202099292274
      vertex 3 68.49063637292781 27.7202099292274
      vertex 0 68.34807621135332 28
    endloop
  endfacet
  facet normal 0 -0.9986295347545723 -0.05233595624297335
    outer loop
      vertex 0 68.73356568610481 26.81358538980296
      vertex 3 68.75 26.5
      vertex 3 68.73356568610481 26.81358538980296
    endloop
  endfacet
  facet normal 0 -0.9876883405951425 -0.1564344650402008
    outer loop
      vertex 0 68.68444280220142 27.12373507245328
      vertex 3 68.73356568610481 26.81358538980296
      vertex 3 68.68444280220142 27.12373507245328
    endloop
  endfacet
  facet normal 0 -0.9659258262890684 -0.2588190451025205
    outer loop
      vertex 0 68.60316954888546 27.427050983124843
      vertex 3 68.68444280220142 27.12373507245328
      vertex 3 68.60316954888546 27.427050983124843
    endloop
  endfacet
  facet normal 0 -0.933580426497209 -0.3583679495452813
    outer loop
      vertex 0 68.49063637292781 27.7202099292274
      vertex 3 68.60316954888546 27.427050983124843
      vertex 3 68.49063637292781 27.7202099292274
    endloop
  endfacet
  facet normal 0 0 -1
    outer loop
      vertex 0 55.5 29.5
      vertex 0 65.75 29.5
      vertex 3 65.75 29.5
    endloop
  endfacet
  facet normal -3.6286927446467367e-19 -0.0523359562429496 -0.9986295347545735
    outer loop
      vertex 0 65.75 29.5
      vertex 0 66.06358538980297 29.483565686104818
      vertex 3 66.06358538980297 29.483565686104818
    endloop
  endfacet
  facet normal 7.400734556339219e-19 -0.15643446504022288 -0.9876883405951391
    outer loop
      vertex 0 66.06358538980297 29.483565686104818
      vertex 0 66.37373507245329 29.434442802201417
      vertex 3 66.37373507245329 29.434442802201417
    endloop
  endfacet
  facet normal 0 -0.2588190451025261 -0.9659258262890668
    outer loop
      vertex 0 66.67705098312484 29.35316954888546
      vertex 3 66.67705098312484 29.35316954888546
      vertex 0 66.37373507245329 29.434442802201417
    endloop
  endfacet
  facet normal 0 -0.0523359562429496 -0.9986295347545735
    outer loop
      vertex 0 65.75 29.5
      vertex 3 66.06358538980297 29.483565686104818
      vertex 3 65.75 29.5
    endloop
  endfacet
  facet normal 0 -0.15643446504022288 -0.9876883405951391
    outer loop
      vertex 0 66.06358538980297 29.483565686104818
      vertex 3 66.37373507245329 29.434442802201417
      vertex 3 66.06358538980297 29.483565686104818
    endloop
  endfacet
  facet normal -1.12403519555342e-18 -0.2588190451025261 -0.9659258262890668
    outer loop
      vertex 3 66.67705098312484 29.35316954888546
      vertex 3 66.37373507245329 29.434442802201417
      vertex 0 66.37373507245329 29.434442802201417
    endloop
  endfacet
  facet normal -8.221001381439293e-19 0.35836794954530105 0.9335804264972014
    outer loop
      vertex 0 10.072949016875157 11.646830451114539
      vertex 0 9.779790070772599 11.759363627072197
      vertex 3 9.779790070772599 11.759363627072197
    endloop
  endfacet
  facet normal 9.103038467489617e-19 0.2588190451025205 0.9659258262890684
    outer loop
      vertex 0 10.376264927546721 11.565557197798583
      vertex 0 10.072949016875157 11.646830451114539
      vertex 3 10.072949016875157 11.646830451114539
    endloop
  endfacet
  facet normal 0 0.1564344650402284 0.9876883405951381
    outer loop
      vertex 0 10.376264927546721 11.565557197798583
      vertex 3 10.376264927546721 11.565557197798583
      vertex 0 10.68641461019704 11.51643431389518
    endloop
  endfacet
  facet normal 0 0.05233595624294514 0.9986295347545737
    outer loop
      vertex 0 10.68641461019704 11.51643431389518
      vertex 3 10.68641461019704 11.51643431389518
      vertex 0 11 11.5
    endloop
  endfacet
  facet normal 0 0.35836794954530105 0.9335804264972014
    outer loop
      vertex 0 10.072949016875157 11.646830451114539
      vertex 3 9.779790070772599 11.759363627072197
      vertex 3 10.072949016875157 11.646830451114539
    endloop
  endfacet
  facet normal 0 0.2588190451025205 0.9659258262890684
    outer loop
      vertex 0 10.376264927546721 11.565557197798583
      vertex 3 10.072949016875157 11.646830451114539
      vertex 3 10.376264927546721 11.565557197798583
    endloop
  endfacet
  facet normal 0 0.1564344650402284 0.9876883405951381
    outer loop
      vertex 0 10.68641461019704 11.51643431389518
      vertex 3 10.376264927546721 11.565557197798583
      vertex 3 10.68641461019704 11.51643431389518
    endloop
  endfacet
  facet normal 0 0.05233595624294514 0.9986295347545737
    outer loop
      vertex 0 11 11.5
      vertex 3 10.68641461019704 11.51643431389518
      vertex 3 11 11.5
    endloop
  endfacet
  facet normal 0 0 1
    outer loop
      vertex 0 11 11.5
      vertex 3 11 11.5
      vertex 0 21.25 11.5
    endloop
  endfacet
  facet normal 0 0 1
    outer loop
      vertex 3 11 11.5
      vertex 3 21.25 11.5
      vertex 0 21.25 11.5
    endloop
  endfacet
  facet normal 0 -0.05233595624294514 0.9986295347545737
    outer loop
      vertex 0 21.25 11.5
      vertex 3 21.25 11.5
      vertex 0 21.56358538980296 11.51643431389518
    endloop
  endfacet
  facet normal 0 -0.1564344650402284 0.9876883405951381
    outer loop
      vertex 0 21.56358538980296 11.51643431389518
      vertex 3 21.56358538980296 11.51643431389518
      vertex 0 21.87373507245328 11.565557197798583
    endloop
  endfacet
  facet normal 0 -0.2588190451025205 0.9659258262890684
    outer loop
      vertex 0 21.87373507245328 11.565557197798583
      vertex 3 21.87373507245328 11.565557197798583
      vertex 0 22.177050983124843 11.646830451114539
    endloop
  endfacet
  facet normal 0 -0.35836794954530105 0.9335804264972014
    outer loop
      vertex 0 22.177050983124843 11.646830451114539
      vertex 3 22.177050983124843 11.646830451114539
      vertex 0 22.4702099292274 11.759363627072197
    endloop
  endfacet
  facet normal 0 -0.05233595624294514 0.9986295347545737
    outer loop
      vertex 0 21.56358538980296 11.51643431389518
      vertex 3 21.25 11.5
      vertex 3 21.56358538980296 11.51643431389518
    endloop
  endfacet
  facet normal 3.5240695887922497e-19 -0.1564344650402284 0.9876883405951381
    outer loop
      vertex 3 21.56358538980296 11.51643431389518
      vertex 3 21.87373507245328 11.565557197798583
      vertex 0 21.87373507245328 11.565557197798583
    endloop
  endfacet
  facet normal 0 -0.2588190451025205 0.9659258262890684
    outer loop
      vertex 0 22.177050983124843 11.646830451114539
      vertex 3 21.87373507245328 11.565557197798583
      vertex 3 22.177050983124843 11.646830451114539
    endloop
  endfacet
  facet normal 8.221001381439293e-19 -0.35836794954530105 0.9335804264972014
    outer loop
      vertex 3 22.177050983124843 11.646830451114539
      vertex 3 22.4702099292274 11.759363627072197
      vertex 0 22.4702099292274 11.759363627072197
    endloop
  endfacet
  facet normal 0 0.8386705679454259 0.5446390350150241
    outer loop
      vertex 0 8.401923788646684 13
      vertex 3 8.401923788646684 13
      vertex 0 8.572949016875157 12.73664424312258
    endloop
  endfacet
  facet normal -2.75503106118387e-18 0.8910065241883673 0.4539904997395476
    outer loop
      vertex 0 8.401923788646684 13
      vertex 0 8.259363627072197 13.279790070772599
      vertex 3 8.259363627072197 13.279790070772599
    endloop
  endfacet
  facet normal 0 0.8910065241883673 0.4539904997395476
    outer loop
      vertex 0 8.401923788646684 13
      vertex 3 8.259363627072197 13.279790070772599
      vertex 3 8.401923788646684 13
    endloop
  endfacet
  facet normal -8.221001381439293e-19 0.9335804264972014 0.35836794954530105
    outer loop
      vertex 0 8.259363627072197 13.279790070772599
      vertex 0 8.146830451114539 13.572949016875157
      vertex 3 8.146830451114539 13.572949016875157
    endloop
  endfacet
  facet normal 9.103038467489617e-19 0.9659258262890684 0.2588190451025205
    outer loop
      vertex 0 8.146830451114539 13.572949016875157
      vertex 0 8.065557197798583 13.876264927546721
      vertex 3 8.065557197798583 13.876264927546721
    endloop
  endfacet
  facet normal -3.5240695887922497e-19 0.9876883405951381 0.1564344650402284
    outer loop
      vertex 0 8.065557197798583 13.876264927546721
      vertex 0 8.01643431389518 14.18641461019704
      vertex 3 8.01643431389518 14.18641461019704
    endloop
  endfacet
  facet normal 4.223002775428501e-19 0.9986295347545737 0.05233595624294514
    outer loop
      vertex 0 8.01643431389518 14.18641461019704
      vertex 0 8 14.5
      vertex 3 8 14.5
    endloop
  endfacet
  facet normal 0 0.9335804264972014 0.35836794954530105
    outer loop
      vertex 0 8.259363627072197 13.279790070772599
      vertex 3 8.146830451114539 13.572949016875157
      vertex 3 8.259363627072197 13.279790070772599
    endloop
  endfacet
  facet normal 0 0.9659258262890684 0.2588190451025205
    outer loop
      vertex 0 8.146830451114539 13.572949016875157
      vertex 3 8.065557197798583 13.876264927546721
      vertex 3 8.146830451114539 13.572949016875157
    endloop
  endfacet
  facet normal 0 0.9876883405951381 0.1564344650402284
    outer loop
      vertex 0 8.065557197798583 13.876264927546721
      vertex 3 8.01643431389518 14.18641461019704
      vertex 3 8.065557197798583 13.876264927546721
    endloop
  endfacet
  facet normal 0 0.9986295347545737 0.05233595624294514
    outer loop
      vertex 0 8.01643431389518 14.18641461019704
      vertex 3 8 14.5
      vertex 3 8.01643431389518 14.18641461019704
    endloop
  endfacet
  facet normal -2.6473444597454152e-18 0.7071067811865476 0.7071067811865476
    outer loop
      vertex 0 8.992608180923426 12.270565523567818
      vertex 0 8.770565523567818 12.492608180923426
      vertex 3 8.770565523567818 12.492608180923426
    endloop
  endfacet
  facet normal 3.225117456358955e-18 0.6293203910498428 0.7771459614569663
    outer loop
      vertex 0 9.23664424312258 12.072949016875157
      vertex 0 8.992608180923426 12.270565523567818
      vertex 3 8.992608180923426 12.270565523567818
    endloop
  endfacet
  facet normal 0 0.4539904997395476 0.8910065241883673
    outer loop
      vertex 0 9.5 11.901923788646684
      vertex 3 9.5 11.901923788646684
      vertex 0 9.779790070772599 11.759363627072197
    endloop
  endfacet
  facet normal 0 0.5446390350150241 0.8386705679454259
    outer loop
      vertex 0 9.23664424312258 12.072949016875157
      vertex 3 9.23664424312258 12.072949016875157
      vertex 0 9.5 11.901923788646684
    endloop
  endfacet
  facet normal 3.225117456358955e-18 0.7771459614569663 0.6293203910498428
    outer loop
      vertex 0 8.770565523567818 12.492608180923426
      vertex 0 8.572949016875157 12.73664424312258
      vertex 3 8.572949016875157 12.73664424312258
    endloop
  endfacet
  facet normal 0 0.6293203910498428 0.7771459614569663
    outer loop
      vertex 0 9.23664424312258 12.072949016875157
      vertex 3 8.992608180923426 12.270565523567818
      vertex 3 9.23664424312258 12.072949016875157
    endloop
  endfacet
  facet normal 0 0.7071067811865476 0.7071067811865476
    outer loop
      vertex 0 8.992608180923426 12.270565523567818
      vertex 3 8.770565523567818 12.492608180923426
      vertex 3 8.992608180923426 12.270565523567818
    endloop
  endfacet
  facet normal -2.3524662122734054e-18 0.5446390350150241 0.8386705679454259
    outer loop
      vertex 3 9.23664424312258 12.072949016875157
      vertex 3 9.5 11.901923788646684
      vertex 0 9.5 11.901923788646684
    endloop
  endfacet
  facet normal 0 0.4539904997395476 0.8910065241883673
    outer loop
      vertex 0 9.779790070772599 11.759363627072197
      vertex 3 9.5 11.901923788646684
      vertex 3 9.779790070772599 11.759363627072197
    endloop
  endfacet
  facet normal 0 0.7771459614569663 0.6293203910498428
    outer loop
      vertex 0 8.770565523567818 12.492608180923426
      vertex 3 8.572949016875157 12.73664424312258
      vertex 3 8.770565523567818 12.492608180923426
    endloop
  endfacet
  facet normal 0 0.8386705679454259 0.5446390350150241
    outer loop
      vertex 0 8.572949016875157 12.73664424312258
      vertex 3 8.401923788646684 13
      vertex 3 8.572949016875157 12.73664424312258
    endloop
  endfacet
  facet normal 0 1 0
    outer loop
      vertex 0 8 14.5
      vertex 3 8 26.5
      vertex 3 8 14.5
    endloop
  endfacet
  facet normal 0 1 0
    outer loop
      vertex 0 8 14.5
      vertex 0 8 26.5
      vertex 3 8 26.5
    endloop
  endfacet
  facet normal 0 -0.4539904997395476 0.8910065241883673
    outer loop
      vertex 0 22.4702099292274 11.759363627072197
      vertex 3 22.4702099292274 11.759363627072197
      vertex 0 22.75 11.901923788646684
    endloop
  endfacet
  facet normal 0 -0.5446390350150241 0.8386705679454259
    outer loop
      vertex 0 22.75 11.901923788646684
      vertex 3 22.75 11.901923788646684
      vertex 0 23.01335575687742 12.072949016875157
    endloop
  endfacet
  facet normal 0 -0.6293203910498428 0.7771459614569663
    outer loop
      vertex 0 23.01335575687742 12.072949016875157
      vertex 3 23.01335575687742 12.072949016875157
      vertex 0 23.257391819076574 12.270565523567818
    endloop
  endfacet
  facet normal 0 -0.7071067811865476 0.7071067811865476
    outer loop
      vertex 0 23.257391819076574 12.270565523567818
      vertex 3 23.257391819076574 12.270565523567818
      vertex 0 23.479434476432182 12.492608180923426
    endloop
  endfacet
  facet normal 0 -0.7771459614569663 0.6293203910498428
    outer loop
      vertex 0 23.479434476432182 12.492608180923426
      vertex 3 23.479434476432182 12.492608180923426
      vertex 0 23.677050983124843 12.73664424312258
    endloop
  endfacet
  facet normal 0 -0.8386705679454259 0.5446390350150241
    outer loop
      vertex 0 23.677050983124843 12.73664424312258
      vertex 3 23.677050983124843 12.73664424312258
      vertex 0 23.848076211353316 13
    endloop
  endfacet
  facet normal 0 -0.8910065241883673 0.4539904997395476
    outer loop
      vertex 0 23.848076211353316 13
      vertex 3 23.848076211353316 13
      vertex 0 23.990636372927803 13.279790070772599
    endloop
  endfacet
  facet normal 0 -0.4539904997395476 0.8910065241883673
    outer loop
      vertex 0 22.75 11.901923788646684
      vertex 3 22.4702099292274 11.759363627072197
      vertex 3 22.75 11.901923788646684
    endloop
  endfacet
  facet normal 0 -0.5446390350150241 0.8386705679454259
    outer loop
      vertex 0 23.01335575687742 12.072949016875157
      vertex 3 22.75 11.901923788646684
      vertex 3 23.01335575687742 12.072949016875157
    endloop
  endfacet
  facet normal 0 -0.6293203910498428 0.7771459614569663
    outer loop
      vertex 0 23.257391819076574 12.270565523567818
      vertex 3 23.01335575687742 12.072949016875157
      vertex 3 23.257391819076574 12.270565523567818
    endloop
  endfacet
  facet normal 0 -0.7071067811865476 0.7071067811865476
    outer loop
      vertex 0 23.479434476432182 12.492608180923426
      vertex 3 23.257391819076574 12.270565523567818
      vertex 3 23.479434476432182 12.492608180923426
    endloop
  endfacet
  facet normal 0 -0.7771459614569663 0.6293203910498428
    outer loop
      vertex 0 23.677050983124843 12.73664424312258
      vertex 3 23.479434476432182 12.492608180923426
      vertex 3 23.677050983124843 12.73664424312258
    endloop
  endfacet
  facet normal 0 -0.8386705679454259 0.5446390350150241
    outer loop
      vertex 0 23.848076211353316 13
      vertex 3 23.677050983124843 12.73664424312258
      vertex 3 23.848076211353316 13
    endloop
  endfacet
  facet normal 2.75503106118387e-18 -0.8910065241883673 0.4539904997395476
    outer loop
      vertex 3 23.848076211353316 13
      vertex 3 23.990636372927803 13.279790070772599
      vertex 0 23.990636372927803 13.279790070772599
    endloop
  endfacet
  facet normal 0 -0.9335804264972014 0.35836794954530105
    outer loop
      vertex 0 23.990636372927803 13.279790070772599
      vertex 3 23.990636372927803 13.279790070772599
      vertex 0 24.10316954888546 13.572949016875157
    endloop
  endfacet
  facet normal 0 -0.9659258262890684 0.2588190451025205
    outer loop
      vertex 0 24.10316954888546 13.572949016875157
      vertex 3 24.10316954888546 13.572949016875157
      vertex 0 24.184442802201417 13.876264927546721
    endloop
  endfacet
  facet normal 0 -0.9876883405951391 0.15643446504022288
    outer loop
      vertex 0 24.184442802201417 13.876264927546721
      vertex 3 24.184442802201417 13.876264927546721
      vertex 0 24.233565686104818 14.18641461019704
    endloop
  endfacet
  facet normal 0 -0.9986295347545735 0.05233595624295079
    outer loop
      vertex 0 24.233565686104818 14.18641461019704
      vertex 3 24.233565686104818 14.18641461019704
      vertex 0 24.25 14.5
    endloop
  endfacet
  facet normal 0 -0.9335804264972014 0.35836794954530105
    outer loop
      vertex 0 24.10316954888546 13.572949016875157
      vertex 3 23.990636372927803 13.279790070772599
      vertex 3 24.10316954888546 13.572949016875157
    endloop
  endfacet
  facet normal 0 -0.9659258262890684 0.2588190451025205
    outer loop
      vertex 0 24.184442802201417 13.876264927546721
      vertex 3 24.10316954888546 13.572949016875157
      vertex 3 24.184442802201417 13.876264927546721
    endloop
  endfacet
  facet normal 0 -0.9876883405951391 0.15643446504022288
    outer loop
      vertex 0 24.233565686104818 14.18641461019704
      vertex 3 24.184442802201417 13.876264927546721
      vertex 3 24.233565686104818 14.18641461019704
    endloop
  endfacet
  facet normal 0 -0.9986295347545735 0.05233595624295079
    outer loop
      vertex 0 24.25 14.5
      vertex 3 24.233565686104818 14.18641461019704
      vertex 3 24.25 14.5
    endloop
  endfacet
  facet normal 0 -1 0
    outer loop
      vertex 0 24.25 14.5
      vertex 3 24.25 14.5
      vertex 0 24.25 26.5
    endloop
  endfacet
  facet normal 0 -1 0
    outer loop
      vertex 3 24.25 14.5
      vertex 3 24.25 26.5
      vertex 0 24.25 26.5
    endloop
  endfacet
  facet normal -4.223002775428501e-19 0.9986295347545737 -0.05233595624294514
    outer loop
      vertex 0 8 26.5
      vertex 0 8.01643431389518 26.81358538980296
      vertex 3 8.01643431389518 26.81358538980296
    endloop
  endfacet
  facet normal 3.5240695887922497e-19 0.9876883405951381 -0.1564344650402284
    outer loop
      vertex 0 8.01643431389518 26.81358538980296
      vertex 0 8.065557197798583 27.12373507245328
      vertex 3 8.065557197798583 27.12373507245328
    endloop
  endfacet
  facet normal -9.103038467489617e-19 0.9659258262890684 -0.2588190451025205
    outer loop
      vertex 0 8.065557197798583 27.12373507245328
      vertex 0 8.146830451114539 27.427050983124843
      vertex 3 8.146830451114539 27.427050983124843
    endloop
  endfacet
  facet normal 8.221001381439293e-19 0.9335804264972014 -0.35836794954530105
    outer loop
      vertex 0 8.146830451114539 27.427050983124843
      vertex 0 8.259363627072197 27.7202099292274
      vertex 3 8.259363627072197 27.7202099292274
    endloop
  endfacet
  facet normal 0 0.9986295347545737 -0.05233595624294514
    outer loop
      vertex 0 8 26.5
      vertex 3 8.01643431389518 26.81358538980296
      vertex 3 8 26.5
    endloop
  endfacet
  facet normal 0 0.9876883405951381 -0.1564344650402284
    outer loop
      vertex 0 8.01643431389518 26.81358538980296
      vertex 3 8.065557197798583 27.12373507245328
      vertex 3 8.01643431389518 26.81358538980296
    endloop
  endfacet
  facet normal 0 0.9659258262890684 -0.2588190451025205
    outer loop
      vertex 0 8.065557197798583 27.12373507245328
      vertex 3 8.146830451114539 27.427050983124843
      vertex 3 8.065557197798583 27.12373507245328
    endloop
  endfacet
  facet normal 0 0.9335804264972014 -0.35836794954530105
    outer loop
      vertex 0 8.146830451114539 27.427050983124843
      vertex 3 8.259363627072197 27.7202099292274
      vertex 3 8.146830451114539 27.427050983124843
    endloop
  endfacet
  facet normal 0 0.8910065241883673 -0.4539904997395476
    outer loop
      vertex 0 8.259363627072197 27.7202099292274
      vertex 3 8.401923788646684 28
      vertex 3 8.259363627072197 27.7202099292274
    endloop
  endfacet
  facet normal 2.75503106118387e-18 0.8910065241883673 -0.4539904997395476
    outer loop
      vertex 0 8.259363627072197 27.7202099292274
      vertex 0 8.401923788646684 28
      vertex 3 8.401923788646684 28
    endloop
  endfacet
  facet normal 0 0.8386705679454259 -0.5446390350150241
    outer loop
      vertex 0 8.401923788646684 28
      vertex 3 8.572949016875157 28.26335575687742
      vertex 3 8.401923788646684 28
    endloop
  endfacet
  facet normal 2.3524662122734054e-18 0.8386705679454259 -0.5446390350150241
    outer loop
      vertex 0 8.401923788646684 28
      vertex 0 8.572949016875157 28.26335575687742
      vertex 3 8.572949016875157 28.26335575687742
    endloop
  endfacet
  facet normal -3.225117456358955e-18 0.7771459614569663 -0.6293203910498428
    outer loop
      vertex 0 8.572949016875157 28.26335575687742
      vertex 0 8.770565523567818 28.507391819076574
      vertex 3 8.770565523567818 28.507391819076574
    endloop
  endfacet
  facet normal 2.6473444597454152e-18 0.7071067811865476 -0.7071067811865476
    outer loop
      vertex 0 8.770565523567818 28.507391819076574
      vertex 0 8.992608180923426 28.729434476432182
      vertex 3 8.992608180923426 28.729434476432182
    endloop
  endfacet
  facet normal -3.225117456358955e-18 0.6293203910498428 -0.7771459614569663
    outer loop
      vertex 0 8.992608180923426 28.729434476432182
      vertex 0 9.23664424312258 28.927050983124843
      vertex 3 9.23664424312258 28.927050983124843
    endloop
  endfacet
  facet normal 2.3524662122734054e-18 0.5446390350150241 -0.8386705679454259
    outer loop
      vertex 0 9.23664424312258 28.927050983124843
      vertex 0 9.5 29.098076211353316
      vertex 3 9.5 29.098076211353316
    endloop
  endfacet
  facet normal 2.75503106118387e-18 0.4539904997395476 -0.8910065241883673
    outer loop
      vertex 0 9.5 29.098076211353316
      vertex 0 9.779790070772599 29.240636372927803
      vertex 3 9.779790070772599 29.240636372927803
    endloop
  endfacet
  facet normal 8.221001381439293e-19 0.35836794954530105 -0.9335804264972014
    outer loop
      vertex 0 9.779790070772599 29.240636372927803
      vertex 0 10.072949016875157 29.35316954888546
      vertex 3 10.072949016875157 29.35316954888546
    endloop
  endfacet
  facet normal 0 0.7771459614569663 -0.6293203910498428
    outer loop
      vertex 0 8.572949016875157 28.26335575687742
      vertex 3 8.770565523567818 28.507391819076574
      vertex 3 8.572949016875157 28.26335575687742
    endloop
  endfacet
  facet normal 0 0.7071067811865476 -0.7071067811865476
    outer loop
      vertex 0 8.770565523567818 28.507391819076574
      vertex 3 8.992608180923426 28.729434476432182
      vertex 3 8.770565523567818 28.507391819076574
    endloop
  endfacet
  facet normal 0 0.6293203910498428 -0.7771459614569663
    outer loop
      vertex 0 8.992608180923426 28.729434476432182
      vertex 3 9.23664424312258 28.927050983124843
      vertex 3 8.992608180923426 28.729434476432182
    endloop
  endfacet
  facet normal 0 0.5446390350150241 -0.8386705679454259
    outer loop
      vertex 0 9.23664424312258 28.927050983124843
      vertex 3 9.5 29.098076211353316
      vertex 3 9.23664424312258 28.927050983124843
    endloop
  endfacet
  facet normal 0 0.4539904997395476 -0.8910065241883673
    outer loop
      vertex 0 9.5 29.098076211353316
      vertex 3 9.779790070772599 29.240636372927803
      vertex 3 9.5 29.098076211353316
    endloop
  endfacet
  facet normal 0 0.35836794954530105 -0.9335804264972014
    outer loop
      vertex 0 9.779790070772599 29.240636372927803
      vertex 3 10.072949016875157 29.35316954888546
      vertex 3 9.779790070772599 29.240636372927803
    endloop
  endfacet
  facet normal -9.103038467489617e-19 0.2588190451025205 -0.9659258262890684
    outer loop
      vertex 0 10.072949016875157 29.35316954888546
      vertex 0 10.376264927546721 29.434442802201417
      vertex 3 10.376264927546721 29.434442802201417
    endloop
  endfacet
  facet normal -7.400734556339219e-19 0.15643446504022288 -0.9876883405951391
    outer loop
      vertex 0 10.376264927546721 29.434442802201417
      vertex 0 10.68641461019704 29.483565686104818
      vertex 3 10.68641461019704 29.483565686104818
    endloop
  endfacet
  facet normal -2.1709174724150924e-19 0.05233595624295079 -0.9986295347545735
    outer loop
      vertex 0 10.68641461019704 29.483565686104818
      vertex 0 11 29.5
      vertex 3 11 29.5
    endloop
  endfacet
  facet normal 0 0.2588190451025205 -0.9659258262890684
    outer loop
      vertex 0 10.072949016875157 29.35316954888546
      vertex 3 10.376264927546721 29.434442802201417
      vertex 3 10.072949016875157 29.35316954888546
    endloop
  endfacet
  facet normal 0 0.15643446504022288 -0.9876883405951391
    outer loop
      vertex 0 10.376264927546721 29.434442802201417
      vertex 3 10.68641461019704 29.483565686104818
      vertex 3 10.376264927546721 29.434442802201417
    endloop
  endfacet
  facet normal 0 0.05233595624295079 -0.9986295347545735
    outer loop
      vertex 0 10.68641461019704 29.483565686104818
      vertex 3 11 29.5
      vertex 3 10.68641461019704 29.483565686104818
    endloop
  endfacet
  facet normal 0 -0.9986295347545735 -0.05233595624295079
    outer loop
      vertex 0 24.25 26.5
      vertex 3 24.25 26.5
      vertex 0 24.233565686104818 26.81358538980296
    endloop
  endfacet
  facet normal 0 -0.9876883405951391 -0.15643446504022288
    outer loop
      vertex 0 24.233565686104818 26.81358538980296
      vertex 3 24.233565686104818 26.81358538980296
      vertex 0 24.184442802201417 27.12373507245328
    endloop
  endfacet
  facet normal 0 -0.9659258262890684 -0.2588190451025205
    outer loop
      vertex 0 24.184442802201417 27.12373507245328
      vertex 3 24.184442802201417 27.12373507245328
      vertex 0 24.10316954888546 27.427050983124843
    endloop
  endfacet
  facet normal 0 -0.9335804264972014 -0.35836794954530105
    outer loop
      vertex 0 24.10316954888546 27.427050983124843
      vertex 3 24.10316954888546 27.427050983124843
      vertex 0 23.990636372927803 27.7202099292274
    endloop
  endfacet
  facet normal 0 -0.8910065241883673 -0.4539904997395476
    outer loop
      vertex 0 23.990636372927803 27.7202099292274
      vertex 3 23.990636372927803 27.7202099292274
      vertex 0 23.848076211353316 28
    endloop
  endfacet
  facet normal 0 -0.9986295347545735 -0.05233595624295079
    outer loop
      vertex 0 24.233565686104818 26.81358538980296
      vertex 3 24.25 26.5
      vertex 3 24.233565686104818 26.81358538980296
    endloop
  endfacet
  facet normal 0 -0.9876883405951391 -0.15643446504022288
    outer loop
      vertex 0 24.184442802201417 27.12373507245328
      vertex 3 24.233565686104818 26.81358538980296
      vertex 3 24.184442802201417 27.12373507245328
    endloop
  endfacet
  facet normal 0 -0.9659258262890684 -0.2588190451025205
    outer loop
      vertex 0 24.10316954888546 27.427050983124843
      vertex 3 24.184442802201417 27.12373507245328
      vertex 3 24.10316954888546 27.427050983124843
    endloop
  endfacet
  facet normal 0 -0.9335804264972014 -0.35836794954530105
    outer loop
      vertex 0 23.990636372927803 27.7202099292274
      vertex 3 24.10316954888546 27.427050983124843
      vertex 3 23.990636372927803 27.7202099292274
    endloop
  endfacet
  facet normal 0 -0.4539904997395476 -0.8910065241883673
    outer loop
      vertex 0 22.75 29.098076211353316
      vertex 3 22.75 29.098076211353316
      vertex 0 22.4702099292274 29.240636372927803
    endloop
  endfacet
  facet normal -8.221001381439293e-19 -0.35836794954530105 -0.9335804264972014
    outer loop
      vertex 0 22.177050983124843 29.35316954888546
      vertex 0 22.4702099292274 29.240636372927803
      vertex 3 22.4702099292274 29.240636372927803
    endloop
  endfacet
  facet normal 0 -0.7071067811865476 -0.7071067811865476
    outer loop
      vertex 0 23.479434476432182 28.507391819076574
      vertex 3 23.479434476432182 28.507391819076574
      vertex 0 23.257391819076574 28.729434476432182
    endloop
  endfacet
  facet normal 0 -0.8386705679454259 -0.5446390350150241
    outer loop
      vertex 0 23.848076211353316 28
      vertex 3 23.848076211353316 28
      vertex 0 23.677050983124843 28.26335575687742
    endloop
  endfacet
  facet normal 0 -0.7771459614569663 -0.6293203910498428
    outer loop
      vertex 0 23.677050983124843 28.26335575687742
      vertex 3 23.677050983124843 28.26335575687742
      vertex 0 23.479434476432182 28.507391819076574
    endloop
  endfacet
  facet normal 0 -0.5446390350150241 -0.8386705679454259
    outer loop
      vertex 0 23.01335575687742 28.927050983124843
      vertex 3 23.01335575687742 28.927050983124843
      vertex 0 22.75 29.098076211353316
    endloop
  endfacet
  facet normal 3.225117456358955e-18 -0.6293203910498428 -0.7771459614569663
    outer loop
      vertex 0 23.01335575687742 28.927050983124843
      vertex 0 23.257391819076574 28.729434476432182
      vertex 3 23.257391819076574 28.729434476432182
    endloop
  endfacet
  facet normal 0 -0.35836794954530105 -0.9335804264972014
    outer loop
      vertex 0 22.177050983124843 29.35316954888546
      vertex 3 22.4702099292274 29.240636372927803
      vertex 3 22.177050983124843 29.35316954888546
    endloop
  endfacet
  facet normal 0 -0.4539904997395476 -0.8910065241883673
    outer loop
      vertex 0 22.4702099292274 29.240636372927803
      vertex 3 22.75 29.098076211353316
      vertex 3 22.4702099292274 29.240636372927803
    endloop
  endfacet
  facet normal 0 -0.8386705679454259 -0.5446390350150241
    outer loop
      vertex 0 23.677050983124843 28.26335575687742
      vertex 3 23.848076211353316 28
      vertex 3 23.677050983124843 28.26335575687742
    endloop
  endfacet
  facet normal -2.75503106118387e-18 -0.8910065241883673 -0.4539904997395476
    outer loop
      vertex 3 23.990636372927803 27.7202099292274
      vertex 3 23.848076211353316 28
      vertex 0 23.848076211353316 28
    endloop
  endfacet
  facet normal 0 -0.7771459614569663 -0.6293203910498428
    outer loop
      vertex 0 23.479434476432182 28.507391819076574
      vertex 3 23.677050983124843 28.26335575687742
      vertex 3 23.479434476432182 28.507391819076574
    endloop
  endfacet
  facet normal 0 -0.7071067811865476 -0.7071067811865476
    outer loop
      vertex 0 23.257391819076574 28.729434476432182
      vertex 3 23.479434476432182 28.507391819076574
      vertex 3 23.257391819076574 28.729434476432182
    endloop
  endfacet
  facet normal 0 -0.6293203910498428 -0.7771459614569663
    outer loop
      vertex 0 23.01335575687742 28.927050983124843
      vertex 3 23.257391819076574 28.729434476432182
      vertex 3 23.01335575687742 28.927050983124843
    endloop
  endfacet
  facet normal 0 -0.5446390350150241 -0.8386705679454259
    outer loop
      vertex 0 22.75 29.098076211353316
      vertex 3 23.01335575687742 28.927050983124843
      vertex 3 22.75 29.098076211353316
    endloop
  endfacet
  facet normal 0 0 -1
    outer loop
      vertex 0 11 29.5
      vertex 3 21.25 29.5
      vertex 3 11 29.5
    endloop
  endfacet
  facet normal 0 0 -1
    outer loop
      vertex 0 11 29.5
      vertex 0 21.25 29.5
      vertex 3 21.25 29.5
    endloop
  endfacet
  facet normal 2.1709174724150924e-19 -0.05233595624295079 -0.9986295347545735
    outer loop
      vertex 0 21.25 29.5
      vertex 0 21.56358538980296 29.483565686104818
      vertex 3 21.56358538980296 29.483565686104818
    endloop
  endfacet
  facet normal 7.400734556339219e-19 -0.15643446504022288 -0.9876883405951391
    outer loop
      vertex 0 21.56358538980296 29.483565686104818
      vertex 0 21.87373507245328 29.434442802201417
      vertex 3 21.87373507245328 29.434442802201417
    endloop
  endfacet
  facet normal 0 -0.2588190451025205 -0.9659258262890684
    outer loop
      vertex 0 22.177050983124843 29.35316954888546
      vertex 3 22.177050983124843 29.35316954888546
      vertex 0 21.87373507245328 29.434442802201417
    endloop
  endfacet
  facet normal 0 -0.05233595624295079 -0.9986295347545735
    outer loop
      vertex 0 21.25 29.5
      vertex 3 21.56358538980296 29.483565686104818
      vertex 3 21.25 29.5
    endloop
  endfacet
  facet normal 0 -0.15643446504022288 -0.9876883405951391
    outer loop
      vertex 0 21.56358538980296 29.483565686104818
      vertex 3 21.87373507245328 29.434442802201417
      vertex 3 21.56358538980296 29.483565686104818
    endloop
  endfacet
  facet normal 9.103038467489617e-19 -0.2588190451025205 -0.9659258262890684
    outer loop
      vertex 3 22.177050983124843 29.35316954888546
      vertex 3 21.87373507245328 29.434442802201417
      vertex 0 21.87373507245328 29.434442802201417
    endloop
  endfacet
  facet normal -8.221001381439293e-19 0.35836794954530105 0.9335804264972014
    outer loop
      vertex 0 32.32294901687516 11.646830451114539
      vertex 0 32.0297900707726 11.759363627072197
      vertex 3 32.0297900707726 11.759363627072197
    endloop
  endfacet
  facet normal 0 0.2588190451025205 0.9659258262890684
    outer loop
      vertex 0 32.32294901687516 11.646830451114539
      vertex 3 32.32294901687516 11.646830451114539
      vertex 0 32.62626492754672 11.565557197798583
    endloop
  endfacet
  facet normal 0 0.1564344650402284 0.9876883405951381
    outer loop
      vertex 0 32.62626492754672 11.565557197798583
      vertex 3 32.62626492754672 11.565557197798583
      vertex 0 32.93641461019704 11.51643431389518
    endloop
  endfacet
  facet normal 0 0.05233595624294514 0.9986295347545737
    outer loop
      vertex 0 32.93641461019704 11.51643431389518
      vertex 3 32.93641461019704 11.51643431389518
      vertex 0 33.25 11.5
    endloop
  endfacet
  facet normal 0 0.35836794954530105 0.9335804264972014
    outer loop
      vertex 0 32.32294901687516 11.646830451114539
      vertex 3 32.0297900707726 11.759363627072197
      vertex 3 32.32294901687516 11.646830451114539
    endloop
  endfacet
  facet normal 0 0.2588190451025205 0.9659258262890684
    outer loop
      vertex 0 32.62626492754672 11.565557197798583
      vertex 3 32.32294901687516 11.646830451114539
      vertex 3 32.62626492754672 11.565557197798583
    endloop
  endfacet
  facet normal 0 0.1564344650402284 0.9876883405951381
    outer loop
      vertex 0 32.93641461019704 11.51643431389518
      vertex 3 32.62626492754672 11.565557197798583
      vertex 3 32.93641461019704 11.51643431389518
    endloop
  endfacet
  facet normal 0 0.05233595624294514 0.9986295347545737
    outer loop
      vertex 0 33.25 11.5
      vertex 3 32.93641461019704 11.51643431389518
      vertex 3 33.25 11.5
    endloop
  endfacet
  facet normal 0 0 1
    outer loop
      vertex 0 33.25 11.5
      vertex 3 33.25 11.5
      vertex 0 43.5 11.5
    endloop
  endfacet
  facet normal 0 0 1
    outer loop
      vertex 3 33.25 11.5
      vertex 3 43.5 11.5
      vertex 0 43.5 11.5
    endloop
  endfacet
  facet normal 0 -0.05233595624294514 0.9986295347545737
    outer loop
      vertex 0 43.5 11.5
      vertex 3 43.5 11.5
      vertex 0 43.81358538980296 11.51643431389518
    endloop
  endfacet
  facet normal 0 -0.1564344650402284 0.9876883405951381
    outer loop
      vertex 0 43.81358538980296 11.51643431389518
      vertex 3 43.81358538980296 11.51643431389518
      vertex 0 44.12373507245328 11.565557197798583
    endloop
  endfacet
  facet normal 0 -0.2588190451025205 0.9659258262890684
    outer loop
      vertex 0 44.12373507245328 11.565557197798583
      vertex 3 44.12373507245328 11.565557197798583
      vertex 0 44.42705098312484 11.646830451114539
    endloop
  endfacet
  facet normal 0 -0.35836794954530105 0.9335804264972014
    outer loop
      vertex 0 44.42705098312484 11.646830451114539
      vertex 3 44.42705098312484 11.646830451114539
      vertex 0 44.7202099292274 11.759363627072197
    endloop
  endfacet
  facet normal 0 -0.05233595624294514 0.9986295347545737
    outer loop
      vertex 0 43.81358538980296 11.51643431389518
      vertex 3 43.5 11.5
      vertex 3 43.81358538980296 11.51643431389518
    endloop
  endfacet
  facet normal 0 -0.1564344650402284 0.9876883405951381
    outer loop
      vertex 0 44.12373507245328 11.565557197798583
      vertex 3 43.81358538980296 11.51643431389518
      vertex 3 44.12373507245328 11.565557197798583
    endloop
  endfacet
  facet normal 0 -0.2588190451025205 0.9659258262890684
    outer loop
      vertex 0 44.42705098312484 11.646830451114539
      vertex 3 44.12373507245328 11.565557197798583
      vertex 3 44.42705098312484 11.646830451114539
    endloop
  endfacet
  facet normal 8.221001381439293e-19 -0.35836794954530105 0.9335804264972014
    outer loop
      vertex 3 44.42705098312484 11.646830451114539
      vertex 3 44.7202099292274 11.759363627072197
      vertex 0 44.7202099292274 11.759363627072197
    endloop
  endfacet
  facet normal -2.75503106118387e-18 0.8910065241883673 0.4539904997395476
    outer loop
      vertex 0 30.651923788646684 13
      vertex 0 30.509363627072197 13.279790070772599
      vertex 3 30.509363627072197 13.279790070772599
    endloop
  endfacet
  facet normal -8.221001381439293e-19 0.9335804264972014 0.35836794954530105
    outer loop
      vertex 0 30.509363627072197 13.279790070772599
      vertex 0 30.39683045111454 13.572949016875157
      vertex 3 30.39683045111454 13.572949016875157
    endloop
  endfacet
  facet normal 9.103038467489617e-19 0.9659258262890684 0.2588190451025205
    outer loop
      vertex 0 30.39683045111454 13.572949016875157
      vertex 0 30.315557197798583 13.876264927546721
      vertex 3 30.315557197798583 13.876264927546721
    endloop
  endfacet
  facet normal 7.400734556339219e-19 0.9876883405951391 0.15643446504022288
    outer loop
      vertex 0 30.315557197798583 13.876264927546721
      vertex 0 30.266434313895182 14.18641461019704
      vertex 3 30.266434313895182 14.18641461019704
    endloop
  endfacet
  facet normal 2.1709174724150924e-19 0.9986295347545735 0.05233595624295079
    outer loop
      vertex 0 30.266434313895182 14.18641461019704
      vertex 0 30.25 14.5
      vertex 3 30.25 14.5
    endloop
  endfacet
  facet normal 0 0.9335804264972014 0.35836794954530105
    outer loop
      vertex 0 30.509363627072197 13.279790070772599
      vertex 3 30.39683045111454 13.572949016875157
      vertex 3 30.509363627072197 13.279790070772599
    endloop
  endfacet
  facet normal 0 0.9659258262890684 0.2588190451025205
    outer loop
      vertex 0 30.39683045111454 13.572949016875157
      vertex 3 30.315557197798583 13.876264927546721
      vertex 3 30.39683045111454 13.572949016875157
    endloop
  endfacet
  facet normal 0 0.9876883405951391 0.15643446504022288
    outer loop
      vertex 0 30.315557197798583 13.876264927546721
      vertex 3 30.266434313895182 14.18641461019704
      vertex 3 30.315557197798583 13.876264927546721
    endloop
  endfacet
  facet normal 0 0.9986295347545735 0.05233595624295079
    outer loop
      vertex 0 30.266434313895182 14.18641461019704
      vertex 3 30.25 14.5
      vertex 3 30.266434313895182 14.18641461019704
    endloop
  endfacet
  facet normal 3.225117456358955e-18 0.6293203910498428 0.7771459614569663
    outer loop
      vertex 0 31.48664424312258 12.072949016875157
      vertex 0 31.242608180923426 12.270565523567818
      vertex 3 31.242608180923426 12.270565523567818
    endloop
  endfacet
  facet normal -2.6473444597454152e-18 0.7071067811865476 0.7071067811865476
    outer loop
      vertex 0 31.242608180923426 12.270565523567818
      vertex 0 31.020565523567818 12.492608180923426
      vertex 3 31.020565523567818 12.492608180923426
    endloop
  endfacet
  facet normal 0 0.5446390350150241 0.8386705679454259
    outer loop
      vertex 0 31.48664424312258 12.072949016875157
      vertex 3 31.48664424312258 12.072949016875157
      vertex 0 31.75 11.901923788646684
    endloop
  endfacet
  facet normal 0 0.4539904997395476 0.8910065241883673
    outer loop
      vertex 0 31.75 11.901923788646684
      vertex 3 31.75 11.901923788646684
      vertex 0 32.0297900707726 11.759363627072197
    endloop
  endfacet
  facet normal 0 0.7771459614569663 0.6293203910498428
    outer loop
      vertex 0 30.822949016875157 12.73664424312258
      vertex 3 30.822949016875157 12.73664424312258
      vertex 0 31.020565523567818 12.492608180923426
    endloop
  endfacet
  facet normal -2.3524662122734054e-18 0.8386705679454259 0.5446390350150241
    outer loop
      vertex 0 30.822949016875157 12.73664424312258
      vertex 0 30.651923788646684 13
      vertex 3 30.651923788646684 13
    endloop
  endfacet
  facet normal 0 0.7071067811865476 0.7071067811865476
    outer loop
      vertex 0 31.242608180923426 12.270565523567818
      vertex 3 31.020565523567818 12.492608180923426
      vertex 3 31.242608180923426 12.270565523567818
    endloop
  endfacet
  facet normal 0 0.5446390350150241 0.8386705679454259
    outer loop
      vertex 0 31.75 11.901923788646684
      vertex 3 31.48664424312258 12.072949016875157
      vertex 3 31.75 11.901923788646684
    endloop
  endfacet
  facet normal 0 0.4539904997395476 0.8910065241883673
    outer loop
      vertex 0 32.0297900707726 11.759363627072197
      vertex 3 31.75 11.901923788646684
      vertex 3 32.0297900707726 11.759363627072197
    endloop
  endfacet
  facet normal 0 0.6293203910498428 0.7771459614569663
    outer loop
      vertex 0 31.48664424312258 12.072949016875157
      vertex 3 31.242608180923426 12.270565523567818
      vertex 3 31.48664424312258 12.072949016875157
    endloop
  endfacet
  facet normal 3.225117456358955e-18 0.7771459614569663 0.6293203910498428
    outer loop
      vertex 3 30.822949016875157 12.73664424312258
      vertex 3 31.020565523567818 12.492608180923426
      vertex 0 31.020565523567818 12.492608180923426
    endloop
  endfacet
  facet normal 0 0.8386705679454259 0.5446390350150241
    outer loop
      vertex 0 30.822949016875157 12.73664424312258
      vertex 3 30.651923788646684 13
      vertex 3 30.822949016875157 12.73664424312258
    endloop
  endfacet
  facet normal 0 0.8910065241883673 0.4539904997395476
    outer loop
      vertex 0 30.651923788646684 13
      vertex 3 30.509363627072197 13.279790070772599
      vertex 3 30.651923788646684 13
    endloop
  endfacet
  facet normal 0 1 0
    outer loop
      vertex 0 30.25 14.5
      vertex 3 30.25 26.5
      vertex 3 30.25 14.5
    endloop
  endfacet
  facet normal 0 1 0
    outer loop
      vertex 0 30.25 14.5
      vertex 0 30.25 26.5
      vertex 3 30.25 26.5
    endloop
  endfacet
  facet normal 0 -0.4539904997395476 0.8910065241883673
    outer loop
      vertex 0 44.7202099292274 11.759363627072197
      vertex 3 44.7202099292274 11.759363627072197
      vertex 0 45 11.901923788646684
    endloop
  endfacet
  facet normal 0 -0.5446390350150293 0.8386705679454227
    outer loop
      vertex 0 45 11.901923788646684
      vertex 3 45 11.901923788646684
      vertex 0 45.26335575687742 12.072949016875157
    endloop
  endfacet
  facet normal 0 -0.6293203910498374 0.7771459614569709
    outer loop
      vertex 0 45.26335575687742 12.072949016875157
      vertex 3 45.26335575687742 12.072949016875157
      vertex 0 45.507391819076574 12.270565523567818
    endloop
  endfacet
  facet normal 0 -0.7071067811865476 0.7071067811865476
    outer loop
      vertex 0 45.507391819076574 12.270565523567818
      vertex 3 45.507391819076574 12.270565523567818
      vertex 0 45.72943447643218 12.492608180923426
    endloop
  endfacet
  facet normal 0 -0.7771459614569663 0.6293203910498428
    outer loop
      vertex 0 45.72943447643218 12.492608180923426
      vertex 3 45.72943447643218 12.492608180923426
      vertex 0 45.92705098312484 12.73664424312258
    endloop
  endfacet
  facet normal 0 -0.8386705679454259 0.5446390350150241
    outer loop
      vertex 0 45.92705098312484 12.73664424312258
      vertex 3 45.92705098312484 12.73664424312258
      vertex 0 46.098076211353316 13
    endloop
  endfacet
  facet normal 0 -0.8910065241883673 0.4539904997395476
    outer loop
      vertex 0 46.098076211353316 13
      vertex 3 46.098076211353316 13
      vertex 0 46.2406363729278 13.279790070772599
    endloop
  endfacet
  facet normal 0 -0.4539904997395476 0.8910065241883673
    outer loop
      vertex 0 45 11.901923788646684
      vertex 3 44.7202099292274 11.759363627072197
      vertex 3 45 11.901923788646684
    endloop
  endfacet
  facet normal 0 -0.5446390350150293 0.8386705679454227
    outer loop
      vertex 0 45.26335575687742 12.072949016875157
      vertex 3 45 11.901923788646684
      vertex 3 45.26335575687742 12.072949016875157
    endloop
  endfacet
  facet normal 0 -0.6293203910498374 0.7771459614569709
    outer loop
      vertex 0 45.507391819076574 12.270565523567818
      vertex 3 45.26335575687742 12.072949016875157
      vertex 3 45.507391819076574 12.270565523567818
    endloop
  endfacet
  facet normal 0 -0.7071067811865476 0.7071067811865476
    outer loop
      vertex 0 45.72943447643218 12.492608180923426
      vertex 3 45.507391819076574 12.270565523567818
      vertex 3 45.72943447643218 12.492608180923426
    endloop
  endfacet
  facet normal 0 -0.7771459614569663 0.6293203910498428
    outer loop
      vertex 0 45.92705098312484 12.73664424312258
      vertex 3 45.72943447643218 12.492608180923426
      vertex 3 45.92705098312484 12.73664424312258
    endloop
  endfacet
  facet normal 0 -0.8386705679454259 0.5446390350150241
    outer loop
      vertex 0 46.098076211353316 13
      vertex 3 45.92705098312484 12.73664424312258
      vertex 3 46.098076211353316 13
    endloop
  endfacet
  facet normal 2.75503106118387e-18 -0.8910065241883673 0.4539904997395476
    outer loop
      vertex 3 46.098076211353316 13
      vertex 3 46.2406363729278 13.279790070772599
      vertex 0 46.2406363729278 13.279790070772599
    endloop
  endfacet
  facet normal 0 -0.9335804264972014 0.35836794954530105
    outer loop
      vertex 0 46.2406363729278 13.279790070772599
      vertex 3 46.2406363729278 13.279790070772599
      vertex 0 46.35316954888546 13.572949016875157
    endloop
  endfacet
  facet normal 0 -0.9335804264972014 0.35836794954530105
    outer loop
      vertex 0 46.35316954888546 13.572949016875157
      vertex 3 46.2406363729278 13.279790070772599
      vertex 3 46.35316954888546 13.572949016875157
    endloop
  endfacet
  facet normal 0 -0.9659258262890684 0.2588190451025205
    outer loop
      vertex 0 46.35316954888546 13.572949016875157
      vertex 3 46.35316954888546 13.572949016875157
      vertex 0 46.43444280220142 13.876264927546721
    endloop
  endfacet
  facet normal 0 -0.9876883405951391 0.15643446504022288
    outer loop
      vertex 0 46.43444280220142 13.876264927546721
      vertex 3 46.43444280220142 13.876264927546721
      vertex 0 46.48356568610482 14.18641461019704
    endloop
  endfacet
  facet normal 0 -0.9986295347545735 0.05233595624295079
    outer loop
      vertex 0 46.48356568610482 14.18641461019704
      vertex 3 46.48356568610482 14.18641461019704
      vertex 0 46.5 14.5
    endloop
  endfacet
  facet normal -9.103038467489617e-19 -0.9659258262890684 0.2588190451025205
    outer loop
      vertex 3 46.35316954888546 13.572949016875157
      vertex 3 46.43444280220142 13.876264927546721
      vertex 0 46.43444280220142 13.876264927546721
    endloop
  endfacet
  facet normal 0 -0.9876883405951391 0.15643446504022288
    outer loop
      vertex 0 46.48356568610482 14.18641461019704
      vertex 3 46.43444280220142 13.876264927546721
      vertex 3 46.48356568610482 14.18641461019704
    endloop
  endfacet
  facet normal 0 -0.9986295347545735 0.05233595624295079
    outer loop
      vertex 0 46.5 14.5
      vertex 3 46.48356568610482 14.18641461019704
      vertex 3 46.5 14.5
    endloop
  endfacet
  facet normal 0 -1 0
    outer loop
      vertex 0 46.5 14.5
      vertex 3 46.5 14.5
      vertex 0 46.5 26.5
    endloop
  endfacet
  facet normal 0 -1 0
    outer loop
      vertex 3 46.5 14.5
      vertex 3 46.5 26.5
      vertex 0 46.5 26.5
    endloop
  endfacet
  facet normal -2.1709174724150924e-19 0.9986295347545735 -0.05233595624295079
    outer loop
      vertex 0 30.25 26.5
      vertex 0 30.266434313895182 26.81358538980296
      vertex 3 30.266434313895182 26.81358538980296
    endloop
  endfacet
  facet normal -7.400734556339219e-19 0.9876883405951391 -0.15643446504022288
    outer loop
      vertex 0 30.266434313895182 26.81358538980296
      vertex 0 30.315557197798583 27.12373507245328
      vertex 3 30.315557197798583 27.12373507245328
    endloop
  endfacet
  facet normal -9.103038467489617e-19 0.9659258262890684 -0.2588190451025205
    outer loop
      vertex 0 30.315557197798583 27.12373507245328
      vertex 0 30.39683045111454 27.427050983124843
      vertex 3 30.39683045111454 27.427050983124843
    endloop
  endfacet
  facet normal 8.221001381439293e-19 0.9335804264972014 -0.35836794954530105
    outer loop
      vertex 0 30.39683045111454 27.427050983124843
      vertex 0 30.509363627072197 27.7202099292274
      vertex 3 30.509363627072197 27.7202099292274
    endloop
  endfacet
  facet normal 0 0.9986295347545735 -0.05233595624295079
    outer loop
      vertex 0 30.25 26.5
      vertex 3 30.266434313895182 26.81358538980296
      vertex 3 30.25 26.5
    endloop
  endfacet
  facet normal 0 0.9876883405951391 -0.15643446504022288
    outer loop
      vertex 0 30.266434313895182 26.81358538980296
      vertex 3 30.315557197798583 27.12373507245328
      vertex 3 30.266434313895182 26.81358538980296
    endloop
  endfacet
  facet normal 0 0.9659258262890684 -0.2588190451025205
    outer loop
      vertex 0 30.315557197798583 27.12373507245328
      vertex 3 30.39683045111454 27.427050983124843
      vertex 3 30.315557197798583 27.12373507245328
    endloop
  endfacet
  facet normal 0 0.9335804264972014 -0.35836794954530105
    outer loop
      vertex 0 30.39683045111454 27.427050983124843
      vertex 3 30.509363627072197 27.7202099292274
      vertex 3 30.39683045111454 27.427050983124843
    endloop
  endfacet
  facet normal 0 0.8910065241883673 -0.4539904997395476
    outer loop
      vertex 0 30.509363627072197 27.7202099292274
      vertex 3 30.651923788646684 28
      vertex 3 30.509363627072197 27.7202099292274
    endloop
  endfacet
  facet normal 2.75503106118387e-18 0.8910065241883673 -0.4539904997395476
    outer loop
      vertex 0 30.509363627072197 27.7202099292274
      vertex 0 30.651923788646684 28
      vertex 3 30.651923788646684 28
    endloop
  endfacet
  facet normal 2.3524662122734054e-18 0.8386705679454259 -0.5446390350150241
    outer loop
      vertex 0 30.651923788646684 28
      vertex 0 30.822949016875157 28.26335575687742
      vertex 3 30.822949016875157 28.26335575687742
    endloop
  endfacet
  facet normal -3.225117456358955e-18 0.7771459614569663 -0.6293203910498428
    outer loop
      vertex 0 30.822949016875157 28.26335575687742
      vertex 0 31.020565523567818 28.507391819076574
      vertex 3 31.020565523567818 28.507391819076574
    endloop
  endfacet
  facet normal 2.6473444597454152e-18 0.7071067811865476 -0.7071067811865476
    outer loop
      vertex 0 31.020565523567818 28.507391819076574
      vertex 0 31.242608180923426 28.729434476432182
      vertex 3 31.242608180923426 28.729434476432182
    endloop
  endfacet
  facet normal -3.225117456358955e-18 0.6293203910498428 -0.7771459614569663
    outer loop
      vertex 0 31.242608180923426 28.729434476432182
      vertex 0 31.48664424312258 28.927050983124843
      vertex 3 31.48664424312258 28.927050983124843
    endloop
  endfacet
  facet normal 2.3524662122734054e-18 0.5446390350150241 -0.8386705679454259
    outer loop
      vertex 0 31.48664424312258 28.927050983124843
      vertex 0 31.75 29.098076211353316
      vertex 3 31.75 29.098076211353316
    endloop
  endfacet
  facet normal 2.75503106118387e-18 0.4539904997395476 -0.8910065241883673
    outer loop
      vertex 0 31.75 29.098076211353316
      vertex 0 32.0297900707726 29.240636372927803
      vertex 3 32.0297900707726 29.240636372927803
    endloop
  endfacet
  facet normal 8.221001381439293e-19 0.35836794954530105 -0.9335804264972014
    outer loop
      vertex 0 32.0297900707726 29.240636372927803
      vertex 0 32.32294901687516 29.35316954888546
      vertex 3 32.32294901687516 29.35316954888546
    endloop
  endfacet
  facet normal 0 0.8386705679454259 -0.5446390350150241
    outer loop
      vertex 0 30.651923788646684 28
      vertex 3 30.822949016875157 28.26335575687742
      vertex 3 30.651923788646684 28
    endloop
  endfacet
  facet normal 0 0.7771459614569663 -0.6293203910498428
    outer loop
      vertex 0 30.822949016875157 28.26335575687742
      vertex 3 31.020565523567818 28.507391819076574
      vertex 3 30.822949016875157 28.26335575687742
    endloop
  endfacet
  facet normal 0 0.7071067811865476 -0.7071067811865476
    outer loop
      vertex 0 31.020565523567818 28.507391819076574
      vertex 3 31.242608180923426 28.729434476432182
      vertex 3 31.020565523567818 28.507391819076574
    endloop
  endfacet
  facet normal 0 0.6293203910498428 -0.7771459614569663
    outer loop
      vertex 0 31.242608180923426 28.729434476432182
      vertex 3 31.48664424312258 28.927050983124843
      vertex 3 31.242608180923426 28.729434476432182
    endloop
  endfacet
  facet normal 0 0.5446390350150241 -0.8386705679454259
    outer loop
      vertex 0 31.48664424312258 28.927050983124843
      vertex 3 31.75 29.098076211353316
      vertex 3 31.48664424312258 28.927050983124843
    endloop
  endfacet
  facet normal 0 0.4539904997395476 -0.8910065241883673
    outer loop
      vertex 0 31.75 29.098076211353316
      vertex 3 32.0297900707726 29.240636372927803
      vertex 3 31.75 29.098076211353316
    endloop
  endfacet
  facet normal 0 0.35836794954530105 -0.9335804264972014
    outer loop
      vertex 0 32.0297900707726 29.240636372927803
      vertex 3 32.32294901687516 29.35316954888546
      vertex 3 32.0297900707726 29.240636372927803
    endloop
  endfacet
  facet normal -9.103038467489617e-19 0.2588190451025205 -0.9659258262890684
    outer loop
      vertex 0 32.32294901687516 29.35316954888546
      vertex 0 32.62626492754672 29.434442802201417
      vertex 3 32.62626492754672 29.434442802201417
    endloop
  endfacet
  facet normal -7.400734556339219e-19 0.15643446504022288 -0.9876883405951391
    outer loop
      vertex 0 32.62626492754672 29.434442802201417
      vertex 0 32.93641461019704 29.483565686104818
      vertex 3 32.93641461019704 29.483565686104818
    endloop
  endfacet
  facet normal -2.1709174724150924e-19 0.05233595624295079 -0.9986295347545735
    outer loop
      vertex 0 32.93641461019704 29.483565686104818
      vertex 0 33.25 29.5
      vertex 3 33.25 29.5
    endloop
  endfacet
  facet normal 0 0.2588190451025205 -0.9659258262890684
    outer loop
      vertex 0 32.32294901687516 29.35316954888546
      vertex 3 32.62626492754672 29.434442802201417
      vertex 3 32.32294901687516 29.35316954888546
    endloop
  endfacet
  facet normal 0 0.15643446504022288 -0.9876883405951391
    outer loop
      vertex 0 32.62626492754672 29.434442802201417
      vertex 3 32.93641461019704 29.483565686104818
      vertex 3 32.62626492754672 29.434442802201417
    endloop
  endfacet
  facet normal 0 0.05233595624295079 -0.9986295347545735
    outer loop
      vertex 0 32.93641461019704 29.483565686104818
      vertex 3 33.25 29.5
      vertex 3 32.93641461019704 29.483565686104818
    endloop
  endfacet
  facet normal 0 0 -1
    outer loop
      vertex 0 33.25 29.5
      vertex 3 43.5 29.5
      vertex 3 33.25 29.5
    endloop
  endfacet
  facet normal 0 -0.9335804264972014 -0.35836794954530105
    outer loop
      vertex 0 46.35316954888546 27.427050983124843
      vertex 3 46.35316954888546 27.427050983124843
      vertex 0 46.2406363729278 27.7202099292274
    endloop
  endfacet
  facet normal 0 -0.8910065241883673 -0.4539904997395476
    outer loop
      vertex 0 46.2406363729278 27.7202099292274
      vertex 3 46.2406363729278 27.7202099292274
      vertex 0 46.098076211353316 28
    endloop
  endfacet
  facet normal 0 -0.9335804264972014 -0.35836794954530105
    outer loop
      vertex 0 46.2406363729278 27.7202099292274
      vertex 3 46.35316954888546 27.427050983124843
      vertex 3 46.2406363729278 27.7202099292274
    endloop
  endfacet
  facet normal -8.221001381439293e-19 -0.35836794954530105 -0.9335804264972014
    outer loop
      vertex 0 44.42705098312484 29.35316954888546
      vertex 0 44.7202099292274 29.240636372927803
      vertex 3 44.7202099292274 29.240636372927803
    endloop
  endfacet
  facet normal -2.3524662122734054e-18 -0.8386705679454259 -0.5446390350150241
    outer loop
      vertex 0 45.92705098312484 28.26335575687742
      vertex 0 46.098076211353316 28
      vertex 3 46.098076211353316 28
    endloop
  endfacet
  facet normal 0 -0.7771459614569663 -0.6293203910498428
    outer loop
      vertex 0 45.92705098312484 28.26335575687742
      vertex 3 45.92705098312484 28.26335575687742
      vertex 0 45.72943447643218 28.507391819076574
    endloop
  endfacet
  facet normal 0 -0.7071067811865476 -0.7071067811865476
    outer loop
      vertex 0 45.72943447643218 28.507391819076574
      vertex 3 45.72943447643218 28.507391819076574
      vertex 0 45.507391819076574 28.729434476432182
    endloop
  endfacet
  facet normal 0 -0.6293203910498374 -0.7771459614569709
    outer loop
      vertex 0 45.507391819076574 28.729434476432182
      vertex 3 45.507391819076574 28.729434476432182
      vertex 0 45.26335575687742 28.927050983124843
    endloop
  endfacet
  facet normal 0 -0.5446390350150293 -0.8386705679454227
    outer loop
      vertex 0 45.26335575687742 28.927050983124843
      vertex 3 45.26335575687742 28.927050983124843
      vertex 0 45 29.098076211353316
    endloop
  endfacet
  facet normal -2.75503106118387e-18 -0.4539904997395476 -0.8910065241883673
    outer loop
      vertex 0 44.7202099292274 29.240636372927803
      vertex 0 45 29.098076211353316
      vertex 3 45 29.098076211353316
    endloop
  endfacet
  facet normal 0 -0.35836794954530105 -0.9335804264972014
    outer loop
      vertex 0 44.42705098312484 29.35316954888546
      vertex 3 44.7202099292274 29.240636372927803
      vertex 3 44.42705098312484 29.35316954888546
    endloop
  endfacet
  facet normal -2.75503106118387e-18 -0.8910065241883673 -0.4539904997395476
    outer loop
      vertex 3 46.2406363729278 27.7202099292274
      vertex 3 46.098076211353316 28
      vertex 0 46.098076211353316 28
    endloop
  endfacet
  facet normal 0 -0.8386705679454259 -0.5446390350150241
    outer loop
      vertex 0 45.92705098312484 28.26335575687742
      vertex 3 46.098076211353316 28
      vertex 3 45.92705098312484 28.26335575687742
    endloop
  endfacet
  facet normal 0 -0.7771459614569663 -0.6293203910498428
    outer loop
      vertex 0 45.72943447643218 28.507391819076574
      vertex 3 45.92705098312484 28.26335575687742
      vertex 3 45.72943447643218 28.507391819076574
    endloop
  endfacet
  facet normal 0 -0.6293203910498374 -0.7771459614569709
    outer loop
      vertex 0 45.26335575687742 28.927050983124843
      vertex 3 45.507391819076574 28.729434476432182
      vertex 3 45.26335575687742 28.927050983124843
    endloop
  endfacet
  facet normal 0 -0.5446390350150293 -0.8386705679454227
    outer loop
      vertex 0 45 29.098076211353316
      vertex 3 45.26335575687742 28.927050983124843
      vertex 3 45 29.098076211353316
    endloop
  endfacet
  facet normal 0 -0.4539904997395476 -0.8910065241883673
    outer loop
      vertex 0 44.7202099292274 29.240636372927803
      vertex 3 45 29.098076211353316
      vertex 3 44.7202099292274 29.240636372927803
    endloop
  endfacet
  facet normal 0 -0.7071067811865476 -0.7071067811865476
    outer loop
      vertex 0 45.507391819076574 28.729434476432182
      vertex 3 45.72943447643218 28.507391819076574
      vertex 3 45.507391819076574 28.729434476432182
    endloop
  endfacet
  facet normal 0 -0.9986295347545735 -0.05233595624295079
    outer loop
      vertex 0 46.5 26.5
      vertex 3 46.5 26.5
      vertex 0 46.48356568610482 26.81358538980296
    endloop
  endfacet
  facet normal 0 -0.9876883405951391 -0.15643446504022288
    outer loop
      vertex 0 46.48356568610482 26.81358538980296
      vertex 3 46.48356568610482 26.81358538980296
      vertex 0 46.43444280220142 27.12373507245328
    endloop
  endfacet
  facet normal 9.103038467489617e-19 -0.9659258262890684 -0.2588190451025205
    outer loop
      vertex 0 46.35316954888546 27.427050983124843
      vertex 0 46.43444280220142 27.12373507245328
      vertex 3 46.43444280220142 27.12373507245328
    endloop
  endfacet
  facet normal 0 -0.9986295347545735 -0.05233595624295079
    outer loop
      vertex 0 46.48356568610482 26.81358538980296
      vertex 3 46.5 26.5
      vertex 3 46.48356568610482 26.81358538980296
    endloop
  endfacet
  facet normal 0 -0.9876883405951391 -0.15643446504022288
    outer loop
      vertex 0 46.43444280220142 27.12373507245328
      vertex 3 46.48356568610482 26.81358538980296
      vertex 3 46.43444280220142 27.12373507245328
    endloop
  endfacet
  facet normal 0 -0.9659258262890684 -0.2588190451025205
    outer loop
      vertex 0 46.35316954888546 27.427050983124843
      vertex 3 46.43444280220142 27.12373507245328
      vertex 3 46.35316954888546 27.427050983124843
    endloop
  endfacet
  facet normal 0 0 -1
    outer loop
      vertex 0 33.25 29.5
      vertex 0 43.5 29.5
      vertex 3 43.5 29.5
    endloop
  endfacet
  facet normal 2.1709174724150924e-19 -0.05233595624295079 -0.9986295347545735
    outer loop
      vertex 0 43.5 29.5
      vertex 0 43.81358538980296 29.483565686104818
      vertex 3 43.81358538980296 29.483565686104818
    endloop
  endfacet
  facet normal 7.400734556339219e-19 -0.15643446504022288 -0.9876883405951391
    outer loop
      vertex 0 43.81358538980296 29.483565686104818
      vertex 0 44.12373507245328 29.434442802201417
      vertex 3 44.12373507245328 29.434442802201417
    endloop
  endfacet
  facet normal 0 -0.2588190451025205 -0.9659258262890684
    outer loop
      vertex 0 44.42705098312484 29.35316954888546
      vertex 3 44.42705098312484 29.35316954888546
      vertex 0 44.12373507245328 29.434442802201417
    endloop
  endfacet
  facet normal 0 -0.05233595624295079 -0.9986295347545735
    outer loop
      vertex 0 43.5 29.5
      vertex 3 43.81358538980296 29.483565686104818
      vertex 3 43.5 29.5
    endloop
  endfacet
  facet normal 0 -0.15643446504022288 -0.9876883405951391
    outer loop
      vertex 0 43.81358538980296 29.483565686104818
      vertex 3 44.12373507245328 29.434442802201417
      vertex 3 43.81358538980296 29.483565686104818
    endloop
  endfacet
  facet normal 9.103038467489617e-19 -0.2588190451025205 -0.9659258262890684
    outer loop
      vertex 3 44.42705098312484 29.35316954888546
      vertex 3 44.12373507245328 29.434442802201417
      vertex 0 44.12373507245328 29.434442802201417
    endloop
  endfacet
  facet normal 0 -1 0
    outer loop
      vertex 0 0 0
      vertex 4.670565523567817 0 12.492608180923426
      vertex 4.472949016875158 0 12.73664424312258
    endloop
  endfacet
  facet normal 0 -1 0
    outer loop
      vertex 0 0 0
      vertex 4.472949016875158 0 12.73664424312258
      vertex 4.301923788646684 0 13
    endloop
  endfacet
  facet normal 0 -1 0
    outer loop
      vertex 0 0 0
      vertex 4.301923788646684 0 13
      vertex 4.159363627072198 0 13.279790070772599
    endloop
  endfacet
  facet normal 0 -1 0
    outer loop
      vertex 0 0 0
      vertex 5.6797900707726 0 11.759363627072197
      vertex 5.4 0 11.901923788646684
    endloop
  endfacet
  facet normal 0 -1 0
    outer loop
      vertex 0 0 0
      vertex 5.4 0 11.901923788646684
      vertex 5.136644243122581 0 12.072949016875157
    endloop
  endfacet
  facet normal 0 -1 0
    outer loop
      vertex 0 0 0
      vertex 6.58641461019704 0 11.51643431389518
      vertex 6.276264927546722 0 11.565557197798583
    endloop
  endfacet
  facet normal 0 -1 0
    outer loop
      vertex 0 0 0
      vertex 6.9 0 11.5
      vertex 6.58641461019704 0 11.51643431389518
    endloop
  endfacet
  facet normal 0 -1 0
    outer loop
      vertex 0 0 0
      vertex 5.972949016875158 0 11.646830451114539
      vertex 5.6797900707726 0 11.759363627072197
    endloop
  endfacet
  facet normal 0 -1 0
    outer loop
      vertex 0 0 0
      vertex 6.276264927546722 0 11.565557197798583
      vertex 5.972949016875158 0 11.646830451114539
    endloop
  endfacet
  facet normal 0 -1 0
    outer loop
      vertex 0 0 0
      vertex 4.892608180923426 0 12.270565523567818
      vertex 4.670565523567817 0 12.492608180923426
    endloop
  endfacet
  facet normal 0 -1 0
    outer loop
      vertex 0 0 0
      vertex 5.136644243122581 0 12.072949016875157
      vertex 4.892608180923426 0 12.270565523567818
    endloop
  endfacet
  facet normal 0 -1 0
    outer loop
      vertex 0 0 0
      vertex 4.046830451114539 0 13.572949016875157
      vertex 3.9655571977985833 0 13.876264927546721
    endloop
  endfacet
  facet normal 0 -1 0
    outer loop
      vertex 0 0 0
      vertex 4.159363627072198 0 13.279790070772599
      vertex 4.046830451114539 0 13.572949016875157
    endloop
  endfacet
  facet normal 0 -1 0
    outer loop
      vertex 0 0 0
      vertex 3.9655571977985833 0 13.876264927546721
      vertex 3.9164343138951807 0 14.18641461019704
    endloop
  endfacet
  facet normal 0 -1 0
    outer loop
      vertex 0 0 0
      vertex 3.9164343138951807 0 14.18641461019704
      vertex 3.9000000000000004 0 14.5
    endloop
  endfacet
  facet normal -1 0 0
    outer loop
      vertex 0 0 0
      vertex 0 9.5 11.901923788646684
      vertex 0 9.779790070772599 11.759363627072197
    endloop
  endfacet
  facet normal -1 0 0
    outer loop
      vertex 0 0 0
      vertex 0 9.23664424312258 12.072949016875157
      vertex 0 9.5 11.901923788646684
    endloop
  endfacet
  facet normal -1 0 0
    outer loop
      vertex 0 0 0
      vertex 0 9.779790070772599 11.759363627072197
      vertex 0 10.072949016875157 11.646830451114539
    endloop
  endfacet
  facet normal -1 0 0
    outer loop
      vertex 0 0 0
      vertex 0 10.072949016875157 11.646830451114539
      vertex 0 10.376264927546721 11.565557197798583
    endloop
  endfacet
  facet normal -1 0 0
    outer loop
      vertex 0 0 0
      vertex 0 8.992608180923426 12.270565523567818
      vertex 0 9.23664424312258 12.072949016875157
    endloop
  endfacet
  facet normal -1 0 0
    outer loop
      vertex 0 0 0
      vertex 0 8.770565523567818 12.492608180923426
      vertex 0 8.992608180923426 12.270565523567818
    endloop
  endfacet
  facet normal -1 0 0
    outer loop
      vertex 0 0 0
      vertex 0 8.572949016875157 12.73664424312258
      vertex 0 8.770565523567818 12.492608180923426
    endloop
  endfacet
  facet normal -1 0 0
    outer loop
      vertex 0 0 0
      vertex 0 8.401923788646684 13
      vertex 0 8.572949016875157 12.73664424312258
    endloop
  endfacet
  facet normal -1 0 0
    outer loop
      vertex 0 0 0
      vertex 0 8.259363627072197 13.279790070772599
      vertex 0 8.401923788646684 13
    endloop
  endfacet
  facet normal -1 0 0
    outer loop
      vertex 0 0 0
      vertex 0 10.376264927546721 11.565557197798583
      vertex 0 10.68641461019704 11.51643431389518
    endloop
  endfacet
  facet normal -1 0 0
    outer loop
      vertex 0 0 0
      vertex 0 10.68641461019704 11.51643431389518
      vertex 0 11 11.5
    endloop
  endfacet
  facet normal -1 0 0
    outer loop
      vertex 0 0 0
      vertex 0 11 11.5
      vertex 0 21.25 11.5
    endloop
  endfacet
  facet normal -1 0 0
    outer loop
      vertex 0 0 0
      vertex 0 8.146830451114539 13.572949016875157
      vertex 0 8.259363627072197 13.279790070772599
    endloop
  endfacet
  facet normal -1 0 0
    outer loop
      vertex 0 0 0
      vertex 0 8.065557197798583 13.876264927546721
      vertex 0 8.146830451114539 13.572949016875157
    endloop
  endfacet
  facet normal -1 0 0
    outer loop
      vertex 0 0 0
      vertex 0 8.01643431389518 14.18641461019704
      vertex 0 8.065557197798583 13.876264927546721
    endloop
  endfacet
  facet normal -1 0 0
    outer loop
      vertex 0 0 0
      vertex 0 8 14.5
      vertex 0 8.01643431389518 14.18641461019704
    endloop
  endfacet
  facet normal 0 -1 0
    outer loop
      vertex 0 0 0
      vertex 18.9 0 11.5
      vertex 6.9 0 11.5
    endloop
  endfacet
  facet normal -1 0 0
    outer loop
      vertex 0 0 0
      vertex 0 21.25 11.5
      vertex 0 21.56358538980296 11.51643431389518
    endloop
  endfacet
  facet normal -1 0 0
    outer loop
      vertex 0 0 0
      vertex 0 21.56358538980296 11.51643431389518
      vertex 0 21.87373507245328 11.565557197798583
    endloop
  endfacet
  facet normal -1 0 0
    outer loop
      vertex 0 0 0
      vertex 0 21.87373507245328 11.565557197798583
      vertex 0 22.177050983124843 11.646830451114539
    endloop
  endfacet
  facet normal -1 0 0
    outer loop
      vertex 0 0 0
      vertex 0 22.177050983124843 11.646830451114539
      vertex 0 22.4702099292274 11.759363627072197
    endloop
  endfacet
  facet normal -1 0 0
    outer loop
      vertex 0 0 0
      vertex 0 22.4702099292274 11.759363627072197
      vertex 0 22.75 11.901923788646684
    endloop
  endfacet
  facet normal -1 0 0
    outer loop
      vertex 0 0 0
      vertex 0 22.75 11.901923788646684
      vertex 0 30.25 14.5
    endloop
  endfacet
  facet normal -1 0 0
    outer loop
      vertex 0 0 0
      vertex 0 31.48664424312258 12.072949016875157
      vertex 0 31.75 11.901923788646684
    endloop
  endfacet
  facet normal -1 0 0
    outer loop
      vertex 0 0 0
      vertex 0 30.822949016875157 12.73664424312258
      vertex 0 31.020565523567818 12.492608180923426
    endloop
  endfacet
  facet normal -1 0 0
    outer loop
      vertex 0 0 0
      vertex 0 31.020565523567818 12.492608180923426
      vertex 0 31.242608180923426 12.270565523567818
    endloop
  endfacet
  facet normal -1 0 0
    outer loop
      vertex 0 0 0
      vertex 0 31.242608180923426 12.270565523567818
      vertex 0 31.48664424312258 12.072949016875157
    endloop
  endfacet
  facet normal -1 0 0
    outer loop
      vertex 0 0 0
      vertex 0 30.651923788646684 13
      vertex 0 30.822949016875157 12.73664424312258
    endloop
  endfacet
  facet normal -1 0 0
    outer loop
      vertex 0 0 0
      vertex 0 30.509363627072197 13.279790070772599
      vertex 0 30.651923788646684 13
    endloop
  endfacet
  facet normal -1 0 0
    outer loop
      vertex 0 0 0
      vertex 0 32.62626492754672 11.565557197798583
      vertex 0 32.93641461019704 11.51643431389518
    endloop
  endfacet
  facet normal -1 0 0
    outer loop
      vertex 0 0 0
      vertex 0 31.75 11.901923788646684
      vertex 0 32.0297900707726 11.759363627072197
    endloop
  endfacet
  facet normal -1 0 0
    outer loop
      vertex 0 0 0
      vertex 0 32.0297900707726 11.759363627072197
      vertex 0 32.32294901687516 11.646830451114539
    endloop
  endfacet
  facet normal -1 0 0
    outer loop
      vertex 0 0 0
      vertex 0 32.32294901687516 11.646830451114539
      vertex 0 32.62626492754672 11.565557197798583
    endloop
  endfacet
  facet normal -1 0 0
    outer loop
      vertex 0 0 0
      vertex 0 32.93641461019704 11.51643431389518
      vertex 0 33.25 11.5
    endloop
  endfacet
  facet normal -1 0 0
    outer loop
      vertex 0 0 0
      vertex 0 30.39683045111454 13.572949016875157
      vertex 0 30.509363627072197 13.279790070772599
    endloop
  endfacet
  facet normal -1 0 0
    outer loop
      vertex 0 0 0
      vertex 0 30.315557197798583 13.876264927546721
      vertex 0 30.39683045111454 13.572949016875157
    endloop
  endfacet
  facet normal -1 0 0
    outer loop
      vertex 0 0 0
      vertex 0 30.266434313895182 14.18641461019704
      vertex 0 30.315557197798583 13.876264927546721
    endloop
  endfacet
  facet normal -1 0 0
    outer loop
      vertex 0 0 0
      vertex 0 30.25 14.5
      vertex 0 30.266434313895182 14.18641461019704
    endloop
  endfacet
  facet normal 0 -1 0
    outer loop
      vertex 0 0 0
      vertex 19.21358538980296 0 11.51643431389518
      vertex 18.9 0 11.5
    endloop
  endfacet
  facet normal 0 -1 0
    outer loop
      vertex 0 0 0
      vertex 19.523735072453277 0 11.565557197798583
      vertex 19.21358538980296 0 11.51643431389518
    endloop
  endfacet
  facet normal 0 -1 0
    outer loop
      vertex 0 0 0
      vertex 19.827050983124842 0 11.646830451114539
      vertex 19.523735072453277 0 11.565557197798583
    endloop
  endfacet
  facet normal 0 -1 0
    outer loop
      vertex 0 0 0
      vertex 20.1202099292274 0 11.759363627072197
      vertex 19.827050983124842 0 11.646830451114539
    endloop
  endfacet
  facet normal -1 0 0
    outer loop
      vertex 0 0 0
      vertex 0 8 26.5
      vertex 0 8 14.5
    endloop
  endfacet
  facet normal 0 -1 0
    outer loop
      vertex 0 0 0
      vertex 3.9000000000000004 0 14.5
      vertex 0 0 47
    endloop
  endfacet
  facet normal -1 0 0
    outer loop
      vertex 0 0 0
      vertex 0 33.25 11.5
      vertex 0 43.5 11.5
    endloop
  endfacet
  facet normal -1 0 0
    outer loop
      vertex 0 0 0
      vertex 0 43.5 11.5
      vertex 0 99 0
    endloop
  endfacet
  facet normal -1 0 0
    outer loop
      vertex 0 44.42705098312484 11.646830451114539
      vertex 0 44.7202099292274 11.759363627072197
      vertex 0 54.57294901687516 11.646830451114539
    endloop
  endfacet
  facet normal -1 0 0
    outer loop
      vertex 0 22.75 11.901923788646684
      vertex 0 23.01335575687742 12.072949016875157
      vertex 0 30.25 14.5
    endloop
  endfacet
  facet normal -1 0 0
    outer loop
      vertex 0 23.01335575687742 12.072949016875157
      vertex 0 23.257391819076574 12.270565523567818
      vertex 0 30.25 14.5
    endloop
  endfacet
  facet normal -1 0 0
    outer loop
      vertex 0 23.257391819076574 12.270565523567818
      vertex 0 23.479434476432182 12.492608180923426
      vertex 0 30.25 14.5
    endloop
  endfacet
  facet normal -1 0 0
    outer loop
      vertex 0 23.479434476432182 12.492608180923426
      vertex 0 23.677050983124843 12.73664424312258
      vertex 0 30.25 14.5
    endloop
  endfacet
  facet normal -1 0 0
    outer loop
      vertex 0 23.677050983124843 12.73664424312258
      vertex 0 23.848076211353316 13
      vertex 0 30.25 14.5
    endloop
  endfacet
  facet normal -1 0 0
    outer loop
      vertex 0 23.848076211353316 13
      vertex 0 23.990636372927803 13.279790070772599
      vertex 0 30.25 14.5
    endloop
  endfacet
  facet normal -1 0 0
    outer loop
      vertex 0 23.990636372927803 13.279790070772599
      vertex 0 24.10316954888546 13.572949016875157
      vertex 0 30.25 14.5
    endloop
  endfacet
  facet normal -1 0 0
    outer loop
      vertex 0 24.10316954888546 13.572949016875157
      vertex 0 24.184442802201417 13.876264927546721
      vertex 0 30.25 14.5
    endloop
  endfacet
  facet normal -1 0 0
    outer loop
      vertex 0 24.184442802201417 13.876264927546721
      vertex 0 24.233565686104818 14.18641461019704
      vertex 0 30.25 14.5
    endloop
  endfacet
  facet normal -1 0 0
    outer loop
      vertex 0 24.233565686104818 14.18641461019704
      vertex 0 24.25 14.5
      vertex 0 30.25 14.5
    endloop
  endfacet
  facet normal -1 0 0
    outer loop
      vertex 0 24.25 14.5
      vertex 0 24.25 26.5
      vertex 0 30.25 14.5
    endloop
  endfacet
  facet normal -1 0 0
    outer loop
      vertex 0 30.25 14.5
      vertex 0 24.25 26.5
      vertex 0 30.25 26.5
    endloop
  endfacet
  facet normal -1 0 0
    outer loop
      vertex 0 44.7202099292274 11.759363627072197
      vertex 0 45 11.901923788646684
      vertex 0 54.2797900707726 11.759363627072197
    endloop
  endfacet
  facet normal -1 0 0
    outer loop
      vertex 0 45 11.901923788646684
      vertex 0 45.26335575687742 12.072949016875157
      vertex 0 54 11.901923788646684
    endloop
  endfacet
  facet normal -1 0 0
    outer loop
      vertex 0 45.26335575687742 12.072949016875157
      vertex 0 45.507391819076574 12.270565523567818
      vertex 0 53.73664424312258 12.072949016875157
    endloop
  endfacet
  facet normal -1 0 0
    outer loop
      vertex 0 45.507391819076574 12.270565523567818
      vertex 0 45.72943447643218 12.492608180923426
      vertex 0 53.492608180923426 12.270565523567818
    endloop
  endfacet
  facet normal -1 0 0
    outer loop
      vertex 0 45.72943447643218 12.492608180923426
      vertex 0 45.92705098312484 12.73664424312258
      vertex 0 53.27056552356782 12.492608180923426
    endloop
  endfacet
  facet normal -1 0 0
    outer loop
      vertex 0 45.92705098312484 12.73664424312258
      vertex 0 46.098076211353316 13
      vertex 0 53.07294901687516 12.73664424312258
    endloop
  endfacet
  facet normal -1 0 0
    outer loop
      vertex 0 46.098076211353316 13
      vertex 0 46.2406363729278 13.279790070772599
      vertex 0 52.901923788646684 13
    endloop
  endfacet
  facet normal -1 0 0
    outer loop
      vertex 0 46.2406363729278 13.279790070772599
      vertex 0 46.35316954888546 13.572949016875157
      vertex 0 52.7593636270722 13.279790070772599
    endloop
  endfacet
  facet normal -1 0 0
    outer loop
      vertex 0 46.35316954888546 13.572949016875157
      vertex 0 46.43444280220142 13.876264927546721
      vertex 0 52.64683045111454 13.572949016875157
    endloop
  endfacet
  facet normal -1 0 0
    outer loop
      vertex 0 46.43444280220142 13.876264927546721
      vertex 0 46.48356568610482 14.18641461019704
      vertex 0 52.56555719779858 13.876264927546721
    endloop
  endfacet
  facet normal -1 0 0
    outer loop
      vertex 0 46.48356568610482 14.18641461019704
      vertex 0 46.5 14.5
      vertex 0 52.51643431389518 14.18641461019704
    endloop
  endfacet
  facet normal -1 0 0
    outer loop
      vertex 0 46.5 14.5
      vertex 0 46.5 26.5
      vertex 0 52.5 14.5
    endloop
  endfacet
  facet normal 0 -1 0
    outer loop
      vertex 0 0 0
      vertex 44.5 0 5
      vertex 44.5 0 7
    endloop
  endfacet
  facet normal 0 -1 0
    outer loop
      vertex 0 0 0
      vertex 99 0 0
      vertex 44.5 0 5
    endloop
  endfacet
  facet normal 0 -1 0
    outer loop
      vertex 0 0 0
      vertex 99 0 47
      vertex 20.1202099292274 0 11.759363627072197
    endloop
  endfacet
  facet normal 0 -1 0
    outer loop
      vertex 0 0 0
      vertex 44.5 0 7
      vertex 99 0 47
    endloop
  endfacet
  facet normal -1 0 0
    outer loop
      vertex 0 0 0
      vertex 0 0 47
      vertex 0 8 26.5
    endloop
  endfacet
  facet normal 0 -1 0
    outer loop
      vertex 3.9000000000000004 0 14.5
      vertex 3.9000000000000004 0 26.5
      vertex 0 0 47
    endloop
  endfacet
  facet normal 0 -1 0
    outer loop
      vertex 3.9000000000000004 0 26.5
      vertex 3.9164343138951807 0 26.81358538980296
      vertex 0 0 47
    endloop
  endfacet
  facet normal 0 -1 0
    outer loop
      vertex 3.9164343138951807 0 26.81358538980296
      vertex 3.9655571977985833 0 27.12373507245328
      vertex 0 0 47
    endloop
  endfacet
  facet normal 0 -1 0
    outer loop
      vertex 3.9655571977985833 0 27.12373507245328
      vertex 4.046830451114539 0 27.427050983124843
      vertex 0 0 47
    endloop
  endfacet
  facet normal 0 -1 0
    outer loop
      vertex 4.046830451114539 0 27.427050983124843
      vertex 4.159363627072198 0 27.7202099292274
      vertex 0 0 47
    endloop
  endfacet
  facet normal 0 -1 0
    outer loop
      vertex 4.159363627072198 0 27.7202099292274
      vertex 4.301923788646684 0 28
      vertex 0 0 47
    endloop
  endfacet
  facet normal 0 -1 0
    outer loop
      vertex 4.301923788646684 0 28
      vertex 4.472949016875158 0 28.26335575687742
      vertex 0 0 47
    endloop
  endfacet
  facet normal 0 -1 0
    outer loop
      vertex 4.472949016875158 0 28.26335575687742
      vertex 4.670565523567817 0 28.507391819076574
      vertex 0 0 47
    endloop
  endfacet
  facet normal 0 -1 0
    outer loop
      vertex 4.670565523567817 0 28.507391819076574
      vertex 4.892608180923426 0 28.729434476432182
      vertex 0 0 47
    endloop
  endfacet
  facet normal 0 -1 0
    outer loop
      vertex 4.892608180923426 0 28.729434476432182
      vertex 5.136644243122581 0 28.927050983124843
      vertex 0 0 47
    endloop
  endfacet
  facet normal 0 -1 0
    outer loop
      vertex 5.136644243122581 0 28.927050983124843
      vertex 5.4 0 29.098076211353316
      vertex 0 0 47
    endloop
  endfacet
  facet normal 0 -1 0
    outer loop
      vertex 5.4 0 29.098076211353316
      vertex 5.6797900707726 0 29.240636372927803
      vertex 0 0 47
    endloop
  endfacet
  facet normal 0 -1 0
    outer loop
      vertex 5.6797900707726 0 29.240636372927803
      vertex 5.972949016875158 0 29.35316954888546
      vertex 0 0 47
    endloop
  endfacet
  facet normal -1 0 0
    outer loop
      vertex 0 8 26.5
      vertex 0 0 47
      vertex 0 8.01643431389518 26.81358538980296
    endloop
  endfacet
  facet normal -1 0 0
    outer loop
      vertex 0 8.01643431389518 26.81358538980296
      vertex 0 0 47
      vertex 0 8.065557197798583 27.12373507245328
    endloop
  endfacet
  facet normal -1 0 0
    outer loop
      vertex 0 8.065557197798583 27.12373507245328
      vertex 0 0 47
      vertex 0 8.146830451114539 27.427050983124843
    endloop
  endfacet
  facet normal -1 0 0
    outer loop
      vertex 0 8.146830451114539 27.427050983124843
      vertex 0 0 47
      vertex 0 8.259363627072197 27.7202099292274
    endloop
  endfacet
  facet normal -1 0 0
    outer loop
      vertex 0 8.259363627072197 27.7202099292274
      vertex 0 0 47
      vertex 0 8.401923788646684 28
    endloop
  endfacet
  facet normal -1 0 0
    outer loop
      vertex 0 8.401923788646684 28
      vertex 0 0 47
      vertex 0 8.572949016875157 28.26335575687742
    endloop
  endfacet
  facet normal -1 0 0
    outer loop
      vertex 0 8.572949016875157 28.26335575687742
      vertex 0 0 47
      vertex 0 8.770565523567818 28.507391819076574
    endloop
  endfacet
  facet normal -1 0 0
    outer loop
      vertex 0 8.770565523567818 28.507391819076574
      vertex 0 0 47
      vertex 0 8.992608180923426 28.729434476432182
    endloop
  endfacet
  facet normal -1 0 0
    outer loop
      vertex 0 8.992608180923426 28.729434476432182
      vertex 0 0 47
      vertex 0 9.23664424312258 28.927050983124843
    endloop
  endfacet
  facet normal -1 0 0
    outer loop
      vertex 0 9.23664424312258 28.927050983124843
      vertex 0 0 47
      vertex 0 9.5 29.098076211353316
    endloop
  endfacet
  facet normal -1 0 0
    outer loop
      vertex 0 9.5 29.098076211353316
      vertex 0 0 47
      vertex 0 9.779790070772599 29.240636372927803
    endloop
  endfacet
  facet normal -1 0 0
    outer loop
      vertex 0 9.779790070772599 29.240636372927803
      vertex 0 0 47
      vertex 0 10.072949016875157 29.35316954888546
    endloop
  endfacet
  facet normal 0 -1 0
    outer loop
      vertex 5.972949016875158 0 29.35316954888546
      vertex 6.276264927546722 0 29.434442802201417
      vertex 0 0 47
    endloop
  endfacet
  facet normal 0 -1 0
    outer loop
      vertex 6.276264927546722 0 29.434442802201417
      vertex 6.58641461019704 0 29.483565686104818
      vertex 0 0 47
    endloop
  endfacet
  facet normal 0 -1 0
    outer loop
      vertex 6.58641461019704 0 29.483565686104818
      vertex 6.9 0 29.5
      vertex 0 0 47
    endloop
  endfacet
  facet normal -1 0 0
    outer loop
      vertex 0 10.072949016875157 29.35316954888546
      vertex 0 0 47
      vertex 0 10.376264927546721 29.434442802201417
    endloop
  endfacet
  facet normal -1 0 0
    outer loop
      vertex 0 10.376264927546721 29.434442802201417
      vertex 0 0 47
      vertex 0 10.68641461019704 29.483565686104818
    endloop
  endfacet
  facet normal -1 0 0
    outer loop
      vertex 0 10.68641461019704 29.483565686104818
      vertex 0 0 47
      vertex 0 11 29.5
    endloop
  endfacet
  facet normal -1 0 0
    outer loop
      vertex 0 11 29.5
      vertex 0 0 47
      vertex 0 21.25 29.5
    endloop
  endfacet
  facet normal 0 -1 0
    outer loop
      vertex 6.9 0 29.5
      vertex 18.9 0 29.5
      vertex 0 0 47
    endloop
  endfacet
  facet normal -1 0 0
    outer loop
      vertex 0 21.25 29.5
      vertex 0 0 47
      vertex 0 21.56358538980296 29.483565686104818
    endloop
  endfacet
  facet normal -1 0 0
    outer loop
      vertex 0 21.56358538980296 29.483565686104818
      vertex 0 0 47
      vertex 0 21.87373507245328 29.434442802201417
    endloop
  endfacet
  facet normal -1 0 0
    outer loop
      vertex 0 21.87373507245328 29.434442802201417
      vertex 0 0 47
      vertex 0 33.25 29.5
    endloop
  endfacet
  facet normal 0 -1 0
    outer loop
      vertex 18.9 0 29.5
      vertex 18.75 0 41
      vertex 0 0 47
    endloop
  endfacet
  facet normal 0 -1 0
    outer loop
      vertex 18.9 0 29.5
      vertex 30.75 0 41
      vertex 18.75 0 41
    endloop
  endfacet
  facet normal 0 -1 0
    outer loop
      vertex 0 0 47
      vertex 18.75 0 41
      vertex 18.75 0 43
    endloop
  endfacet
  facet normal 0 -1 0
    outer loop
      vertex 0 0 47
      vertex 18.75 0 43
      vertex 30.75 0 43
    endloop
  endfacet
  facet normal -1 0 0
    outer loop
      vertex 0 24.25 26.5
      vertex 0 24.233565686104818 26.81358538980296
      vertex 0 30.25 26.5
    endloop
  endfacet
  facet normal -1 0 0
    outer loop
      vertex 0 24.233565686104818 26.81358538980296
      vertex 0 24.184442802201417 27.12373507245328
      vertex 0 30.266434313895182 26.81358538980296
    endloop
  endfacet
  facet normal -1 0 0
    outer loop
      vertex 0 24.184442802201417 27.12373507245328
      vertex 0 24.10316954888546 27.427050983124843
      vertex 0 30.315557197798583 27.12373507245328
    endloop
  endfacet
  facet normal -1 0 0
    outer loop
      vertex 0 24.10316954888546 27.427050983124843
      vertex 0 23.990636372927803 27.7202099292274
      vertex 0 30.39683045111454 27.427050983124843
    endloop
  endfacet
  facet normal -1 0 0
    outer loop
      vertex 0 23.990636372927803 27.7202099292274
      vertex 0 23.848076211353316 28
      vertex 0 30.509363627072197 27.7202099292274
    endloop
  endfacet
  facet normal -1 0 0
    outer loop
      vertex 0 23.01335575687742 28.927050983124843
      vertex 0 22.75 29.098076211353316
      vertex 0 31.48664424312258 28.927050983124843
    endloop
  endfacet
  facet normal -1 0 0
    outer loop
      vertex 0 22.75 29.098076211353316
      vertex 0 22.4702099292274 29.240636372927803
      vertex 0 31.75 29.098076211353316
    endloop
  endfacet
  facet normal -1 0 0
    outer loop
      vertex 0 22.177050983124843 29.35316954888546
      vertex 0 32.0297900707726 29.240636372927803
      vertex 0 22.4702099292274 29.240636372927803
    endloop
  endfacet
  facet normal -1 0 0
    outer loop
      vertex 0 23.848076211353316 28
      vertex 0 23.677050983124843 28.26335575687742
      vertex 0 30.651923788646684 28
    endloop
  endfacet
  facet normal -1 0 0
    outer loop
      vertex 0 23.677050983124843 28.26335575687742
      vertex 0 23.479434476432182 28.507391819076574
      vertex 0 30.822949016875157 28.26335575687742
    endloop
  endfacet
  facet normal -1 0 0
    outer loop
      vertex 0 23.479434476432182 28.507391819076574
      vertex 0 23.257391819076574 28.729434476432182
      vertex 0 31.020565523567818 28.507391819076574
    endloop
  endfacet
  facet normal -1 0 0
    outer loop
      vertex 0 23.01335575687742 28.927050983124843
      vertex 0 31.242608180923426 28.729434476432182
      vertex 0 23.257391819076574 28.729434476432182
    endloop
  endfacet
  facet normal -1 0 0
    outer loop
      vertex 0 24.233565686104818 26.81358538980296
      vertex 0 30.266434313895182 26.81358538980296
      vertex 0 30.25 26.5
    endloop
  endfacet
  facet normal -1 0 0
    outer loop
      vertex 0 24.184442802201417 27.12373507245328
      vertex 0 30.315557197798583 27.12373507245328
      vertex 0 30.266434313895182 26.81358538980296
    endloop
  endfacet
  facet normal -1 0 0
    outer loop
      vertex 0 24.10316954888546 27.427050983124843
      vertex 0 30.39683045111454 27.427050983124843
      vertex 0 30.315557197798583 27.12373507245328
    endloop
  endfacet
  facet normal -1 0 0
    outer loop
      vertex 0 23.990636372927803 27.7202099292274
      vertex 0 30.509363627072197 27.7202099292274
      vertex 0 30.39683045111454 27.427050983124843
    endloop
  endfacet
  facet normal -1 0 0
    outer loop
      vertex 0 23.848076211353316 28
      vertex 0 30.651923788646684 28
      vertex 0 30.509363627072197 27.7202099292274
    endloop
  endfacet
  facet normal -1 0 0
    outer loop
      vertex 0 23.677050983124843 28.26335575687742
      vertex 0 30.822949016875157 28.26335575687742
      vertex 0 30.651923788646684 28
    endloop
  endfacet
  facet normal -1 0 0
    outer loop
      vertex 0 23.479434476432182 28.507391819076574
      vertex 0 31.020565523567818 28.507391819076574
      vertex 0 30.822949016875157 28.26335575687742
    endloop
  endfacet
  facet normal -1 0 0
    outer loop
      vertex 0 23.257391819076574 28.729434476432182
      vertex 0 31.242608180923426 28.729434476432182
      vertex 0 31.020565523567818 28.507391819076574
    endloop
  endfacet
  facet normal -1 0 0
    outer loop
      vertex 0 23.01335575687742 28.927050983124843
      vertex 0 31.48664424312258 28.927050983124843
      vertex 0 31.242608180923426 28.729434476432182
    endloop
  endfacet
  facet normal -1 0 0
    outer loop
      vertex 0 22.75 29.098076211353316
      vertex 0 31.75 29.098076211353316
      vertex 0 31.48664424312258 28.927050983124843
    endloop
  endfacet
  facet normal -1 0 0
    outer loop
      vertex 0 22.4702099292274 29.240636372927803
      vertex 0 32.0297900707726 29.240636372927803
      vertex 0 31.75 29.098076211353316
    endloop
  endfacet
  facet normal -1 0 0
    outer loop
      vertex 0 22.177050983124843 29.35316954888546
      vertex 0 32.32294901687516 29.35316954888546
      vertex 0 32.0297900707726 29.240636372927803
    endloop
  endfacet
  facet normal -1 0 0
    outer loop
      vertex 0 22.177050983124843 29.35316954888546
      vertex 0 21.87373507245328 29.434442802201417
      vertex 0 32.32294901687516 29.35316954888546
    endloop
  endfacet
  facet normal -1 0 0
    outer loop
      vertex 0 21.87373507245328 29.434442802201417
      vertex 0 32.62626492754672 29.434442802201417
      vertex 0 32.32294901687516 29.35316954888546
    endloop
  endfacet
  facet normal -1 0 0
    outer loop
      vertex 0 21.87373507245328 29.434442802201417
      vertex 0 32.93641461019704 29.483565686104818
      vertex 0 32.62626492754672 29.434442802201417
    endloop
  endfacet
  facet normal -1 0 0
    outer loop
      vertex 0 21.87373507245328 29.434442802201417
      vertex 0 33.25 29.5
      vertex 0 32.93641461019704 29.483565686104818
    endloop
  endfacet
  facet normal -1 0 0
    outer loop
      vertex 0 0 47
      vertex 0 44.7202099292274 29.240636372927803
      vertex 0 44.42705098312484 29.35316954888546
    endloop
  endfacet
  facet normal -1 0 0
    outer loop
      vertex 0 0 47
      vertex 0 54.2797900707726 29.240636372927803
      vertex 0 44.7202099292274 29.240636372927803
    endloop
  endfacet
  facet normal -1 0 0
    outer loop
      vertex 0 0 47
      vertex 0 54.57294901687516 29.35316954888546
      vertex 0 54.2797900707726 29.240636372927803
    endloop
  endfacet
  facet normal -1 0 0
    outer loop
      vertex 0 46.5 26.5
      vertex 0 46.48356568610482 26.81358538980296
      vertex 0 52.5 26.5
    endloop
  endfacet
  facet normal -1 0 0
    outer loop
      vertex 0 46.48356568610482 26.81358538980296
      vertex 0 46.43444280220142 27.12373507245328
      vertex 0 52.51643431389518 26.81358538980296
    endloop
  endfacet
  facet normal -1 0 0
    outer loop
      vertex 0 46.35316954888546 27.427050983124843
      vertex 0 52.56555719779858 27.12373507245328
      vertex 0 46.43444280220142 27.12373507245328
    endloop
  endfacet
  facet normal -1 0 0
    outer loop
      vertex 0 46.35316954888546 27.427050983124843
      vertex 0 46.2406363729278 27.7202099292274
      vertex 0 52.64683045111454 27.427050983124843
    endloop
  endfacet
  facet normal -1 0 0
    outer loop
      vertex 0 46.2406363729278 27.7202099292274
      vertex 0 46.098076211353316 28
      vertex 0 52.7593636270722 27.7202099292274
    endloop
  endfacet
  facet normal -1 0 0
    outer loop
      vertex 0 44.7202099292274 29.240636372927803
      vertex 0 54 29.098076211353316
      vertex 0 45 29.098076211353316
    endloop
  endfacet
  facet normal -1 0 0
    outer loop
      vertex 0 45.92705098312484 28.26335575687742
      vertex 0 52.901923788646684 28
      vertex 0 46.098076211353316 28
    endloop
  endfacet
  facet normal -1 0 0
    outer loop
      vertex 0 45.92705098312484 28.26335575687742
      vertex 0 45.72943447643218 28.507391819076574
      vertex 0 53.07294901687516 28.26335575687742
    endloop
  endfacet
  facet normal -1 0 0
    outer loop
      vertex 0 45.72943447643218 28.507391819076574
      vertex 0 45.507391819076574 28.729434476432182
      vertex 0 53.27056552356782 28.507391819076574
    endloop
  endfacet
  facet normal -1 0 0
    outer loop
      vertex 0 45.507391819076574 28.729434476432182
      vertex 0 45.26335575687742 28.927050983124843
      vertex 0 53.492608180923426 28.729434476432182
    endloop
  endfacet
  facet normal -1 0 0
    outer loop
      vertex 0 45.26335575687742 28.927050983124843
      vertex 0 45 29.098076211353316
      vertex 0 53.73664424312258 28.927050983124843
    endloop
  endfacet
  facet normal -1 0 0
    outer loop
      vertex 0 0 47
      vertex 0 43.5 29.5
      vertex 0 33.25 29.5
    endloop
  endfacet
  facet normal -1 0 0
    outer loop
      vertex 0 0 47
      vertex 0 43.81358538980296 29.483565686104818
      vertex 0 43.5 29.5
    endloop
  endfacet
  facet normal -1 0 0
    outer loop
      vertex 0 0 47
      vertex 0 44.12373507245328 29.434442802201417
      vertex 0 43.81358538980296 29.483565686104818
    endloop
  endfacet
  facet normal -1 0 0
    outer loop
      vertex 0 0 47
      vertex 0 44.42705098312484 29.35316954888546
      vertex 0 44.12373507245328 29.434442802201417
    endloop
  endfacet
  facet normal -1 0 0
    outer loop
      vertex 0 0 47
      vertex 0 54.87626492754672 29.434442802201417
      vertex 0 54.57294901687516 29.35316954888546
    endloop
  endfacet
  facet normal -1 0 0
    outer loop
      vertex 0 0 47
      vertex 0 55.18641461019704 29.483565686104818
      vertex 0 54.87626492754672 29.434442802201417
    endloop
  endfacet
  facet normal 0 0 1
    outer loop
      vertex 0 0 47
      vertex 3 3 47
      vertex 3 96 47
    endloop
  endfacet
  facet normal -1 0 0
    outer loop
      vertex 0 0 47
      vertex 0 55.5 29.5
      vertex 0 55.18641461019704 29.483565686104818
    endloop
  endfacet
  facet normal 0 -1 0
    outer loop
      vertex 21.9 0 14.5
      vertex 80.25 0 41
      vertex 21.9 0 26.5
    endloop
  endfacet
  facet normal 0 -1 0
    outer loop
      vertex 20.1202099292274 0 11.759363627072197
      vertex 99 0 47
      vertex 20.4 0 11.901923788646684
    endloop
  endfacet
  facet normal 0 -1 0
    outer loop
      vertex 20.4 0 11.901923788646684
      vertex 99 0 47
      vertex 20.663355756877422 0 12.072949016875157
    endloop
  endfacet
  facet normal 0 -1 0
    outer loop
      vertex 20.663355756877422 0 12.072949016875157
      vertex 99 0 47
      vertex 20.907391819076572 0 12.270565523567818
    endloop
  endfacet
  facet normal 0 -1 0
    outer loop
      vertex 20.907391819076572 0 12.270565523567818
      vertex 99 0 47
      vertex 21.12943447643218 0 12.492608180923426
    endloop
  endfacet
  facet normal 0 -1 0
    outer loop
      vertex 21.12943447643218 0 12.492608180923426
      vertex 99 0 47
      vertex 21.327050983124842 0 12.73664424312258
    endloop
  endfacet
  facet normal 0 -1 0
    outer loop
      vertex 21.327050983124842 0 12.73664424312258
      vertex 99 0 47
      vertex 21.498076211353315 0 13
    endloop
  endfacet
  facet normal 0 -1 0
    outer loop
      vertex 21.498076211353315 0 13
      vertex 99 0 47
      vertex 21.6406363729278 0 13.279790070772599
    endloop
  endfacet
  facet normal 0 -1 0
    outer loop
      vertex 21.6406363729278 0 13.279790070772599
      vertex 99 0 47
      vertex 21.75316954888546 0 13.572949016875157
    endloop
  endfacet
  facet normal 0 -1 0
    outer loop
      vertex 21.75316954888546 0 13.572949016875157
      vertex 99 0 47
      vertex 21.834442802201416 0 13.876264927546721
    endloop
  endfacet
  facet normal 0 -1 0
    outer loop
      vertex 21.834442802201416 0 13.876264927546721
      vertex 99 0 47
      vertex 21.883565686104816 0 14.18641461019704
    endloop
  endfacet
  facet normal 0 -1 0
    outer loop
      vertex 21.883565686104816 0 14.18641461019704
      vertex 99 0 47
      vertex 21.9 0 14.5
    endloop
  endfacet
  facet normal 0 -1 0
    outer loop
      vertex 21.9 0 26.5
      vertex 80.25 0 41
      vertex 21.883565686104816 0 26.81358538980296
    endloop
  endfacet
  facet normal 0 -1 0
    outer loop
      vertex 21.883565686104816 0 26.81358538980296
      vertex 80.25 0 41
      vertex 21.834442802201416 0 27.12373507245328
    endloop
  endfacet
  facet normal 0 -1 0
    outer loop
      vertex 21.834442802201416 0 27.12373507245328
      vertex 80.25 0 41
      vertex 21.75316954888546 0 27.427050983124843
    endloop
  endfacet
  facet normal 0 -1 0
    outer loop
      vertex 21.6406363729278 0 27.7202099292274
      vertex 21.75316954888546 0 27.427050983124843
      vertex 80.25 0 41
    endloop
  endfacet
  facet normal 0 -1 0
    outer loop
      vertex 21.6406363729278 0 27.7202099292274
      vertex 80.25 0 41
      vertex 21.498076211353315 0 28
    endloop
  endfacet
  facet normal 0 -1 0
    outer loop
      vertex 18.9 0 29.5
      vertex 19.21358538980296 0 29.483565686104818
      vertex 80.25 0 41
    endloop
  endfacet
  facet normal 0 -1 0
    outer loop
      vertex 19.21358538980296 0 29.483565686104818
      vertex 19.523735072453277 0 29.434442802201417
      vertex 80.25 0 41
    endloop
  endfacet
  facet normal 0 -1 0
    outer loop
      vertex 19.827050983124842 0 29.35316954888546
      vertex 20.1202099292274 0 29.240636372927803
      vertex 80.25 0 41
    endloop
  endfacet
  facet normal 0 -1 0
    outer loop
      vertex 19.827050983124842 0 29.35316954888546
      vertex 80.25 0 41
      vertex 19.523735072453277 0 29.434442802201417
    endloop
  endfacet
  facet normal 0 -1 0
    outer loop
      vertex 21.327050983124842 0 28.26335575687742
      vertex 80.25 0 41
      vertex 21.12943447643218 0 28.507391819076574
    endloop
  endfacet
  facet normal 0 -1 0
    outer loop
      vertex 20.663355756877422 0 28.927050983124843
      vertex 80.25 0 41
      vertex 20.4 0 29.098076211353316
    endloop
  endfacet
  facet normal 0 -1 0
    outer loop
      vertex 21.12943447643218 0 28.507391819076574
      vertex 80.25 0 41
      vertex 20.907391819076572 0 28.729434476432182
    endloop
  endfacet
  facet normal 0 -1 0
    outer loop
      vertex 20.663355756877422 0 28.927050983124843
      vertex 20.907391819076572 0 28.729434476432182
      vertex 80.25 0 41
    endloop
  endfacet
  facet normal 0 -1 0
    outer loop
      vertex 21.498076211353315 0 28
      vertex 80.25 0 41
      vertex 21.327050983124842 0 28.26335575687742
    endloop
  endfacet
  facet normal 0 -1 0
    outer loop
      vertex 20.4 0 29.098076211353316
      vertex 80.25 0 41
      vertex 20.1202099292274 0 29.240636372927803
    endloop
  endfacet
  facet normal 0 -1 0
    outer loop
      vertex 0 0 47
      vertex 30.75 0 43
      vertex 68.25 0 43
    endloop
  endfacet
  facet normal 0 0 1
    outer loop
      vertex 0 0 47
      vertex 96 3 47
      vertex 3 3 47
    endloop
  endfacet
  facet normal 0 -1 0
    outer loop
      vertex 18.9 0 29.5
      vertex 68.25 0 41
      vertex 30.75 0 41
    endloop
  endfacet
  facet normal 0 -1 0
    outer loop
      vertex 30.75 0 41
      vertex 68.25 0 41
      vertex 30.75 0 43
    endloop
  endfacet
  facet normal -1 0 0
    outer loop
      vertex 0 44.7202099292274 11.759363627072197
      vertex 0 54.2797900707726 11.759363627072197
      vertex 0 54.57294901687516 11.646830451114539
    endloop
  endfacet
  facet normal -1 0 0
    outer loop
      vertex 0 44.42705098312484 11.646830451114539
      vertex 0 54.57294901687516 11.646830451114539
      vertex 0 54.87626492754672 11.565557197798583
    endloop
  endfacet
  facet normal -1 0 0
    outer loop
      vertex 0 44.42705098312484 11.646830451114539
      vertex 0 55.18641461019704 11.51643431389518
      vertex 0 55.5 11.5
    endloop
  endfacet
  facet normal -1 0 0
    outer loop
      vertex 0 44.42705098312484 11.646830451114539
      vertex 0 54.87626492754672 11.565557197798583
      vertex 0 55.18641461019704 11.51643431389518
    endloop
  endfacet
  facet normal -1 0 0
    outer loop
      vertex 0 43.5 11.5
      vertex 0 43.81358538980296 11.51643431389518
      vertex 0 99 0
    endloop
  endfacet
  facet normal -1 0 0
    outer loop
      vertex 0 43.81358538980296 11.51643431389518
      vertex 0 44.12373507245328 11.565557197798583
      vertex 0 99 0
    endloop
  endfacet
  facet normal -1 0 0
    outer loop
      vertex 0 44.12373507245328 11.565557197798583
      vertex 0 44.42705098312484 11.646830451114539
      vertex 0 99 0
    endloop
  endfacet
  facet normal -1 0 0
    outer loop
      vertex 0 44.42705098312484 11.646830451114539
      vertex 0 55.5 11.5
      vertex 0 99 0
    endloop
  endfacet
  facet normal -1 0 0
    outer loop
      vertex 0 55.5 11.5
      vertex 0 65.75 11.5
      vertex 0 99 0
    endloop
  endfacet
  facet normal -1 0 0
    outer loop
      vertex 0 66.37373507245329 11.565557197798583
      vertex 0 66.67705098312484 11.646830451114539
      vertex 0 77.12626492754673 11.565557197798583
    endloop
  endfacet
  facet normal -1 0 0
    outer loop
      vertex 0 66.67705098312484 11.646830451114539
      vertex 0 66.9702099292274 11.759363627072197
      vertex 0 76.82294901687516 11.646830451114539
    endloop
  endfacet
  facet normal -1 0 0
    outer loop
      vertex 0 66.67705098312484 11.646830451114539
      vertex 0 76.82294901687516 11.646830451114539
      vertex 0 77.12626492754673 11.565557197798583
    endloop
  endfacet
  facet normal -1 0 0
    outer loop
      vertex 0 66.9702099292274 11.759363627072197
      vertex 0 76.5297900707726 11.759363627072197
      vertex 0 76.82294901687516 11.646830451114539
    endloop
  endfacet
  facet normal -1 0 0
    outer loop
      vertex 0 45.26335575687742 12.072949016875157
      vertex 0 53.73664424312258 12.072949016875157
      vertex 0 54 11.901923788646684
    endloop
  endfacet
  facet normal -1 0 0
    outer loop
      vertex 0 45.507391819076574 12.270565523567818
      vertex 0 53.492608180923426 12.270565523567818
      vertex 0 53.73664424312258 12.072949016875157
    endloop
  endfacet
  facet normal -1 0 0
    outer loop
      vertex 0 45.72943447643218 12.492608180923426
      vertex 0 53.27056552356782 12.492608180923426
      vertex 0 53.492608180923426 12.270565523567818
    endloop
  endfacet
  facet normal -1 0 0
    outer loop
      vertex 0 45.92705098312484 12.73664424312258
      vertex 0 53.07294901687516 12.73664424312258
      vertex 0 53.27056552356782 12.492608180923426
    endloop
  endfacet
  facet normal -1 0 0
    outer loop
      vertex 0 46.2406363729278 13.279790070772599
      vertex 0 52.7593636270722 13.279790070772599
      vertex 0 52.901923788646684 13
    endloop
  endfacet
  facet normal -1 0 0
    outer loop
      vertex 0 46.098076211353316 13
      vertex 0 52.901923788646684 13
      vertex 0 53.07294901687516 12.73664424312258
    endloop
  endfacet
  facet normal -1 0 0
    outer loop
      vertex 0 45 11.901923788646684
      vertex 0 54 11.901923788646684
      vertex 0 54.2797900707726 11.759363627072197
    endloop
  endfacet
  facet normal -1 0 0
    outer loop
      vertex 0 46.35316954888546 13.572949016875157
      vertex 0 52.64683045111454 13.572949016875157
      vertex 0 52.7593636270722 13.279790070772599
    endloop
  endfacet
  facet normal -1 0 0
    outer loop
      vertex 0 46.43444280220142 13.876264927546721
      vertex 0 52.56555719779858 13.876264927546721
      vertex 0 52.64683045111454 13.572949016875157
    endloop
  endfacet
  facet normal -1 0 0
    outer loop
      vertex 0 46.48356568610482 14.18641461019704
      vertex 0 52.51643431389518 14.18641461019704
      vertex 0 52.56555719779858 13.876264927546721
    endloop
  endfacet
  facet normal -1 0 0
    outer loop
      vertex 0 46.5 14.5
      vertex 0 52.5 14.5
      vertex 0 52.51643431389518 14.18641461019704
    endloop
  endfacet
  facet normal -1 0 0
    outer loop
      vertex 0 46.5 26.5
      vertex 0 52.5 26.5
      vertex 0 52.5 14.5
    endloop
  endfacet
  facet normal -1 0 0
    outer loop
      vertex 0 66.9702099292274 11.759363627072197
      vertex 0 67.25 11.901923788646684
      vertex 0 76.5297900707726 11.759363627072197
    endloop
  endfacet
  facet normal -1 0 0
    outer loop
      vertex 0 67.25 11.901923788646684
      vertex 0 67.51335575687742 12.072949016875157
      vertex 0 76.25 11.901923788646684
    endloop
  endfacet
  facet normal -1 0 0
    outer loop
      vertex 0 67.51335575687742 12.072949016875157
      vertex 0 67.75739181907657 12.270565523567818
      vertex 0 75.98664424312258 12.072949016875157
    endloop
  endfacet
  facet normal -1 0 0
    outer loop
      vertex 0 67.75739181907657 12.270565523567818
      vertex 0 67.97943447643217 12.492608180923426
      vertex 0 75.74260818092343 12.270565523567818
    endloop
  endfacet
  facet normal -1 0 0
    outer loop
      vertex 0 67.97943447643217 12.492608180923426
      vertex 0 68.17705098312484 12.73664424312258
      vertex 0 75.52056552356781 12.492608180923426
    endloop
  endfacet
  facet normal -1 0 0
    outer loop
      vertex 0 68.17705098312484 12.73664424312258
      vertex 0 68.34807621135332 13
      vertex 0 75.32294901687516 12.73664424312258
    endloop
  endfacet
  facet normal -1 0 0
    outer loop
      vertex 0 68.34807621135332 13
      vertex 0 68.49063637292781 13.279790070772599
      vertex 0 75.15192378864668 13
    endloop
  endfacet
  facet normal -1 0 0
    outer loop
      vertex 0 68.49063637292781 13.279790070772599
      vertex 0 68.60316954888546 13.572949016875157
      vertex 0 75.00936362707219 13.279790070772599
    endloop
  endfacet
  facet normal -1 0 0
    outer loop
      vertex 0 68.60316954888546 13.572949016875157
      vertex 0 68.68444280220142 13.876264927546721
      vertex 0 74.89683045111454 13.572949016875157
    endloop
  endfacet
  facet normal -1 0 0
    outer loop
      vertex 0 68.68444280220142 13.876264927546721
      vertex 0 68.73356568610481 14.18641461019704
      vertex 0 74.81555719779858 13.876264927546721
    endloop
  endfacet
  facet normal -1 0 0
    outer loop
      vertex 0 68.73356568610481 14.18641461019704
      vertex 0 68.75 14.5
      vertex 0 74.76643431389518 14.18641461019704
    endloop
  endfacet
  facet normal -1 0 0
    outer loop
      vertex 0 67.75739181907657 12.270565523567818
      vertex 0 75.74260818092343 12.270565523567818
      vertex 0 75.98664424312258 12.072949016875157
    endloop
  endfacet
  facet normal -1 0 0
    outer loop
      vertex 0 67.97943447643217 12.492608180923426
      vertex 0 75.52056552356781 12.492608180923426
      vertex 0 75.74260818092343 12.270565523567818
    endloop
  endfacet
  facet normal -1 0 0
    outer loop
      vertex 0 68.17705098312484 12.73664424312258
      vertex 0 75.32294901687516 12.73664424312258
      vertex 0 75.52056552356781 12.492608180923426
    endloop
  endfacet
  facet normal -1 0 0
    outer loop
      vertex 0 68.34807621135332 13
      vertex 0 75.15192378864668 13
      vertex 0 75.32294901687516 12.73664424312258
    endloop
  endfacet
  facet normal -1 0 0
    outer loop
      vertex 0 68.49063637292781 13.279790070772599
      vertex 0 75.00936362707219 13.279790070772599
      vertex 0 75.15192378864668 13
    endloop
  endfacet
  facet normal -1 0 0
    outer loop
      vertex 0 67.25 11.901923788646684
      vertex 0 76.25 11.901923788646684
      vertex 0 76.5297900707726 11.759363627072197
    endloop
  endfacet
  facet normal -1 0 0
    outer loop
      vertex 0 67.51335575687742 12.072949016875157
      vertex 0 75.98664424312258 12.072949016875157
      vertex 0 76.25 11.901923788646684
    endloop
  endfacet
  facet normal -1 0 0
    outer loop
      vertex 0 68.60316954888546 13.572949016875157
      vertex 0 74.89683045111454 13.572949016875157
      vertex 0 75.00936362707219 13.279790070772599
    endloop
  endfacet
  facet normal -1 0 0
    outer loop
      vertex 0 68.68444280220142 13.876264927546721
      vertex 0 74.81555719779858 13.876264927546721
      vertex 0 74.89683045111454 13.572949016875157
    endloop
  endfacet
  facet normal -1 0 0
    outer loop
      vertex 0 68.73356568610481 14.18641461019704
      vertex 0 74.76643431389518 14.18641461019704
      vertex 0 74.81555719779858 13.876264927546721
    endloop
  endfacet
  facet normal -1 0 0
    outer loop
      vertex 0 68.75 14.5
      vertex 0 74.75 14.5
      vertex 0 74.76643431389518 14.18641461019704
    endloop
  endfacet
  facet normal -1 0 0
    outer loop
      vertex 0 68.75 14.5
      vertex 0 68.75 26.5
      vertex 0 74.75 14.5
    endloop
  endfacet
  facet normal -1 0 0
    outer loop
      vertex 0 74.75 14.5
      vertex 0 68.75 26.5
      vertex 0 74.75 26.5
    endloop
  endfacet
  facet normal -1 0 0
    outer loop
      vertex 0 65.75 11.5
      vertex 0 66.06358538980297 11.51643431389518
      vertex 0 99 0
    endloop
  endfacet
  facet normal -1 0 0
    outer loop
      vertex 0 66.06358538980297 11.51643431389518
      vertex 0 66.37373507245329 11.565557197798583
      vertex 0 99 0
    endloop
  endfacet
  facet normal -1 0 0
    outer loop
      vertex 0 66.37373507245329 11.565557197798583
      vertex 0 77.12626492754673 11.565557197798583
      vertex 0 99 0
    endloop
  endfacet
  facet normal -1 0 0
    outer loop
      vertex 0 77.12626492754673 11.565557197798583
      vertex 0 77.43641461019703 11.51643431389518
      vertex 0 99 0
    endloop
  endfacet
  facet normal -1 0 0
    outer loop
      vertex 0 77.43641461019703 11.51643431389518
      vertex 0 77.75 11.5
      vertex 0 99 0
    endloop
  endfacet
  facet normal -1 0 0
    outer loop
      vertex 0 77.75 11.5
      vertex 0 88 11.5
      vertex 0 99 0
    endloop
  endfacet
  facet normal -1 0 0
    outer loop
      vertex 0 99 0
      vertex 0 88 11.5
      vertex 0 88.31358538980297 11.51643431389518
    endloop
  endfacet
  facet normal -1 0 0
    outer loop
      vertex 0 99 0
      vertex 0 88.31358538980297 11.51643431389518
      vertex 0 88.62373507245329 11.565557197798583
    endloop
  endfacet
  facet normal -1 0 0
    outer loop
      vertex 0 99 0
      vertex 0 88.62373507245329 11.565557197798583
      vertex 0 88.92705098312484 11.646830451114539
    endloop
  endfacet
  facet normal -1 0 0
    outer loop
      vertex 0 99 0
      vertex 0 88.92705098312484 11.646830451114539
      vertex 0 89.2202099292274 11.759363627072197
    endloop
  endfacet
  facet normal -1 0 0
    outer loop
      vertex 0 99 0
      vertex 0 89.2202099292274 11.759363627072197
      vertex 0 89.5 11.901923788646684
    endloop
  endfacet
  facet normal -1 0 0
    outer loop
      vertex 0 99 0
      vertex 0 89.5 11.901923788646684
      vertex 0 89.76335575687742 12.072949016875157
    endloop
  endfacet
  facet normal -1 0 0
    outer loop
      vertex 0 99 0
      vertex 0 89.76335575687742 12.072949016875157
      vertex 0 90.00739181907657 12.270565523567818
    endloop
  endfacet
  facet normal -1 0 0
    outer loop
      vertex 0 99 0
      vertex 0 90.00739181907657 12.270565523567818
      vertex 0 90.22943447643217 12.492608180923426
    endloop
  endfacet
  facet normal -1 0 0
    outer loop
      vertex 0 99 0
      vertex 0 90.22943447643217 12.492608180923426
      vertex 0 90.42705098312484 12.73664424312258
    endloop
  endfacet
  facet normal -1 0 0
    outer loop
      vertex 0 99 0
      vertex 0 90.42705098312484 12.73664424312258
      vertex 0 90.59807621135332 13
    endloop
  endfacet
  facet normal -1 0 0
    outer loop
      vertex 0 99 0
      vertex 0 90.59807621135332 13
      vertex 0 90.74063637292781 13.279790070772599
    endloop
  endfacet
  facet normal -1 0 0
    outer loop
      vertex 0 99 0
      vertex 0 90.74063637292781 13.279790070772599
      vertex 0 90.85316954888546 13.572949016875157
    endloop
  endfacet
  facet normal -1 0 0
    outer loop
      vertex 0 99 0
      vertex 0 90.85316954888546 13.572949016875157
      vertex 0 90.93444280220142 13.876264927546721
    endloop
  endfacet
  facet normal -1 0 0
    outer loop
      vertex 0 99 0
      vertex 0 90.93444280220142 13.876264927546721
      vertex 0 90.98356568610481 14.18641461019704
    endloop
  endfacet
  facet normal -1 0 0
    outer loop
      vertex 0 99 0
      vertex 0 90.98356568610481 14.18641461019704
      vertex 0 91 14.5
    endloop
  endfacet
  facet normal 0 1 0
    outer loop
      vertex 0 99 0
      vertex 4.472949016875158 99 12.73664424312258
      vertex 4.670565523567817 99 12.492608180923426
    endloop
  endfacet
  facet normal 0 1 0
    outer loop
      vertex 0 99 0
      vertex 4.301923788646684 99 13
      vertex 4.472949016875158 99 12.73664424312258
    endloop
  endfacet
  facet normal 0 1 0
    outer loop
      vertex 0 99 0
      vertex 4.159363627072198 99 13.279790070772599
      vertex 4.301923788646684 99 13
    endloop
  endfacet
  facet normal 0 1 0
    outer loop
      vertex 0 99 0
      vertex 5.4 99 11.901923788646684
      vertex 5.6797900707726 99 11.759363627072197
    endloop
  endfacet
  facet normal 0 1 0
    outer loop
      vertex 0 99 0
      vertex 5.136644243122581 99 12.072949016875157
      vertex 5.4 99 11.901923788646684
    endloop
  endfacet
  facet normal 0 1 0
    outer loop
      vertex 0 99 0
      vertex 6.276264927546722 99 11.565557197798583
      vertex 6.58641461019704 99 11.51643431389518
    endloop
  endfacet
  facet normal 0 1 0
    outer loop
      vertex 0 99 0
      vertex 6.58641461019704 99 11.51643431389518
      vertex 6.9 99 11.5
    endloop
  endfacet
  facet normal 0 1 0
    outer loop
      vertex 0 99 0
      vertex 5.6797900707726 99 11.759363627072197
      vertex 5.972949016875158 99 11.646830451114539
    endloop
  endfacet
  facet normal 0 1 0
    outer loop
      vertex 0 99 0
      vertex 5.972949016875158 99 11.646830451114539
      vertex 6.276264927546722 99 11.565557197798583
    endloop
  endfacet
  facet normal 0 1 0
    outer loop
      vertex 0 99 0
      vertex 4.670565523567817 99 12.492608180923426
      vertex 4.892608180923426 99 12.270565523567818
    endloop
  endfacet
  facet normal 0 1 0
    outer loop
      vertex 0 99 0
      vertex 4.892608180923426 99 12.270565523567818
      vertex 5.136644243122581 99 12.072949016875157
    endloop
  endfacet
  facet normal 0 1 0
    outer loop
      vertex 0 99 0
      vertex 3.9655571977985833 99 13.876264927546721
      vertex 4.046830451114539 99 13.572949016875157
    endloop
  endfacet
  facet normal 0 1 0
    outer loop
      vertex 0 99 0
      vertex 4.046830451114539 99 13.572949016875157
      vertex 4.159363627072198 99 13.279790070772599
    endloop
  endfacet
  facet normal 0 1 0
    outer loop
      vertex 0 99 0
      vertex 3.9164343138951807 99 14.18641461019704
      vertex 3.9655571977985833 99 13.876264927546721
    endloop
  endfacet
  facet normal 0 1 0
    outer loop
      vertex 0 99 0
      vertex 6.9 99 11.5
      vertex 18.9 99 11.5
    endloop
  endfacet
  facet normal 0 1 0
    outer loop
      vertex 0 99 0
      vertex 18.9 99 11.5
      vertex 19.21358538980296 99 11.51643431389518
    endloop
  endfacet
  facet normal 0 1 0
    outer loop
      vertex 0 99 0
      vertex 19.21358538980296 99 11.51643431389518
      vertex 19.523735072453277 99 11.565557197798583
    endloop
  endfacet
  facet normal 0 1 0
    outer loop
      vertex 0 99 0
      vertex 19.523735072453277 99 11.565557197798583
      vertex 19.827050983124842 99 11.646830451114539
    endloop
  endfacet
  facet normal 0 1 0
    outer loop
      vertex 0 99 0
      vertex 19.827050983124842 99 11.646830451114539
      vertex 20.1202099292274 99 11.759363627072197
    endloop
  endfacet
  facet normal 0 1 0
    outer loop
      vertex 0 99 0
      vertex 20.1202099292274 99 11.759363627072197
      vertex 20.4 99 11.901923788646684
    endloop
  endfacet
  facet normal -1 0 0
    outer loop
      vertex 0 99 0
      vertex 0 91 14.5
      vertex 0 91 26.5
    endloop
  endfacet
  facet normal 0 1 0
    outer loop
      vertex 0 99 0
      vertex 0 99 47
      vertex 3.9164343138951807 99 14.18641461019704
    endloop
  endfacet
  facet normal 0 0 -1
    outer loop
      vertex 0 0 0
      vertex 0 99 0
      vertex 99 99 0
    endloop
  endfacet
  facet normal 0 1 0
    outer loop
      vertex 0 99 0
      vertex 20.4 99 11.901923788646684
      vertex 99 99 0
    endloop
  endfacet
  facet normal 0 1 0
    outer loop
      vertex 20.4 99 11.901923788646684
      vertex 20.663355756877422 99 12.072949016875157
      vertex 99 99 0
    endloop
  endfacet
  facet normal 0 1 0
    outer loop
      vertex 20.663355756877422 99 12.072949016875157
      vertex 20.907391819076572 99 12.270565523567818
      vertex 99 99 0
    endloop
  endfacet
  facet normal 0 1 0
    outer loop
      vertex 20.907391819076572 99 12.270565523567818
      vertex 21.12943447643218 99 12.492608180923426
      vertex 99 99 0
    endloop
  endfacet
  facet normal 0 1 0
    outer loop
      vertex 21.12943447643218 99 12.492608180923426
      vertex 21.327050983124842 99 12.73664424312258
      vertex 99 99 0
    endloop
  endfacet
  facet normal 0 1 0
    outer loop
      vertex 21.327050983124842 99 12.73664424312258
      vertex 21.498076211353315 99 13
      vertex 99 99 0
    endloop
  endfacet
  facet normal 0 1 0
    outer loop
      vertex 21.498076211353315 99 13
      vertex 21.6406363729278 99 13.279790070772599
      vertex 99 99 0
    endloop
  endfacet
  facet normal 0 1 0
    outer loop
      vertex 21.6406363729278 99 13.279790070772599
      vertex 21.75316954888546 99 13.572949016875157
      vertex 99 99 0
    endloop
  endfacet
  facet normal 0 1 0
    outer loop
      vertex 21.75316954888546 99 13.572949016875157
      vertex 21.834442802201416 99 13.876264927546721
      vertex 99 99 0
    endloop
  endfacet
  facet normal 0 1 0
    outer loop
      vertex 21.834442802201416 99 13.876264927546721
      vertex 21.883565686104816 99 14.18641461019704
      vertex 99 99 0
    endloop
  endfacet
  facet normal 0 1 0
    outer loop
      vertex 21.883565686104816 99 14.18641461019704
      vertex 21.9 99 14.5
      vertex 99 99 0
    endloop
  endfacet
  facet normal 0 1 0
    outer loop
      vertex 21.9 99 14.5
      vertex 21.9 99 26.5
      vertex 99 99 0
    endloop
  endfacet
  facet normal 0 1 0
    outer loop
      vertex 19.827050983124842 99 29.35316954888546
      vertex 99 99 0
      vertex 20.1202099292274 99 29.240636372927803
    endloop
  endfacet
  facet normal 0 1 0
    outer loop
      vertex 21.9 99 26.5
      vertex 21.883565686104816 99 26.81358538980296
      vertex 99 99 0
    endloop
  endfacet
  facet normal 0 1 0
    outer loop
      vertex 21.883565686104816 99 26.81358538980296
      vertex 21.834442802201416 99 27.12373507245328
      vertex 99 99 0
    endloop
  endfacet
  facet normal 0 1 0
    outer loop
      vertex 21.834442802201416 99 27.12373507245328
      vertex 21.75316954888546 99 27.427050983124843
      vertex 99 99 0
    endloop
  endfacet
  facet normal 0 1 0
    outer loop
      vertex 21.327050983124842 99 28.26335575687742
      vertex 21.12943447643218 99 28.507391819076574
      vertex 99 99 0
    endloop
  endfacet
  facet normal 0 1 0
    outer loop
      vertex 21.12943447643218 99 28.507391819076574
      vertex 20.907391819076572 99 28.729434476432182
      vertex 99 99 0
    endloop
  endfacet
  facet normal 0 1 0
    outer loop
      vertex 21.6406363729278 99 27.7202099292274
      vertex 99 99 0
      vertex 21.75316954888546 99 27.427050983124843
    endloop
  endfacet
  facet normal 0 1 0
    outer loop
      vertex 21.6406363729278 99 27.7202099292274
      vertex 21.498076211353315 99 28
      vertex 99 99 0
    endloop
  endfacet
  facet normal 0 1 0
    outer loop
      vertex 21.498076211353315 99 28
      vertex 21.327050983124842 99 28.26335575687742
      vertex 99 99 0
    endloop
  endfacet
  facet normal 0 1 0
    outer loop
      vertex 20.4 99 29.098076211353316
      vertex 20.1202099292274 99 29.240636372927803
      vertex 99 99 0
    endloop
  endfacet
  facet normal 0 1 0
    outer loop
      vertex 20.663355756877422 99 28.927050983124843
      vertex 20.4 99 29.098076211353316
      vertex 99 99 0
    endloop
  endfacet
  facet normal 0 1 0
    outer loop
      vertex 20.663355756877422 99 28.927050983124843
      vertex 99 99 0
      vertex 20.907391819076572 99 28.729434476432182
    endloop
  endfacet
  facet normal -1 0 0
    outer loop
      vertex 0 46.48356568610482 26.81358538980296
      vertex 0 52.51643431389518 26.81358538980296
      vertex 0 52.5 26.5
    endloop
  endfacet
  facet normal -1 0 0
    outer loop
      vertex 0 46.43444280220142 27.12373507245328
      vertex 0 52.56555719779858 27.12373507245328
      vertex 0 52.51643431389518 26.81358538980296
    endloop
  endfacet
  facet normal -1 0 0
    outer loop
      vertex 0 46.35316954888546 27.427050983124843
      vertex 0 52.64683045111454 27.427050983124843
      vertex 0 52.56555719779858 27.12373507245328
    endloop
  endfacet
  facet normal -1 0 0
    outer loop
      vertex 0 46.2406363729278 27.7202099292274
      vertex 0 52.7593636270722 27.7202099292274
      vertex 0 52.64683045111454 27.427050983124843
    endloop
  endfacet
  facet normal -1 0 0
    outer loop
      vertex 0 46.098076211353316 28
      vertex 0 52.901923788646684 28
      vertex 0 52.7593636270722 27.7202099292274
    endloop
  endfacet
  facet normal -1 0 0
    outer loop
      vertex 0 45.92705098312484 28.26335575687742
      vertex 0 53.07294901687516 28.26335575687742
      vertex 0 52.901923788646684 28
    endloop
  endfacet
  facet normal -1 0 0
    outer loop
      vertex 0 45.72943447643218 28.507391819076574
      vertex 0 53.27056552356782 28.507391819076574
      vertex 0 53.07294901687516 28.26335575687742
    endloop
  endfacet
  facet normal -1 0 0
    outer loop
      vertex 0 45.507391819076574 28.729434476432182
      vertex 0 53.492608180923426 28.729434476432182
      vertex 0 53.27056552356782 28.507391819076574
    endloop
  endfacet
  facet normal -1 0 0
    outer loop
      vertex 0 45.26335575687742 28.927050983124843
      vertex 0 53.73664424312258 28.927050983124843
      vertex 0 53.492608180923426 28.729434476432182
    endloop
  endfacet
  facet normal -1 0 0
    outer loop
      vertex 0 45 29.098076211353316
      vertex 0 54 29.098076211353316
      vertex 0 53.73664424312258 28.927050983124843
    endloop
  endfacet
  facet normal -1 0 0
    outer loop
      vertex 0 44.7202099292274 29.240636372927803
      vertex 0 54.2797900707726 29.240636372927803
      vertex 0 54 29.098076211353316
    endloop
  endfacet
  facet normal -1 0 0
    outer loop
      vertex 0 68.75 26.5
      vertex 0 68.73356568610481 26.81358538980296
      vertex 0 74.75 26.5
    endloop
  endfacet
  facet normal -1 0 0
    outer loop
      vertex 0 68.73356568610481 26.81358538980296
      vertex 0 68.68444280220142 27.12373507245328
      vertex 0 74.76643431389518 26.81358538980296
    endloop
  endfacet
  facet normal -1 0 0
    outer loop
      vertex 0 68.68444280220142 27.12373507245328
      vertex 0 68.60316954888546 27.427050983124843
      vertex 0 74.81555719779858 27.12373507245328
    endloop
  endfacet
  facet normal -1 0 0
    outer loop
      vertex 0 68.60316954888546 27.427050983124843
      vertex 0 68.49063637292781 27.7202099292274
      vertex 0 74.89683045111454 27.427050983124843
    endloop
  endfacet
  facet normal -1 0 0
    outer loop
      vertex 0 68.49063637292781 27.7202099292274
      vertex 0 68.34807621135332 28
      vertex 0 75.00936362707219 27.7202099292274
    endloop
  endfacet
  facet normal -1 0 0
    outer loop
      vertex 0 68.34807621135332 28
      vertex 0 68.17705098312484 28.26335575687742
      vertex 0 75.15192378864668 28
    endloop
  endfacet
  facet normal -1 0 0
    outer loop
      vertex 0 67.97943447643217 28.507391819076574
      vertex 0 75.32294901687516 28.26335575687742
      vertex 0 68.17705098312484 28.26335575687742
    endloop
  endfacet
  facet normal -1 0 0
    outer loop
      vertex 0 67.97943447643217 28.507391819076574
      vertex 0 67.75739181907657 28.729434476432182
      vertex 0 75.52056552356781 28.507391819076574
    endloop
  endfacet
  facet normal -1 0 0
    outer loop
      vertex 0 68.73356568610481 26.81358538980296
      vertex 0 74.76643431389518 26.81358538980296
      vertex 0 74.75 26.5
    endloop
  endfacet
  facet normal -1 0 0
    outer loop
      vertex 0 68.68444280220142 27.12373507245328
      vertex 0 74.81555719779858 27.12373507245328
      vertex 0 74.76643431389518 26.81358538980296
    endloop
  endfacet
  facet normal -1 0 0
    outer loop
      vertex 0 68.60316954888546 27.427050983124843
      vertex 0 74.89683045111454 27.427050983124843
      vertex 0 74.81555719779858 27.12373507245328
    endloop
  endfacet
  facet normal -1 0 0
    outer loop
      vertex 0 68.49063637292781 27.7202099292274
      vertex 0 75.00936362707219 27.7202099292274
      vertex 0 74.89683045111454 27.427050983124843
    endloop
  endfacet
  facet normal -1 0 0
    outer loop
      vertex 0 68.34807621135332 28
      vertex 0 75.15192378864668 28
      vertex 0 75.00936362707219 27.7202099292274
    endloop
  endfacet
  facet normal -1 0 0
    outer loop
      vertex 0 68.17705098312484 28.26335575687742
      vertex 0 75.32294901687516 28.26335575687742
      vertex 0 75.15192378864668 28
    endloop
  endfacet
  facet normal -1 0 0
    outer loop
      vertex 0 67.97943447643217 28.507391819076574
      vertex 0 75.52056552356781 28.507391819076574
      vertex 0 75.32294901687516 28.26335575687742
    endloop
  endfacet
  facet normal -1 0 0
    outer loop
      vertex 0 67.75739181907657 28.729434476432182
      vertex 0 75.74260818092343 28.729434476432182
      vertex 0 75.52056552356781 28.507391819076574
    endloop
  endfacet
  facet normal -1 0 0
    outer loop
      vertex 0 67.75739181907657 28.729434476432182
      vertex 0 75.98664424312258 28.927050983124843
      vertex 0 75.74260818092343 28.729434476432182
    endloop
  endfacet
  facet normal -1 0 0
    outer loop
      vertex 0 0 47
      vertex 0 99 47
      vertex 0 55.5 29.5
    endloop
  endfacet
  facet normal -1 0 0
    outer loop
      vertex 0 55.5 29.5
      vertex 0 99 47
      vertex 0 65.75 29.5
    endloop
  endfacet
  facet normal 0 0 1
    outer loop
      vertex 0 0 47
      vertex 3 96 47
      vertex 0 99 47
    endloop
  endfacet
  facet normal -1 0 0
    outer loop
      vertex 0 66.67705098312484 29.35316954888546
      vertex 0 99 47
      vertex 0 66.9702099292274 29.240636372927803
    endloop
  endfacet
  facet normal -1 0 0
    outer loop
      vertex 0 67.25 29.098076211353316
      vertex 0 66.9702099292274 29.240636372927803
      vertex 0 99 47
    endloop
  endfacet
  facet normal -1 0 0
    outer loop
      vertex 0 67.51335575687742 28.927050983124843
      vertex 0 99 47
      vertex 0 67.75739181907657 28.729434476432182
    endloop
  endfacet
  facet normal -1 0 0
    outer loop
      vertex 0 67.25 29.098076211353316
      vertex 0 99 47
      vertex 0 67.51335575687742 28.927050983124843
    endloop
  endfacet
  facet normal -1 0 0
    outer loop
      vertex 0 67.75739181907657 28.729434476432182
      vertex 0 99 47
      vertex 0 75.98664424312258 28.927050983124843
    endloop
  endfacet
  facet normal -1 0 0
    outer loop
      vertex 0 75.98664424312258 28.927050983124843
      vertex 0 99 47
      vertex 0 76.25 29.098076211353316
    endloop
  endfacet
  facet normal -1 0 0
    outer loop
      vertex 0 76.25 29.098076211353316
      vertex 0 99 47
      vertex 0 76.5297900707726 29.240636372927803
    endloop
  endfacet
  facet normal -1 0 0
    outer loop
      vertex 0 76.5297900707726 29.240636372927803
      vertex 0 99 47
      vertex 0 76.82294901687516 29.35316954888546
    endloop
  endfacet
  facet normal -1 0 0
    outer loop
      vertex 0 99 0
      vertex 0 91 26.5
      vertex 0 99 47
    endloop
  endfacet
  facet normal 0 1 0
    outer loop
      vertex 3.9164343138951807 99 14.18641461019704
      vertex 0 99 47
      vertex 3.9000000000000004 99 14.5
    endloop
  endfacet
  facet normal 0 1 0
    outer loop
      vertex 3.9000000000000004 99 14.5
      vertex 0 99 47
      vertex 3.9000000000000004 99 26.5
    endloop
  endfacet
  facet normal -1 0 0
    outer loop
      vertex 0 91 26.5
      vertex 0 90.98356568610481 26.81358538980296
      vertex 0 99 47
    endloop
  endfacet
  facet normal -1 0 0
    outer loop
      vertex 0 90.98356568610481 26.81358538980296
      vertex 0 90.93444280220142 27.12373507245328
      vertex 0 99 47
    endloop
  endfacet
  facet normal -1 0 0
    outer loop
      vertex 0 90.93444280220142 27.12373507245328
      vertex 0 90.85316954888546 27.427050983124843
      vertex 0 99 47
    endloop
  endfacet
  facet normal -1 0 0
    outer loop
      vertex 0 90.85316954888546 27.427050983124843
      vertex 0 90.74063637292781 27.7202099292274
      vertex 0 99 47
    endloop
  endfacet
  facet normal -1 0 0
    outer loop
      vertex 0 90.74063637292781 27.7202099292274
      vertex 0 90.59807621135332 28
      vertex 0 99 47
    endloop
  endfacet
  facet normal -1 0 0
    outer loop
      vertex 0 90.42705098312484 28.26335575687742
      vertex 0 99 47
      vertex 0 90.59807621135332 28
    endloop
  endfacet
  facet normal -1 0 0
    outer loop
      vertex 0 88.92705098312484 29.35316954888546
      vertex 0 99 47
      vertex 0 89.2202099292274 29.240636372927803
    endloop
  endfacet
  facet normal -1 0 0
    outer loop
      vertex 0 89.5 29.098076211353316
      vertex 0 99 47
      vertex 0 89.76335575687742 28.927050983124843
    endloop
  endfacet
  facet normal -1 0 0
    outer loop
      vertex 0 89.2202099292274 29.240636372927803
      vertex 0 99 47
      vertex 0 89.5 29.098076211353316
    endloop
  endfacet
  facet normal -1 0 0
    outer loop
      vertex 0 90.42705098312484 28.26335575687742
      vertex 0 90.22943447643217 28.507391819076574
      vertex 0 99 47
    endloop
  endfacet
  facet normal -1 0 0
    outer loop
      vertex 0 90.22943447643217 28.507391819076574
      vertex 0 90.00739181907657 28.729434476432182
      vertex 0 99 47
    endloop
  endfacet
  facet normal -1 0 0
    outer loop
      vertex 0 90.00739181907657 28.729434476432182
      vertex 0 89.76335575687742 28.927050983124843
      vertex 0 99 47
    endloop
  endfacet
  facet normal 0 1 0
    outer loop
      vertex 3.9000000000000004 99 26.5
      vertex 0 99 47
      vertex 3.9164343138951807 99 26.81358538980296
    endloop
  endfacet
  facet normal 0 1 0
    outer loop
      vertex 3.9164343138951807 99 26.81358538980296
      vertex 0 99 47
      vertex 3.9655571977985833 99 27.12373507245328
    endloop
  endfacet
  facet normal 0 1 0
    outer loop
      vertex 3.9655571977985833 99 27.12373507245328
      vertex 0 99 47
      vertex 4.046830451114539 99 27.427050983124843
    endloop
  endfacet
  facet normal 0 1 0
    outer loop
      vertex 4.046830451114539 99 27.427050983124843
      vertex 0 99 47
      vertex 4.159363627072198 99 27.7202099292274
    endloop
  endfacet
  facet normal 0 1 0
    outer loop
      vertex 4.159363627072198 99 27.7202099292274
      vertex 0 99 47
      vertex 4.301923788646684 99 28
    endloop
  endfacet
  facet normal 0 1 0
    outer loop
      vertex 4.301923788646684 99 28
      vertex 0 99 47
      vertex 4.472949016875158 99 28.26335575687742
    endloop
  endfacet
  facet normal 0 1 0
    outer loop
      vertex 4.472949016875158 99 28.26335575687742
      vertex 0 99 47
      vertex 4.670565523567817 99 28.507391819076574
    endloop
  endfacet
  facet normal 0 1 0
    outer loop
      vertex 4.670565523567817 99 28.507391819076574
      vertex 0 99 47
      vertex 4.892608180923426 99 28.729434476432182
    endloop
  endfacet
  facet normal 0 1 0
    outer loop
      vertex 4.892608180923426 99 28.729434476432182
      vertex 0 99 47
      vertex 5.136644243122581 99 28.927050983124843
    endloop
  endfacet
  facet normal 0 1 0
    outer loop
      vertex 5.136644243122581 99 28.927050983124843
      vertex 0 99 47
      vertex 5.4 99 29.098076211353316
    endloop
  endfacet
  facet normal 0 1 0
    outer loop
      vertex 5.4 99 29.098076211353316
      vertex 0 99 47
      vertex 5.6797900707726 99 29.240636372927803
    endloop
  endfacet
  facet normal 0 1 0
    outer loop
      vertex 5.6797900707726 99 29.240636372927803
      vertex 0 99 47
      vertex 5.972949016875158 99 29.35316954888546
    endloop
  endfacet
  facet normal -1 0 0
    outer loop
      vertex 0 65.75 29.5
      vertex 0 99 47
      vertex 0 66.06358538980297 29.483565686104818
    endloop
  endfacet
  facet normal -1 0 0
    outer loop
      vertex 0 66.06358538980297 29.483565686104818
      vertex 0 99 47
      vertex 0 66.37373507245329 29.434442802201417
    endloop
  endfacet
  facet normal -1 0 0
    outer loop
      vertex 0 66.67705098312484 29.35316954888546
      vertex 0 66.37373507245329 29.434442802201417
      vertex 0 99 47
    endloop
  endfacet
  facet normal -1 0 0
    outer loop
      vertex 0 76.82294901687516 29.35316954888546
      vertex 0 99 47
      vertex 0 77.12626492754673 29.434442802201417
    endloop
  endfacet
  facet normal -1 0 0
    outer loop
      vertex 0 77.12626492754673 29.434442802201417
      vertex 0 99 47
      vertex 0 77.43641461019703 29.483565686104818
    endloop
  endfacet
  facet normal -1 0 0
    outer loop
      vertex 0 77.43641461019703 29.483565686104818
      vertex 0 99 47
      vertex 0 77.75 29.5
    endloop
  endfacet
  facet normal -1 0 0
    outer loop
      vertex 0 77.75 29.5
      vertex 0 99 47
      vertex 0 88 29.5
    endloop
  endfacet
  facet normal -1 0 0
    outer loop
      vertex 0 88 29.5
      vertex 0 99 47
      vertex 0 88.31358538980297 29.483565686104818
    endloop
  endfacet
  facet normal -1 0 0
    outer loop
      vertex 0 88.31358538980297 29.483565686104818
      vertex 0 99 47
      vertex 0 88.62373507245329 29.434442802201417
    endloop
  endfacet
  facet normal -1 0 0
    outer loop
      vertex 0 88.92705098312484 29.35316954888546
      vertex 0 88.62373507245329 29.434442802201417
      vertex 0 99 47
    endloop
  endfacet
  facet normal 0 1 0
    outer loop
      vertex 5.972949016875158 99 29.35316954888546
      vertex 0 99 47
      vertex 6.276264927546722 99 29.434442802201417
    endloop
  endfacet
  facet normal 0 1 0
    outer loop
      vertex 6.276264927546722 99 29.434442802201417
      vertex 0 99 47
      vertex 6.58641461019704 99 29.483565686104818
    endloop
  endfacet
  facet normal 0 1 0
    outer loop
      vertex 6.58641461019704 99 29.483565686104818
      vertex 0 99 47
      vertex 6.9 99 29.5
    endloop
  endfacet
  facet normal 0 1 0
    outer loop
      vertex 6.9 99 29.5
      vertex 0 99 47
      vertex 18.9 99 29.5
    endloop
  endfacet
  facet normal 0 1 0
    outer loop
      vertex 18.9 99 29.5
      vertex 0 99 47
      vertex 19.21358538980296 99 29.483565686104818
    endloop
  endfacet
  facet normal 0 1 0
    outer loop
      vertex 19.21358538980296 99 29.483565686104818
      vertex 0 99 47
      vertex 19.523735072453277 99 29.434442802201417
    endloop
  endfacet
  facet normal 0 1 0
    outer loop
      vertex 19.827050983124842 99 29.35316954888546
      vertex 19.523735072453277 99 29.434442802201417
      vertex 0 99 47
    endloop
  endfacet
  facet normal 0 1 0
    outer loop
      vertex 0 99 47
      vertex 18.75 99 43
      vertex 18.75 99 41
    endloop
  endfacet
  facet normal 0 1 0
    outer loop
      vertex 19.827050983124842 99 29.35316954888546
      vertex 0 99 47
      vertex 99 99 0
    endloop
  endfacet
  facet normal 0 1 0
    outer loop
      vertex 0 99 47
      vertex 18.75 99 41
      vertex 99 99 0
    endloop
  endfacet
  facet normal 0 0 1
    outer loop
      vertex 0 99 47
      vertex 3 96 47
      vertex 99 99 47
    endloop
  endfacet
  facet normal 0 1 0
    outer loop
      vertex 30.75 99 43
      vertex 68.25 99 43
      vertex 30.75 99 41
    endloop
  endfacet
  facet normal 0 1 0
    outer loop
      vertex 0 99 47
      vertex 99 99 47
      vertex 18.75 99 43
    endloop
  endfacet
  facet normal 0 -1 0
    outer loop
      vertex 44.5 0 5
      vertex 99 0 0
      vertex 54.5 0 5
    endloop
  endfacet
  facet normal 0 -1 0
    outer loop
      vertex 54.5 0 5
      vertex 99 0 0
      vertex 54.5 0 7
    endloop
  endfacet
  facet normal 0 -1 0
    outer loop
      vertex 44.5 0 7
      vertex 54.5 0 7
      vertex 99 0 47
    endloop
  endfacet
  facet normal 0 0 -1
    outer loop
      vertex 0 0 0
      vertex 99 99 0
      vertex 99 0 0
    endloop
  endfacet
  facet normal 1 0 0
    outer loop
      vertex 99 0 0
      vertex 99 14.48521636184685 8.541131047135634
      vertex 99 14.041131047135634 8.98521636184685
    endloop
  endfacet
  facet normal 1 0 0
    outer loop
      vertex 99 0 0
      vertex 99 14.973288486245162 8.145898033750315
      vertex 99 14.48521636184685 8.541131047135634
    endloop
  endfacet
  facet normal 1 0 0
    outer loop
      vertex 99 0 0
      vertex 99 16.059580141545197 7.518727254144395
      vertex 99 15.5 7.803847577293368
    endloop
  endfacet
  facet normal 1 0 0
    outer loop
      vertex 99 0 0
      vertex 99 16.645898033750317 7.293660902229079
      vertex 99 16.059580141545197 7.518727254144395
    endloop
  endfacet
  facet normal 1 0 0
    outer loop
      vertex 99 0 0
      vertex 99 17.252529855093442 7.131114395597166
      vertex 99 16.645898033750317 7.293660902229079
    endloop
  endfacet
  facet normal 1 0 0
    outer loop
      vertex 99 0 0
      vertex 99 15.5 7.803847577293368
      vertex 99 14.973288486245162 8.145898033750315
    endloop
  endfacet
  facet normal 1 0 0
    outer loop
      vertex 99 0 0
      vertex 99 12.631114395597166 11.752529855093444
      vertex 99 12.53286862779036 12.37282922039408
    endloop
  endfacet
  facet normal 1 0 0
    outer loop
      vertex 99 0 0
      vertex 99 12.53286862779036 12.37282922039408
      vertex 99 12.5 13
    endloop
  endfacet
  facet normal 1 0 0
    outer loop
      vertex 99 0 0
      vertex 99 14.041131047135634 8.98521636184685
      vertex 99 13.645898033750315 9.473288486245162
    endloop
  endfacet
  facet normal 1 0 0
    outer loop
      vertex 99 0 0
      vertex 99 13.645898033750315 9.473288486245162
      vertex 99 13.303847577293368 10
    endloop
  endfacet
  facet normal 1 0 0
    outer loop
      vertex 99 0 0
      vertex 99 13.303847577293368 10
      vertex 99 13.018727254144395 10.559580141545199
    endloop
  endfacet
  facet normal 1 0 0
    outer loop
      vertex 99 0 0
      vertex 99 13.018727254144395 10.559580141545199
      vertex 99 12.793660902229078 11.145898033750315
    endloop
  endfacet
  facet normal 1 0 0
    outer loop
      vertex 99 0 0
      vertex 99 12.793660902229078 11.145898033750315
      vertex 99 12.631114395597166 11.752529855093444
    endloop
  endfacet
  facet normal 1 0 0
    outer loop
      vertex 99 0 0
      vertex 99 12.5 13
      vertex 99 12.53286862779036 13.62717077960592
    endloop
  endfacet
  facet normal 1 0 0
    outer loop
      vertex 99 0 0
      vertex 99 12.53286862779036 13.62717077960592
      vertex 99 12.631114395597166 14.247470144906556
    endloop
  endfacet
  facet normal 1 0 0
    outer loop
      vertex 99 0 0
      vertex 99 12.631114395597166 14.247470144906556
      vertex 99 12.793660902229078 14.854101966249685
    endloop
  endfacet
  facet normal 1 0 0
    outer loop
      vertex 99 0 0
      vertex 99 12.793660902229078 14.854101966249685
      vertex 99 13.018727254144395 15.440419858454801
    endloop
  endfacet
  facet normal 1 0 0
    outer loop
      vertex 99 0 0
      vertex 99 13.018727254144395 15.440419858454801
      vertex 99 13.303847577293368 16
    endloop
  endfacet
  facet normal 1 0 0
    outer loop
      vertex 99 0 0
      vertex 99 17.872829220394078 7.032868627790361
      vertex 99 17.252529855093442 7.131114395597166
    endloop
  endfacet
  facet normal 0 -1 0
    outer loop
      vertex 54.5 0 7
      vertex 99 0 0
      vertex 99 0 47
    endloop
  endfacet
  facet normal 1 0 0
    outer loop
      vertex 99 0 0
      vertex 99 13.303847577293368 16
      vertex 99 0 47
    endloop
  endfacet
  facet normal 1 0 0
    outer loop
      vertex 99 0 0
      vertex 99 99 0
      vertex 99 17.872829220394078 7.032868627790361
    endloop
  endfacet
  facet normal 1 0 0
    outer loop
      vertex 99 17.872829220394078 7.032868627790361
      vertex 99 99 0
      vertex 99 18.5 7
    endloop
  endfacet
  facet normal 1 0 0
    outer loop
      vertex 99 18.5 7
      vertex 99 99 0
      vertex 99 19.127170779605922 7.032868627790361
    endloop
  endfacet
  facet normal 1 0 0
    outer loop
      vertex 99 19.127170779605922 7.032868627790361
      vertex 99 99 0
      vertex 99 19.747470144906558 7.131114395597166
    endloop
  endfacet
  facet normal 1 0 0
    outer loop
      vertex 99 19.747470144906558 7.131114395597166
      vertex 99 99 0
      vertex 99 20.354101966249683 7.293660902229079
    endloop
  endfacet
  facet normal 1 0 0
    outer loop
      vertex 99 20.354101966249683 7.293660902229079
      vertex 99 99 0
      vertex 99 20.940419858454803 7.518727254144395
    endloop
  endfacet
  facet normal 1 0 0
    outer loop
      vertex 99 20.940419858454803 7.518727254144395
      vertex 99 99 0
      vertex 99 21.5 7.803847577293368
    endloop
  endfacet
  facet normal 1 0 0
    outer loop
      vertex 99 21.5 7.803847577293368
      vertex 99 99 0
      vertex 99 22.02671151375484 8.145898033750315
    endloop
  endfacet
  facet normal 1 0 0
    outer loop
      vertex 99 22.02671151375484 8.145898033750315
      vertex 99 99 0
      vertex 99 22.514783638153148 8.541131047135634
    endloop
  endfacet
  facet normal 1 0 0
    outer loop
      vertex 99 22.514783638153148 8.541131047135634
      vertex 99 99 0
      vertex 99 22.958868952864364 8.98521636184685
    endloop
  endfacet
  facet normal 1 0 0
    outer loop
      vertex 99 22.958868952864364 8.98521636184685
      vertex 99 99 0
      vertex 99 23.354101966249686 9.473288486245162
    endloop
  endfacet
  facet normal 1 0 0
    outer loop
      vertex 99 23.354101966249686 9.473288486245162
      vertex 99 99 0
      vertex 99 23.696152422706632 10
    endloop
  endfacet
  facet normal 1 0 0
    outer loop
      vertex 99 23.696152422706632 10
      vertex 99 99 0
      vertex 99 23.981272745855605 10.559580141545199
    endloop
  endfacet
  facet normal 1 0 0
    outer loop
      vertex 99 23.981272745855605 10.559580141545199
      vertex 99 99 0
      vertex 99 24.206339097770922 11.145898033750315
    endloop
  endfacet
  facet normal 1 0 0
    outer loop
      vertex 99 24.206339097770922 11.145898033750315
      vertex 99 99 0
      vertex 99 24.368885604402834 11.752529855093444
    endloop
  endfacet
  facet normal 1 0 0
    outer loop
      vertex 99 24.368885604402834 11.752529855093444
      vertex 99 99 0
      vertex 99 24.46713137220964 12.37282922039408
    endloop
  endfacet
  facet normal 1 0 0
    outer loop
      vertex 99 24.46713137220964 12.37282922039408
      vertex 99 99 0
      vertex 99 24.5 13
    endloop
  endfacet
  facet normal 1 0 0
    outer loop
      vertex 99 24.5 13
      vertex 99 99 0
      vertex 99 24.46713137220964 13.62717077960592
    endloop
  endfacet
  facet normal 1 0 0
    outer loop
      vertex 99 24.46713137220964 13.62717077960592
      vertex 99 99 0
      vertex 99 24.368885604402834 14.247470144906556
    endloop
  endfacet
  facet normal 1 0 0
    outer loop
      vertex 99 24.368885604402834 14.247470144906556
      vertex 99 99 0
      vertex 99 24.206339097770922 14.854101966249685
    endloop
  endfacet
  facet normal 1 0 0
    outer loop
      vertex 99 24.206339097770922 14.854101966249685
      vertex 99 99 0
      vertex 99 23.981272745855605 15.440419858454801
    endloop
  endfacet
  facet normal 1 0 0
    outer loop
      vertex 99 23.696152422706632 16
      vertex 99 99 0
      vertex 99 23.354101966249686 16.52671151375484
    endloop
  endfacet
  facet normal 1 0 0
    outer loop
      vertex 99 23.696152422706632 16
      vertex 99 23.981272745855605 15.440419858454801
      vertex 99 99 0
    endloop
  endfacet
  facet normal 1 0 0
    outer loop
      vertex 99 23.354101966249686 16.52671151375484
      vertex 99 99 0
      vertex 99 0 47
    endloop
  endfacet
  facet normal 0 -1 0
    outer loop
      vertex 21.9 0 14.5
      vertex 99 0 47
      vertex 80.25 0 41
    endloop
  endfacet
  facet normal 0 -1 0
    outer loop
      vertex 18.9 0 29.5
      vertex 80.25 0 41
      vertex 68.25 0 41
    endloop
  endfacet
  facet normal 0 -1 0
    outer loop
      vertex 0 0 47
      vertex 68.25 0 43
      vertex 80.25 0 43
    endloop
  endfacet
  facet normal 0 -1 0
    outer loop
      vertex 30.75 0 43
      vertex 68.25 0 41
      vertex 68.25 0 43
    endloop
  endfacet
  facet normal 0 -1 0
    outer loop
      vertex 0 0 47
      vertex 80.25 0 43
      vertex 99 0 47
    endloop
  endfacet
  facet normal 0 0 1
    outer loop
      vertex 0 0 47
      vertex 99 0 47
      vertex 96 3 47
    endloop
  endfacet
  facet normal 1 0 0
    outer loop
      vertex 99 13.303847577293368 16
      vertex 99 13.645898033750315 16.52671151375484
      vertex 99 0 47
    endloop
  endfacet
  facet normal 1 0 0
    outer loop
      vertex 99 13.645898033750315 16.52671151375484
      vertex 99 14.041131047135634 17.014783638153148
      vertex 99 0 47
    endloop
  endfacet
  facet normal 1 0 0
    outer loop
      vertex 99 14.041131047135634 17.014783638153148
      vertex 99 14.48521636184685 17.458868952864364
      vertex 99 0 47
    endloop
  endfacet
  facet normal 1 0 0
    outer loop
      vertex 99 14.48521636184685 17.458868952864364
      vertex 99 14.973288486245162 17.854101966249686
      vertex 99 0 47
    endloop
  endfacet
  facet normal 1 0 0
    outer loop
      vertex 99 14.973288486245162 17.854101966249686
      vertex 99 15.5 18.196152422706632
      vertex 99 0 47
    endloop
  endfacet
  facet normal 1 0 0
    outer loop
      vertex 99 15.5 18.196152422706632
      vertex 99 16.059580141545197 18.481272745855605
      vertex 99 0 47
    endloop
  endfacet
  facet normal 1 0 0
    outer loop
      vertex 99 16.059580141545197 18.481272745855605
      vertex 99 16.645898033750317 18.706339097770922
      vertex 99 0 47
    endloop
  endfacet
  facet normal 1 0 0
    outer loop
      vertex 99 16.645898033750317 18.706339097770922
      vertex 99 17.252529855093442 18.868885604402834
      vertex 99 0 47
    endloop
  endfacet
  facet normal 1 0 0
    outer loop
      vertex 99 21.5 18.196152422706632
      vertex 99 0 47
      vertex 99 20.940419858454803 18.481272745855605
    endloop
  endfacet
  facet normal 1 0 0
    outer loop
      vertex 99 21.5 18.196152422706632
      vertex 99 22.02671151375484 17.854101966249686
      vertex 99 0 47
    endloop
  endfacet
  facet normal 1 0 0
    outer loop
      vertex 99 17.252529855093442 18.868885604402834
      vertex 99 17.872829220394078 18.96713137220964
      vertex 99 0 47
    endloop
  endfacet
  facet normal 1 0 0
    outer loop
      vertex 99 17.872829220394078 18.96713137220964
      vertex 99 18.5 19
      vertex 99 0 47
    endloop
  endfacet
  facet normal 1 0 0
    outer loop
      vertex 99 18.5 19
      vertex 99 19.127170779605922 18.96713137220964
      vertex 99 0 47
    endloop
  endfacet
  facet normal 1 0 0
    outer loop
      vertex 99 19.127170779605922 18.96713137220964
      vertex 99 19.747470144906558 18.868885604402834
      vertex 99 0 47
    endloop
  endfacet
  facet normal 1 0 0
    outer loop
      vertex 99 19.747470144906558 18.868885604402834
      vertex 99 20.354101966249683 18.706339097770922
      vertex 99 0 47
    endloop
  endfacet
  facet normal 1 0 0
    outer loop
      vertex 99 20.354101966249683 18.706339097770922
      vertex 99 20.940419858454803 18.481272745855605
      vertex 99 0 47
    endloop
  endfacet
  facet normal 1 0 0
    outer loop
      vertex 99 22.958868952864364 17.014783638153148
      vertex 99 0 47
      vertex 99 22.514783638153148 17.458868952864364
    endloop
  endfacet
  facet normal 1 0 0
    outer loop
      vertex 99 22.958868952864364 17.014783638153148
      vertex 99 23.354101966249686 16.52671151375484
      vertex 99 0 47
    endloop
  endfacet
  facet normal 1 0 0
    outer loop
      vertex 99 22.514783638153148 17.458868952864364
      vertex 99 0 47
      vertex 99 22.02671151375484 17.854101966249686
    endloop
  endfacet
  facet normal 0 -1 0
    outer loop
      vertex 99 0 47
      vertex 80.25 0 43
      vertex 80.25 0 41
    endloop
  endfacet
  facet normal 0 0 1
    outer loop
      vertex 96 3 47
      vertex 99 0 47
      vertex 99 99 47
    endloop
  endfacet
  facet normal 0 1 0
    outer loop
      vertex 99 99 0
      vertex 18.75 99 41
      vertex 30.75 99 41
    endloop
  endfacet
  facet normal 0 1 0
    outer loop
      vertex 99 99 0
      vertex 30.75 99 41
      vertex 68.25 99 41
    endloop
  endfacet
  facet normal 0 1 0
    outer loop
      vertex 99 99 47
      vertex 30.75 99 43
      vertex 18.75 99 43
    endloop
  endfacet
  facet normal 0 1 0
    outer loop
      vertex 30.75 99 41
      vertex 68.25 99 43
      vertex 68.25 99 41
    endloop
  endfacet
  facet normal 0 1 0
    outer loop
      vertex 99 99 47
      vertex 68.25 99 43
      vertex 30.75 99 43
    endloop
  endfacet
  facet normal 0 0 1
    outer loop
      vertex 3 96 47
      vertex 96 96 47
      vertex 99 99 47
    endloop
  endfacet
  facet normal 1 0 0
    outer loop
      vertex 99 0 47
      vertex 99 99 0
      vertex 99 99 47
    endloop
  endfacet
  facet normal 0 0 1
    outer loop
      vertex 96 3 47
      vertex 99 99 47
      vertex 96 96 47
    endloop
  endfacet
  facet normal 0 1 0
    outer loop
      vertex 99 99 0
      vertex 68.25 99 41
      vertex 80.25 99 41
    endloop
  endfacet
  facet normal 0 1 0
    outer loop
      vertex 99 99 0
      vertex 80.25 99 41
      vertex 80.25 99 43
    endloop
  endfacet
  facet normal 0 1 0
    outer loop
      vertex 99 99 0
      vertex 80.25 99 43
      vertex 99 99 47
    endloop
  endfacet
  facet normal 0 1 0
    outer loop
      vertex 99 99 47
      vertex 80.25 99 43
      vertex 68.25 99 43
    endloop
  endfacet
  facet normal 0 0 1
    outer loop
      vertex 3 3 3
      vertex 6.572949016875158 10.23664424312258 3
      vertex 6.401923788646684 10.5 3
    endloop
  endfacet
  facet normal 0 0 1
    outer loop
      vertex 3 3 3
      vertex 6.401923788646684 10.5 3
      vertex 6.259363627072197 10.779790070772599 3
    endloop
  endfacet
  facet normal 0 0 1
    outer loop
      vertex 3 3 3
      vertex 6.259363627072197 10.779790070772599 3
      vertex 6.146830451114539 11.072949016875159 3
    endloop
  endfacet
  facet normal 0 0 1
    outer loop
      vertex 3 3 3
      vertex 6.992608180923425 9.770565523567818 3
      vertex 6.770565523567817 9.992608180923426 3
    endloop
  endfacet
  facet normal 0 0 1
    outer loop
      vertex 3 3 3
      vertex 7.236644243122581 9.572949016875157 3
      vertex 6.992608180923425 9.770565523567818 3
    endloop
  endfacet
  facet normal 0 0 1
    outer loop
      vertex 3 3 3
      vertex 7.7797900707725995 9.259363627072197 3
      vertex 7.5 9.401923788646684 3
    endloop
  endfacet
  facet normal 0 0 1
    outer loop
      vertex 3 3 3
      vertex 7.5 9.401923788646684 3
      vertex 7.236644243122581 9.572949016875157 3
    endloop
  endfacet
  facet normal 0 0 1
    outer loop
      vertex 3 3 3
      vertex 6.770565523567817 9.992608180923426 3
      vertex 6.572949016875158 10.23664424312258 3
    endloop
  endfacet
  facet normal 0 0 1
    outer loop
      vertex 3 3 3
      vertex 6.065557197798583 11.376264927546721 3
      vertex 6.01643431389518 11.686414610197039 3
    endloop
  endfacet
  facet normal 0 0 1
    outer loop
      vertex 3 3 3
      vertex 6.01643431389518 11.686414610197039 3
      vertex 6 12 3
    endloop
  endfacet
  facet normal 0 0 1
    outer loop
      vertex 3 3 3
      vertex 6.146830451114539 11.072949016875159 3
      vertex 6.065557197798583 11.376264927546721 3
    endloop
  endfacet
  facet normal 0 0 1
    outer loop
      vertex 3 3 3
      vertex 8.072949016875157 9.146830451114539 3
      vertex 7.7797900707725995 9.259363627072197 3
    endloop
  endfacet
  facet normal 0 0 1
    outer loop
      vertex 3 3 3
      vertex 8.376264927546721 9.065557197798583 3
      vertex 8.072949016875157 9.146830451114539 3
    endloop
  endfacet
  facet normal 0 0 1
    outer loop
      vertex 3 3 3
      vertex 8.68641461019704 9.01643431389518 3
      vertex 8.376264927546721 9.065557197798583 3
    endloop
  endfacet
  facet normal 0 0 1
    outer loop
      vertex 3 3 3
      vertex 9 9 3
      vertex 8.68641461019704 9.01643431389518 3
    endloop
  endfacet
  facet normal 0 0 1
    outer loop
      vertex 3 3 3
      vertex 9.31358538980296 9.01643431389518 3
      vertex 9 9 3
    endloop
  endfacet
  facet normal 0 0 1
    outer loop
      vertex 3 3 3
      vertex 9.623735072453279 9.065557197798583 3
      vertex 9.31358538980296 9.01643431389518 3
    endloop
  endfacet
  facet normal 0 0 1
    outer loop
      vertex 3 3 3
      vertex 9.927050983124843 9.146830451114539 3
      vertex 9.623735072453279 9.065557197798583 3
    endloop
  endfacet
  facet normal 0 0 1
    outer loop
      vertex 8.75050597101869 10.826222879119433 3
      vertex 9.370820393249936 13.141267819554184 3
      vertex 8.629179606750064 10.858732180445816 3
    endloop
  endfacet
  facet normal 0 0 1
    outer loop
      vertex 8.874565844078816 10.806573725558072 3
      vertex 9 10.8 3
      vertex 9.370820393249936 13.141267819554184 3
    endloop
  endfacet
  facet normal 0 0 1
    outer loop
      vertex 8.75050597101869 10.826222879119433 3
      vertex 8.874565844078816 10.806573725558072 3
      vertex 9.370820393249936 13.141267819554184 3
    endloop
  endfacet
  facet normal 0 0 1
    outer loop
      vertex 9 10.8 3
      vertex 9.125434155921184 10.806573725558072 3
      vertex 9.370820393249936 13.141267819554184 3
    endloop
  endfacet
  facet normal 0 0 1
    outer loop
      vertex 9.125434155921184 10.806573725558072 3
      vertex 9.24949402898131 10.826222879119433 3
      vertex 9.370820393249936 13.141267819554184 3
    endloop
  endfacet
  facet normal 0 0 1
    outer loop
      vertex 9.24949402898131 10.826222879119433 3
      vertex 9.370820393249936 10.858732180445816 3
      vertex 9.370820393249936 13.141267819554184 3
    endloop
  endfacet
  facet normal 0 0 1
    outer loop
      vertex 9.370820393249936 10.858732180445816 3
      vertex 9.48808397169096 10.903745450828879 3
      vertex 10.193426274441928 12.125434155921184 3
    endloop
  endfacet
  facet normal 0 0 1
    outer loop
      vertex 9.48808397169096 10.903745450828879 3
      vertex 9.6 10.960769515458674 3
      vertex 10.193426274441928 12.125434155921184 3
    endloop
  endfacet
  facet normal 0 0 1
    outer loop
      vertex 9.6 10.960769515458674 3
      vertex 9.705342302750967 11.029179606750063 3
      vertex 10.193426274441928 12.125434155921184 3
    endloop
  endfacet
  facet normal 0 0 1
    outer loop
      vertex 9.705342302750967 11.029179606750063 3
      vertex 9.80295672763063 11.108226209427126 3
      vertex 10.193426274441928 12.125434155921184 3
    endloop
  endfacet
  facet normal 0 0 1
    outer loop
      vertex 9.80295672763063 11.108226209427126 3
      vertex 9.891773790572874 11.19704327236937 3
      vertex 10.193426274441928 12.125434155921184 3
    endloop
  endfacet
  facet normal 0 0 1
    outer loop
      vertex 9.891773790572874 11.19704327236937 3
      vertex 9.970820393249937 11.294657697249033 3
      vertex 10.193426274441928 12.125434155921184 3
    endloop
  endfacet
  facet normal 0 0 1
    outer loop
      vertex 9.970820393249937 11.294657697249033 3
      vertex 10.039230484541326 11.4 3
      vertex 10.193426274441928 12.125434155921184 3
    endloop
  endfacet
  facet normal 0 1 0
    outer loop
      vertex 3 3 3
      vertex 5.6797900707726 3 11.759363627072197
      vertex 5.972949016875158 3 11.646830451114539
    endloop
  endfacet
  facet normal 0 1 0
    outer loop
      vertex 3 3 3
      vertex 5.972949016875158 3 11.646830451114539
      vertex 6.276264927546722 3 11.565557197798583
    endloop
  endfacet
  facet normal 0 1 0
    outer loop
      vertex 3 3 3
      vertex 6.276264927546722 3 11.565557197798583
      vertex 6.58641461019704 3 11.51643431389518
    endloop
  endfacet
  facet normal 0 1 0
    outer loop
      vertex 3 3 3
      vertex 6.58641461019704 3 11.51643431389518
      vertex 6.9 3 11.5
    endloop
  endfacet
  facet normal 0 1 0
    outer loop
      vertex 3 3 3
      vertex 5.136644243122581 3 12.072949016875157
      vertex 5.4 3 11.901923788646684
    endloop
  endfacet
  facet normal 0 1 0
    outer loop
      vertex 3 3 3
      vertex 4.892608180923426 3 12.270565523567818
      vertex 5.136644243122581 3 12.072949016875157
    endloop
  endfacet
  facet normal 0 1 0
    outer loop
      vertex 3 3 3
      vertex 4.670565523567817 3 12.492608180923426
      vertex 4.892608180923426 3 12.270565523567818
    endloop
  endfacet
  facet normal 0 1 0
    outer loop
      vertex 3 3 3
      vertex 4.472949016875158 3 12.73664424312258
      vertex 4.670565523567817 3 12.492608180923426
    endloop
  endfacet
  facet normal 0 1 0
    outer loop
      vertex 3 3 3
      vertex 4.159363627072198 3 13.279790070772599
      vertex 4.301923788646684 3 13
    endloop
  endfacet
  facet normal 0 1 0
    outer loop
      vertex 3 3 3
      vertex 4.046830451114539 3 13.572949016875157
      vertex 4.159363627072198 3 13.279790070772599
    endloop
  endfacet
  facet normal 0 1 0
    outer loop
      vertex 3 3 3
      vertex 3.9655571977985833 3 13.876264927546721
      vertex 4.046830451114539 3 13.572949016875157
    endloop
  endfacet
  facet normal 0 1 0
    outer loop
      vertex 3 3 3
      vertex 4.301923788646684 3 13
      vertex 4.472949016875158 3 12.73664424312258
    endloop
  endfacet
  facet normal 0 1 0
    outer loop
      vertex 3 3 3
      vertex 5.4 3 11.901923788646684
      vertex 5.6797900707726 3 11.759363627072197
    endloop
  endfacet
  facet normal 0 1 0
    outer loop
      vertex 3 3 3
      vertex 3.9164343138951807 3 14.18641461019704
      vertex 3.9655571977985833 3 13.876264927546721
    endloop
  endfacet
  facet normal 0 1 0
    outer loop
      vertex 3 3 3
      vertex 3.9000000000000004 3 14.5
      vertex 3.9164343138951807 3 14.18641461019704
    endloop
  endfacet
  facet normal 1 0 0
    outer loop
      vertex 3 3 3
      vertex 3 10.072949016875157 11.646830451114539
      vertex 3 9.779790070772599 11.759363627072197
    endloop
  endfacet
  facet normal 1 0 0
    outer loop
      vertex 3 3 3
      vertex 3 10.376264927546721 11.565557197798583
      vertex 3 10.072949016875157 11.646830451114539
    endloop
  endfacet
  facet normal 1 0 0
    outer loop
      vertex 3 3 3
      vertex 3 10.68641461019704 11.51643431389518
      vertex 3 10.376264927546721 11.565557197798583
    endloop
  endfacet
  facet normal 1 0 0
    outer loop
      vertex 3 3 3
      vertex 3 11 11.5
      vertex 3 10.68641461019704 11.51643431389518
    endloop
  endfacet
  facet normal 1 0 0
    outer loop
      vertex 3 3 3
      vertex 3 8.770565523567818 12.492608180923426
      vertex 3 8.572949016875157 12.73664424312258
    endloop
  endfacet
  facet normal 1 0 0
    outer loop
      vertex 3 3 3
      vertex 3 8.572949016875157 12.73664424312258
      vertex 3 8.401923788646684 13
    endloop
  endfacet
  facet normal 1 0 0
    outer loop
      vertex 3 3 3
      vertex 3 8.401923788646684 13
      vertex 3 8.259363627072197 13.279790070772599
    endloop
  endfacet
  facet normal 1 0 0
    outer loop
      vertex 3 3 3
      vertex 3 8.259363627072197 13.279790070772599
      vertex 3 8.146830451114539 13.572949016875157
    endloop
  endfacet
  facet normal 1 0 0
    outer loop
      vertex 3 3 3
      vertex 3 8.146830451114539 13.572949016875157
      vertex 3 8.065557197798583 13.876264927546721
    endloop
  endfacet
  facet normal 1 0 0
    outer loop
      vertex 3 3 3
      vertex 3 9.5 11.901923788646684
      vertex 3 9.23664424312258 12.072949016875157
    endloop
  endfacet
  facet normal 1 0 0
    outer loop
      vertex 3 3 3
      vertex 3 9.23664424312258 12.072949016875157
      vertex 3 8.992608180923426 12.270565523567818
    endloop
  endfacet
  facet normal 1 0 0
    outer loop
      vertex 3 3 3
      vertex 3 9.779790070772599 11.759363627072197
      vertex 3 9.5 11.901923788646684
    endloop
  endfacet
  facet normal 1 0 0
    outer loop
      vertex 3 3 3
      vertex 3 8.992608180923426 12.270565523567818
      vertex 3 8.770565523567818 12.492608180923426
    endloop
  endfacet
  facet normal 1 0 0
    outer loop
      vertex 3 3 3
      vertex 3 8.065557197798583 13.876264927546721
      vertex 3 8.01643431389518 14.18641461019704
    endloop
  endfacet
  facet normal 1 0 0
    outer loop
      vertex 3 3 3
      vertex 3 8.01643431389518 14.18641461019704
      vertex 3 8 14.5
    endloop
  endfacet
  facet normal 0 1 0
    outer loop
      vertex 3 3 3
      vertex 6.9 3 11.5
      vertex 18.9 3 11.5
    endloop
  endfacet
  facet normal 0 0 1
    outer loop
      vertex 8.108226209427126 11.19704327236937 3
      vertex 8.108226209427126 12.80295672763063 3
      vertex 8.029179606750063 11.294657697249033 3
    endloop
  endfacet
  facet normal 0 0 1
    outer loop
      vertex 7.960769515458674 11.4 3
      vertex 8.108226209427126 12.80295672763063 3
      vertex 7.903745450828879 11.51191602830904 3
    endloop
  endfacet
  facet normal 0 0 1
    outer loop
      vertex 7.858732180445816 11.629179606750062 3
      vertex 7.903745450828879 11.51191602830904 3
      vertex 8.108226209427126 12.80295672763063 3
    endloop
  endfacet
  facet normal 0 0 1
    outer loop
      vertex 7.960769515458674 11.4 3
      vertex 8.029179606750063 11.294657697249033 3
      vertex 8.108226209427126 12.80295672763063 3
    endloop
  endfacet
  facet normal 0 0 1
    outer loop
      vertex 7.826222879119433 11.750505971018688 3
      vertex 8.029179606750063 12.705342302750967 3
      vertex 7.8065737255580725 11.874565844078816 3
    endloop
  endfacet
  facet normal 0 0 1
    outer loop
      vertex 7.8 12 3
      vertex 7.8065737255580725 11.874565844078816 3
      vertex 7.903745450828879 12.48808397169096 3
    endloop
  endfacet
  facet normal 0 0 1
    outer loop
      vertex 7.8 12 3
      vertex 7.903745450828879 12.48808397169096 3
      vertex 7.8065737255580725 12.125434155921184 3
    endloop
  endfacet
  facet normal 0 0 1
    outer loop
      vertex 7.8065737255580725 12.125434155921184 3
      vertex 7.858732180445816 12.370820393249938 3
      vertex 7.826222879119433 12.249494028981312 3
    endloop
  endfacet
  facet normal 0 0 1
    outer loop
      vertex 7.8065737255580725 11.874565844078816 3
      vertex 7.960769515458674 12.6 3
      vertex 7.903745450828879 12.48808397169096 3
    endloop
  endfacet
  facet normal 0 0 1
    outer loop
      vertex 7.8065737255580725 12.125434155921184 3
      vertex 7.903745450828879 12.48808397169096 3
      vertex 7.858732180445816 12.370820393249938 3
    endloop
  endfacet
  facet normal 0 0 1
    outer loop
      vertex 7.858732180445816 11.629179606750062 3
      vertex 8.108226209427126 12.80295672763063 3
      vertex 7.826222879119433 11.750505971018688 3
    endloop
  endfacet
  facet normal 0 0 1
    outer loop
      vertex 7.8065737255580725 11.874565844078816 3
      vertex 8.029179606750063 12.705342302750967 3
      vertex 7.960769515458674 12.6 3
    endloop
  endfacet
  facet normal 0 0 1
    outer loop
      vertex 8.108226209427126 11.19704327236937 3
      vertex 8.19704327236937 11.108226209427126 3
      vertex 8.19704327236937 12.891773790572874 3
    endloop
  endfacet
  facet normal 0 0 1
    outer loop
      vertex 8.19704327236937 11.108226209427126 3
      vertex 8.294657697249033 11.029179606750063 3
      vertex 8.294657697249033 12.970820393249937 3
    endloop
  endfacet
  facet normal 0 0 1
    outer loop
      vertex 8.294657697249033 11.029179606750063 3
      vertex 8.4 10.960769515458674 3
      vertex 8.4 13.039230484541326 3
    endloop
  endfacet
  facet normal 0 0 1
    outer loop
      vertex 8.4 10.960769515458674 3
      vertex 8.51191602830904 10.903745450828879 3
      vertex 8.51191602830904 13.096254549171121 3
    endloop
  endfacet
  facet normal 0 0 1
    outer loop
      vertex 8.108226209427126 11.19704327236937 3
      vertex 8.19704327236937 12.891773790572874 3
      vertex 8.108226209427126 12.80295672763063 3
    endloop
  endfacet
  facet normal 0 0 1
    outer loop
      vertex 8.19704327236937 11.108226209427126 3
      vertex 8.294657697249033 12.970820393249937 3
      vertex 8.19704327236937 12.891773790572874 3
    endloop
  endfacet
  facet normal 0 0 1
    outer loop
      vertex 8.294657697249033 11.029179606750063 3
      vertex 8.4 13.039230484541326 3
      vertex 8.294657697249033 12.970820393249937 3
    endloop
  endfacet
  facet normal 0 0 1
    outer loop
      vertex 8.4 10.960769515458674 3
      vertex 8.51191602830904 13.096254549171121 3
      vertex 8.4 13.039230484541326 3
    endloop
  endfacet
  facet normal 0 0 1
    outer loop
      vertex 7.826222879119433 11.750505971018688 3
      vertex 8.108226209427126 12.80295672763063 3
      vertex 8.029179606750063 12.705342302750967 3
    endloop
  endfacet
  facet normal 0 0 1
    outer loop
      vertex 8.51191602830904 10.903745450828879 3
      vertex 8.629179606750064 10.858732180445816 3
      vertex 8.629179606750064 13.141267819554184 3
    endloop
  endfacet
  facet normal 0 0 1
    outer loop
      vertex 8.51191602830904 10.903745450828879 3
      vertex 8.629179606750064 13.141267819554184 3
      vertex 8.51191602830904 13.096254549171121 3
    endloop
  endfacet
  facet normal 0 0 1
    outer loop
      vertex 8.629179606750064 10.858732180445816 3
      vertex 8.75050597101869 13.173777120880567 3
      vertex 8.629179606750064 13.141267819554184 3
    endloop
  endfacet
  facet normal 0 0 1
    outer loop
      vertex 8.629179606750064 10.858732180445816 3
      vertex 8.874565844078816 13.193426274441928 3
      vertex 8.75050597101869 13.173777120880567 3
    endloop
  endfacet
  facet normal 0 0 1
    outer loop
      vertex 8.629179606750064 10.858732180445816 3
      vertex 9.370820393249936 13.141267819554184 3
      vertex 9.24949402898131 13.173777120880567 3
    endloop
  endfacet
  facet normal 0 0 1
    outer loop
      vertex 8.629179606750064 10.858732180445816 3
      vertex 9.24949402898131 13.173777120880567 3
      vertex 9.125434155921184 13.193426274441928 3
    endloop
  endfacet
  facet normal 0 0 1
    outer loop
      vertex 8.629179606750064 10.858732180445816 3
      vertex 9 13.2 3
      vertex 8.874565844078816 13.193426274441928 3
    endloop
  endfacet
  facet normal 0 0 1
    outer loop
      vertex 8.629179606750064 10.858732180445816 3
      vertex 9.125434155921184 13.193426274441928 3
      vertex 9 13.2 3
    endloop
  endfacet
  facet normal 0 0 1
    outer loop
      vertex 9.370820393249936 10.858732180445816 3
      vertex 9.48808397169096 13.096254549171121 3
      vertex 9.370820393249936 13.141267819554184 3
    endloop
  endfacet
  facet normal 0 0 1
    outer loop
      vertex 9.370820393249936 10.858732180445816 3
      vertex 9.705342302750967 12.970820393249937 3
      vertex 9.6 13.039230484541326 3
    endloop
  endfacet
  facet normal 0 0 1
    outer loop
      vertex 9.370820393249936 10.858732180445816 3
      vertex 9.6 13.039230484541326 3
      vertex 9.48808397169096 13.096254549171121 3
    endloop
  endfacet
  facet normal 0 0 1
    outer loop
      vertex 9.370820393249936 10.858732180445816 3
      vertex 9.80295672763063 12.891773790572874 3
      vertex 9.705342302750967 12.970820393249937 3
    endloop
  endfacet
  facet normal 0 0 1
    outer loop
      vertex 9.370820393249936 10.858732180445816 3
      vertex 10.096254549171121 12.48808397169096 3
      vertex 10.039230484541326 12.6 3
    endloop
  endfacet
  facet normal 0 0 1
    outer loop
      vertex 9.370820393249936 10.858732180445816 3
      vertex 10.193426274441928 12.125434155921184 3
      vertex 10.173777120880567 12.249494028981312 3
    endloop
  endfacet
  facet normal 0 0 1
    outer loop
      vertex 9.370820393249936 10.858732180445816 3
      vertex 10.173777120880567 12.249494028981312 3
      vertex 10.141267819554184 12.370820393249938 3
    endloop
  endfacet
  facet normal 0 0 1
    outer loop
      vertex 9.370820393249936 10.858732180445816 3
      vertex 10.141267819554184 12.370820393249938 3
      vertex 10.096254549171121 12.48808397169096 3
    endloop
  endfacet
  facet normal 0 0 1
    outer loop
      vertex 9.370820393249936 10.858732180445816 3
      vertex 9.970820393249937 12.705342302750967 3
      vertex 9.891773790572874 12.80295672763063 3
    endloop
  endfacet
  facet normal 0 0 1
    outer loop
      vertex 9.370820393249936 10.858732180445816 3
      vertex 9.891773790572874 12.80295672763063 3
      vertex 9.80295672763063 12.891773790572874 3
    endloop
  endfacet
  facet normal 0 0 1
    outer loop
      vertex 9.370820393249936 10.858732180445816 3
      vertex 10.039230484541326 12.6 3
      vertex 9.970820393249937 12.705342302750967 3
    endloop
  endfacet
  facet normal 0 0 1
    outer loop
      vertex 10.096254549171121 11.51191602830904 3
      vertex 10.141267819554184 11.629179606750062 3
      vertex 10.2 12 3
    endloop
  endfacet
  facet normal 0 0 1
    outer loop
      vertex 10.039230484541326 11.4 3
      vertex 10.096254549171121 11.51191602830904 3
      vertex 10.2 12 3
    endloop
  endfacet
  facet normal 0 0 1
    outer loop
      vertex 10.141267819554184 11.629179606750062 3
      vertex 10.173777120880567 11.750505971018688 3
      vertex 10.193426274441928 11.874565844078816 3
    endloop
  endfacet
  facet normal 0 0 1
    outer loop
      vertex 10.039230484541326 11.4 3
      vertex 10.2 12 3
      vertex 10.193426274441928 12.125434155921184 3
    endloop
  endfacet
  facet normal 0 0 1
    outer loop
      vertex 10.141267819554184 11.629179606750062 3
      vertex 10.193426274441928 11.874565844078816 3
      vertex 10.2 12 3
    endloop
  endfacet
  facet normal 1 0 0
    outer loop
      vertex 3 3 3
      vertex 3 21.25 11.5
      vertex 3 11 11.5
    endloop
  endfacet
  facet normal 1 0 0
    outer loop
      vertex 3 3 3
      vertex 3 21.56358538980296 11.51643431389518
      vertex 3 21.25 11.5
    endloop
  endfacet
  facet normal 1 0 0
    outer loop
      vertex 3 3 3
      vertex 3 21.87373507245328 11.565557197798583
      vertex 3 21.56358538980296 11.51643431389518
    endloop
  endfacet
  facet normal 1 0 0
    outer loop
      vertex 3 3 3
      vertex 3 32.62626492754672 11.565557197798583
      vertex 3 21.87373507245328 11.565557197798583
    endloop
  endfacet
  facet normal 1 0 0
    outer loop
      vertex 3 3 3
      vertex 3 32.93641461019704 11.51643431389518
      vertex 3 32.62626492754672 11.565557197798583
    endloop
  endfacet
  facet normal 1 0 0
    outer loop
      vertex 3 3 3
      vertex 3 33.25 11.5
      vertex 3 32.93641461019704 11.51643431389518
    endloop
  endfacet
  facet normal 0 0 1
    outer loop
      vertex 3 3 3
      vertex 57.07294901687516 9.146830451114539 3
      vertex 9.927050983124843 9.146830451114539 3
    endloop
  endfacet
  facet normal 0 1 0
    outer loop
      vertex 3 3 3
      vertex 18.9 3 11.5
      vertex 19.21358538980296 3 11.51643431389518
    endloop
  endfacet
  facet normal 0 1 0
    outer loop
      vertex 3 3 3
      vertex 19.21358538980296 3 11.51643431389518
      vertex 19.523735072453277 3 11.565557197798583
    endloop
  endfacet
  facet normal 0 1 0
    outer loop
      vertex 3 3 3
      vertex 19.523735072453277 3 11.565557197798583
      vertex 19.827050983124842 3 11.646830451114539
    endloop
  endfacet
  facet normal 0 1 0
    outer loop
      vertex 3 3 3
      vertex 19.827050983124842 3 11.646830451114539
      vertex 20.1202099292274 3 11.759363627072197
    endloop
  endfacet
  facet normal 0 1 0
    outer loop
      vertex 3 3 3
      vertex 20.1202099292274 3 11.759363627072197
      vertex 20.4 3 11.901923788646684
    endloop
  endfacet
  facet normal 1 0 0
    outer loop
      vertex 3 3 3
      vertex 3 8 14.5
      vertex 3 8 26.5
    endloop
  endfacet
  facet normal 0 1 0
    outer loop
      vertex 3 3 3
      vertex 3 3 47
      vertex 3.9000000000000004 3 14.5
    endloop
  endfacet
  facet normal 1 0 0
    outer loop
      vertex 3 3 3
      vertex 3 43.5 11.5
      vertex 3 33.25 11.5
    endloop
  endfacet
  facet normal 1 0 0
    outer loop
      vertex 3 21.87373507245328 11.565557197798583
      vertex 3 32.32294901687516 11.646830451114539
      vertex 3 22.177050983124843 11.646830451114539
    endloop
  endfacet
  facet normal 1 0 0
    outer loop
      vertex 3 22.177050983124843 11.646830451114539
      vertex 3 32.0297900707726 11.759363627072197
      vertex 3 22.4702099292274 11.759363627072197
    endloop
  endfacet
  facet normal 1 0 0
    outer loop
      vertex 3 21.87373507245328 11.565557197798583
      vertex 3 32.62626492754672 11.565557197798583
      vertex 3 32.32294901687516 11.646830451114539
    endloop
  endfacet
  facet normal 1 0 0
    outer loop
      vertex 3 22.177050983124843 11.646830451114539
      vertex 3 32.32294901687516 11.646830451114539
      vertex 3 32.0297900707726 11.759363627072197
    endloop
  endfacet
  facet normal 0 0 1
    outer loop
      vertex 3 3 3
      vertex 6 12 3
      vertex 3 96 3
    endloop
  endfacet
  facet normal 0 0 1
    outer loop
      vertex 3 96 3
      vertex 6 12 3
      vertex 6.01643431389518 12.313585389802961 3
    endloop
  endfacet
  facet normal 0 0 1
    outer loop
      vertex 3 96 3
      vertex 6.01643431389518 12.313585389802961 3
      vertex 6.065557197798583 12.623735072453279 3
    endloop
  endfacet
  facet normal 0 0 1
    outer loop
      vertex 3 96 3
      vertex 6.065557197798583 12.623735072453279 3
      vertex 6.146830451114539 12.927050983124841 3
    endloop
  endfacet
  facet normal 0 0 1
    outer loop
      vertex 3 96 3
      vertex 6.146830451114539 12.927050983124841 3
      vertex 6.259363627072197 13.220209929227401 3
    endloop
  endfacet
  facet normal 0 0 1
    outer loop
      vertex 3 96 3
      vertex 6.259363627072197 13.220209929227401 3
      vertex 6.401923788646684 13.5 3
    endloop
  endfacet
  facet normal 0 0 1
    outer loop
      vertex 3 96 3
      vertex 6.401923788646684 13.5 3
      vertex 6.572949016875158 13.76335575687742 3
    endloop
  endfacet
  facet normal 0 0 1
    outer loop
      vertex 3 96 3
      vertex 6.572949016875158 13.76335575687742 3
      vertex 6.770565523567817 14.007391819076574 3
    endloop
  endfacet
  facet normal 0 0 1
    outer loop
      vertex 3 96 3
      vertex 6.770565523567817 14.007391819076574 3
      vertex 6.992608180923425 14.229434476432182 3
    endloop
  endfacet
  facet normal 0 0 1
    outer loop
      vertex 3 96 3
      vertex 6.992608180923425 14.229434476432182 3
      vertex 7.236644243122581 14.427050983124843 3
    endloop
  endfacet
  facet normal 0 0 1
    outer loop
      vertex 3 96 3
      vertex 7.236644243122581 14.427050983124843 3
      vertex 7.5 14.598076211353316 3
    endloop
  endfacet
  facet normal 0 0 1
    outer loop
      vertex 3 96 3
      vertex 7.5 14.598076211353316 3
      vertex 7.7797900707725995 14.740636372927803 3
    endloop
  endfacet
  facet normal 1 0 0
    outer loop
      vertex 3 3 3
      vertex 3 96 3
      vertex 3 43.5 11.5
    endloop
  endfacet
  facet normal 0 0 1
    outer loop
      vertex 3 96 3
      vertex 7.7797900707725995 14.740636372927803 3
      vertex 8.072949016875157 14.853169548885461 3
    endloop
  endfacet
  facet normal 0 0 1
    outer loop
      vertex 3 96 3
      vertex 8.072949016875157 14.853169548885461 3
      vertex 8.376264927546721 14.934442802201417 3
    endloop
  endfacet
  facet normal 0 0 1
    outer loop
      vertex 3 96 3
      vertex 8.376264927546721 14.934442802201417 3
      vertex 8.68641461019704 14.98356568610482 3
    endloop
  endfacet
  facet normal 0 0 1
    outer loop
      vertex 3 96 3
      vertex 8.68641461019704 14.98356568610482 3
      vertex 9 15 3
    endloop
  endfacet
  facet normal 0 0 1
    outer loop
      vertex 3 96 3
      vertex 9 15 3
      vertex 9.31358538980296 14.98356568610482 3
    endloop
  endfacet
  facet normal 0 0 1
    outer loop
      vertex 3 96 3
      vertex 9.31358538980296 14.98356568610482 3
      vertex 9.623735072453279 14.934442802201417 3
    endloop
  endfacet
  facet normal 0 0 1
    outer loop
      vertex 3 96 3
      vertex 9.623735072453279 14.934442802201417 3
      vertex 9.927050983124843 14.853169548885461 3
    endloop
  endfacet
  facet normal 0 0 1
    outer loop
      vertex 3 96 3
      vertex 9.927050983124843 14.853169548885461 3
      vertex 10.220209929227401 14.740636372927803 3
    endloop
  endfacet
  facet normal 0 0 1
    outer loop
      vertex 3 96 3
      vertex 10.76335575687742 14.427050983124843 3
      vertex 11.007391819076574 14.229434476432182 3
    endloop
  endfacet
  facet normal 0 0 1
    outer loop
      vertex 3 96 3
      vertex 11.007391819076574 14.229434476432182 3
      vertex 11.229434476432182 14.007391819076574 3
    endloop
  endfacet
  facet normal 0 0 1
    outer loop
      vertex 3 96 3
      vertex 11.427050983124843 13.76335575687742 3
      vertex 11.598076211353316 13.5 3
    endloop
  endfacet
  facet normal 0 0 1
    outer loop
      vertex 3 96 3
      vertex 11.598076211353316 13.5 3
      vertex 11.740636372927803 13.220209929227401 3
    endloop
  endfacet
  facet normal 0 0 1
    outer loop
      vertex 3 96 3
      vertex 11.229434476432182 14.007391819076574 3
      vertex 11.427050983124843 13.76335575687742 3
    endloop
  endfacet
  facet normal 0 0 1
    outer loop
      vertex 3 96 3
      vertex 10.220209929227401 14.740636372927803 3
      vertex 10.5 14.598076211353316 3
    endloop
  endfacet
  facet normal 0 0 1
    outer loop
      vertex 3 96 3
      vertex 10.5 14.598076211353316 3
      vertex 10.76335575687742 14.427050983124843 3
    endloop
  endfacet
  facet normal 0 0 1
    outer loop
      vertex 11.740636372927803 13.220209929227401 3
      vertex 7.5 67.40192378864668 3
      vertex 7.236644243122581 67.57294901687516 3
    endloop
  endfacet
  facet normal 0 0 1
    outer loop
      vertex 11.740636372927803 13.220209929227401 3
      vertex 7.7797900707725995 67.25936362707219 3
      vertex 7.5 67.40192378864668 3
    endloop
  endfacet
  facet normal 0 0 1
    outer loop
      vertex 11.740636372927803 13.220209929227401 3
      vertex 8.072949016875157 67.14683045111454 3
      vertex 7.7797900707725995 67.25936362707219 3
    endloop
  endfacet
  facet normal 0 0 1
    outer loop
      vertex 11.740636372927803 13.220209929227401 3
      vertex 8.68641461019704 67.01643431389518 3
      vertex 8.376264927546721 67.06555719779858 3
    endloop
  endfacet
  facet normal 0 0 1
    outer loop
      vertex 11.740636372927803 13.220209929227401 3
      vertex 8.376264927546721 67.06555719779858 3
      vertex 8.072949016875157 67.14683045111454 3
    endloop
  endfacet
  facet normal 0 0 1
    outer loop
      vertex 11.740636372927803 13.220209929227401 3
      vertex 9 67 3
      vertex 8.68641461019704 67.01643431389518 3
    endloop
  endfacet
  facet normal 0 0 1
    outer loop
      vertex 11.740636372927803 13.220209929227401 3
      vertex 9.31358538980296 67.01643431389518 3
      vertex 9 67 3
    endloop
  endfacet
  facet normal 0 0 1
    outer loop
      vertex 11.740636372927803 13.220209929227401 3
      vertex 9.623735072453279 67.06555719779858 3
      vertex 9.31358538980296 67.01643431389518 3
    endloop
  endfacet
  facet normal 1 0 0
    outer loop
      vertex 3 44.42705098312484 11.646830451114539
      vertex 3 54.2797900707726 11.759363627072197
      vertex 3 44.7202099292274 11.759363627072197
    endloop
  endfacet
  facet normal 1 0 0
    outer loop
      vertex 3 22.4702099292274 11.759363627072197
      vertex 3 31.75 11.901923788646684
      vertex 3 22.75 11.901923788646684
    endloop
  endfacet
  facet normal 1 0 0
    outer loop
      vertex 3 22.75 11.901923788646684
      vertex 3 31.48664424312258 12.072949016875157
      vertex 3 23.01335575687742 12.072949016875157
    endloop
  endfacet
  facet normal 1 0 0
    outer loop
      vertex 3 23.01335575687742 12.072949016875157
      vertex 3 31.242608180923426 12.270565523567818
      vertex 3 23.257391819076574 12.270565523567818
    endloop
  endfacet
  facet normal 1 0 0
    outer loop
      vertex 3 23.257391819076574 12.270565523567818
      vertex 3 31.020565523567818 12.492608180923426
      vertex 3 23.479434476432182 12.492608180923426
    endloop
  endfacet
  facet normal 1 0 0
    outer loop
      vertex 3 23.479434476432182 12.492608180923426
      vertex 3 30.822949016875157 12.73664424312258
      vertex 3 23.677050983124843 12.73664424312258
    endloop
  endfacet
  facet normal 1 0 0
    outer loop
      vertex 3 23.677050983124843 12.73664424312258
      vertex 3 30.651923788646684 13
      vertex 3 23.848076211353316 13
    endloop
  endfacet
  facet normal 1 0 0
    outer loop
      vertex 3 23.848076211353316 13
      vertex 3 30.509363627072197 13.279790070772599
      vertex 3 23.990636372927803 13.279790070772599
    endloop
  endfacet
  facet normal 1 0 0
    outer loop
      vertex 3 23.990636372927803 13.279790070772599
      vertex 3 30.39683045111454 13.572949016875157
      vertex 3 24.10316954888546 13.572949016875157
    endloop
  endfacet
  facet normal 1 0 0
    outer loop
      vertex 3 22.4702099292274 11.759363627072197
      vertex 3 32.0297900707726 11.759363627072197
      vertex 3 31.75 11.901923788646684
    endloop
  endfacet
  facet normal 1 0 0
    outer loop
      vertex 3 22.75 11.901923788646684
      vertex 3 31.75 11.901923788646684
      vertex 3 31.48664424312258 12.072949016875157
    endloop
  endfacet
  facet normal 1 0 0
    outer loop
      vertex 3 23.01335575687742 12.072949016875157
      vertex 3 31.48664424312258 12.072949016875157
      vertex 3 31.242608180923426 12.270565523567818
    endloop
  endfacet
  facet normal 1 0 0
    outer loop
      vertex 3 23.257391819076574 12.270565523567818
      vertex 3 31.242608180923426 12.270565523567818
      vertex 3 31.020565523567818 12.492608180923426
    endloop
  endfacet
  facet normal 1 0 0
    outer loop
      vertex 3 23.479434476432182 12.492608180923426
      vertex 3 31.020565523567818 12.492608180923426
      vertex 3 30.822949016875157 12.73664424312258
    endloop
  endfacet
  facet normal 1 0 0
    outer loop
      vertex 3 23.677050983124843 12.73664424312258
      vertex 3 30.822949016875157 12.73664424312258
      vertex 3 30.651923788646684 13
    endloop
  endfacet
  facet normal 1 0 0
    outer loop
      vertex 3 23.848076211353316 13
      vertex 3 30.651923788646684 13
      vertex 3 30.509363627072197 13.279790070772599
    endloop
  endfacet
  facet normal 1 0 0
    outer loop
      vertex 3 23.990636372927803 13.279790070772599
      vertex 3 30.509363627072197 13.279790070772599
      vertex 3 30.39683045111454 13.572949016875157
    endloop
  endfacet
  facet normal 1 0 0
    outer loop
      vertex 3 24.10316954888546 13.572949016875157
      vertex 3 30.39683045111454 13.572949016875157
      vertex 3 30.315557197798583 13.876264927546721
    endloop
  endfacet
  facet normal 1 0 0
    outer loop
      vertex 3 24.10316954888546 13.572949016875157
      vertex 3 30.315557197798583 13.876264927546721
      vertex 3 30.266434313895182 14.18641461019704
    endloop
  endfacet
  facet normal 1 0 0
    outer loop
      vertex 3 24.10316954888546 13.572949016875157
      vertex 3 30.266434313895182 14.18641461019704
      vertex 3 30.25 14.5
    endloop
  endfacet
  facet normal 1 0 0
    outer loop
      vertex 3 24.10316954888546 13.572949016875157
      vertex 3 30.25 26.5
      vertex 3 24.184442802201417 13.876264927546721
    endloop
  endfacet
  facet normal 1 0 0
    outer loop
      vertex 3 24.184442802201417 13.876264927546721
      vertex 3 30.25 26.5
      vertex 3 24.233565686104818 14.18641461019704
    endloop
  endfacet
  facet normal 1 0 0
    outer loop
      vertex 3 24.233565686104818 14.18641461019704
      vertex 3 30.25 26.5
      vertex 3 24.25 14.5
    endloop
  endfacet
  facet normal 1 0 0
    outer loop
      vertex 3 24.10316954888546 13.572949016875157
      vertex 3 30.25 14.5
      vertex 3 30.25 26.5
    endloop
  endfacet
  facet normal 1 0 0
    outer loop
      vertex 3 24.25 14.5
      vertex 3 30.25 26.5
      vertex 3 24.25 26.5
    endloop
  endfacet
  facet normal 1 0 0
    outer loop
      vertex 3 44.7202099292274 11.759363627072197
      vertex 3 54 11.901923788646684
      vertex 3 45 11.901923788646684
    endloop
  endfacet
  facet normal 1 0 0
    outer loop
      vertex 3 45 11.901923788646684
      vertex 3 53.73664424312258 12.072949016875157
      vertex 3 45.26335575687742 12.072949016875157
    endloop
  endfacet
  facet normal 1 0 0
    outer loop
      vertex 3 45.26335575687742 12.072949016875157
      vertex 3 53.492608180923426 12.270565523567818
      vertex 3 45.507391819076574 12.270565523567818
    endloop
  endfacet
  facet normal 1 0 0
    outer loop
      vertex 3 45.507391819076574 12.270565523567818
      vertex 3 53.27056552356782 12.492608180923426
      vertex 3 45.72943447643218 12.492608180923426
    endloop
  endfacet
  facet normal 1 0 0
    outer loop
      vertex 3 45.72943447643218 12.492608180923426
      vertex 3 53.07294901687516 12.73664424312258
      vertex 3 45.92705098312484 12.73664424312258
    endloop
  endfacet
  facet normal 1 0 0
    outer loop
      vertex 3 45.92705098312484 12.73664424312258
      vertex 3 52.901923788646684 13
      vertex 3 46.098076211353316 13
    endloop
  endfacet
  facet normal 1 0 0
    outer loop
      vertex 3 46.098076211353316 13
      vertex 3 52.7593636270722 13.279790070772599
      vertex 3 46.2406363729278 13.279790070772599
    endloop
  endfacet
  facet normal 1 0 0
    outer loop
      vertex 3 46.2406363729278 13.279790070772599
      vertex 3 52.64683045111454 13.572949016875157
      vertex 3 46.35316954888546 13.572949016875157
    endloop
  endfacet
  facet normal 1 0 0
    outer loop
      vertex 3 46.35316954888546 13.572949016875157
      vertex 3 52.56555719779858 13.876264927546721
      vertex 3 46.43444280220142 13.876264927546721
    endloop
  endfacet
  facet normal 1 0 0
    outer loop
      vertex 3 46.43444280220142 13.876264927546721
      vertex 3 52.51643431389518 14.18641461019704
      vertex 3 46.48356568610482 14.18641461019704
    endloop
  endfacet
  facet normal 1 0 0
    outer loop
      vertex 3 46.48356568610482 14.18641461019704
      vertex 3 52.5 14.5
      vertex 3 46.5 14.5
    endloop
  endfacet
  facet normal 1 0 0
    outer loop
      vertex 3 46.5 14.5
      vertex 3 52.5 26.5
      vertex 3 46.5 26.5
    endloop
  endfacet
  facet normal 0 1 0
    outer loop
      vertex 3 3 3
      vertex 44.5 3 7
      vertex 44.5 3 5
    endloop
  endfacet
  facet normal 0 0 1
    outer loop
      vertex 9.927050983124843 9.146830451114539 3
      vertex 57.07294901687516 9.146830451114539 3
      vertex 10.220209929227401 9.259363627072197 3
    endloop
  endfacet
  facet normal 0 0 1
    outer loop
      vertex 10.220209929227401 9.259363627072197 3
      vertex 56.7797900707726 9.259363627072197 3
      vertex 10.5 9.401923788646684 3
    endloop
  endfacet
  facet normal 0 0 1
    outer loop
      vertex 10.5 9.401923788646684 3
      vertex 56.5 9.401923788646684 3
      vertex 10.76335575687742 9.572949016875157 3
    endloop
  endfacet
  facet normal 0 0 1
    outer loop
      vertex 10.76335575687742 9.572949016875157 3
      vertex 55.992608180923426 9.770565523567818 3
      vertex 11.007391819076574 9.770565523567818 3
    endloop
  endfacet
  facet normal 0 0 1
    outer loop
      vertex 11.007391819076574 9.770565523567818 3
      vertex 55.992608180923426 9.770565523567818 3
      vertex 11.229434476432182 9.992608180923426 3
    endloop
  endfacet
  facet normal 0 0 1
    outer loop
      vertex 11.229434476432182 9.992608180923426 3
      vertex 55.77056552356782 9.992608180923426 3
      vertex 11.427050983124843 10.23664424312258 3
    endloop
  endfacet
  facet normal 0 0 1
    outer loop
      vertex 11.427050983124843 10.23664424312258 3
      vertex 55.57294901687516 10.23664424312258 3
      vertex 11.598076211353316 10.5 3
    endloop
  endfacet
  facet normal 0 0 1
    outer loop
      vertex 11.598076211353316 10.5 3
      vertex 55.401923788646684 10.5 3
      vertex 11.740636372927803 10.779790070772599 3
    endloop
  endfacet
  facet normal 0 0 1
    outer loop
      vertex 11.740636372927803 10.779790070772599 3
      vertex 55.2593636270722 10.779790070772599 3
      vertex 11.853169548885461 11.072949016875159 3
    endloop
  endfacet
  facet normal 0 0 1
    outer loop
      vertex 11.853169548885461 11.072949016875159 3
      vertex 55.14683045111454 11.072949016875159 3
      vertex 11.934442802201417 11.376264927546721 3
    endloop
  endfacet
  facet normal 0 0 1
    outer loop
      vertex 11.934442802201417 11.376264927546721 3
      vertex 55.06555719779858 11.376264927546721 3
      vertex 11.98356568610482 11.686414610197039 3
    endloop
  endfacet
  facet normal 0 1 0
    outer loop
      vertex 3 3 3
      vertex 44.5 3 5
      vertex 54.5 3 5
    endloop
  endfacet
  facet normal 0 0 1
    outer loop
      vertex 11.98356568610482 11.686414610197039 3
      vertex 55 12 3
      vertex 12 12 3
    endloop
  endfacet
  facet normal 0 0 1
    outer loop
      vertex 3 3 3
      vertex 57.37626492754672 9.065557197798583 3
      vertex 57.07294901687516 9.146830451114539 3
    endloop
  endfacet
  facet normal 0 0 1
    outer loop
      vertex 3 3 3
      vertex 57.68641461019704 9.01643431389518 3
      vertex 57.37626492754672 9.065557197798583 3
    endloop
  endfacet
  facet normal 0 0 1
    outer loop
      vertex 3 3 3
      vertex 58 9 3
      vertex 57.68641461019704 9.01643431389518 3
    endloop
  endfacet
  facet normal 0 0 1
    outer loop
      vertex 3 3 3
      vertex 58.31358538980296 9.01643431389518 3
      vertex 58 9 3
    endloop
  endfacet
  facet normal 0 0 1
    outer loop
      vertex 10.220209929227401 9.259363627072197 3
      vertex 57.07294901687516 9.146830451114539 3
      vertex 56.7797900707726 9.259363627072197 3
    endloop
  endfacet
  facet normal 0 0 1
    outer loop
      vertex 10.76335575687742 9.572949016875157 3
      vertex 56.23664424312258 9.572949016875157 3
      vertex 55.992608180923426 9.770565523567818 3
    endloop
  endfacet
  facet normal 0 0 1
    outer loop
      vertex 10.76335575687742 9.572949016875157 3
      vertex 56.5 9.401923788646684 3
      vertex 56.23664424312258 9.572949016875157 3
    endloop
  endfacet
  facet normal 0 0 1
    outer loop
      vertex 10.5 9.401923788646684 3
      vertex 56.7797900707726 9.259363627072197 3
      vertex 56.5 9.401923788646684 3
    endloop
  endfacet
  facet normal 0 0 1
    outer loop
      vertex 11.229434476432182 9.992608180923426 3
      vertex 55.992608180923426 9.770565523567818 3
      vertex 55.77056552356782 9.992608180923426 3
    endloop
  endfacet
  facet normal 0 0 1
    outer loop
      vertex 11.427050983124843 10.23664424312258 3
      vertex 55.77056552356782 9.992608180923426 3
      vertex 55.57294901687516 10.23664424312258 3
    endloop
  endfacet
  facet normal 0 0 1
    outer loop
      vertex 11.598076211353316 10.5 3
      vertex 55.57294901687516 10.23664424312258 3
      vertex 55.401923788646684 10.5 3
    endloop
  endfacet
  facet normal 0 0 1
    outer loop
      vertex 11.740636372927803 10.779790070772599 3
      vertex 55.401923788646684 10.5 3
      vertex 55.2593636270722 10.779790070772599 3
    endloop
  endfacet
  facet normal 0 0 1
    outer loop
      vertex 11.853169548885461 11.072949016875159 3
      vertex 55.2593636270722 10.779790070772599 3
      vertex 55.14683045111454 11.072949016875159 3
    endloop
  endfacet
  facet normal 0 0 1
    outer loop
      vertex 11.934442802201417 11.376264927546721 3
      vertex 55.14683045111454 11.072949016875159 3
      vertex 55.06555719779858 11.376264927546721 3
    endloop
  endfacet
  facet normal 0 0 1
    outer loop
      vertex 11.98356568610482 11.686414610197039 3
      vertex 55.06555719779858 11.376264927546721 3
      vertex 55.01643431389518 11.686414610197039 3
    endloop
  endfacet
  facet normal 0 0 1
    outer loop
      vertex 11.98356568610482 11.686414610197039 3
      vertex 55.01643431389518 11.686414610197039 3
      vertex 55 12 3
    endloop
  endfacet
  facet normal 0 0 1
    outer loop
      vertex 12 12 3
      vertex 55 12 3
      vertex 55.01643431389518 12.313585389802961 3
    endloop
  endfacet
  facet normal 0 0 1
    outer loop
      vertex 12 12 3
      vertex 55.01643431389518 12.313585389802961 3
      vertex 55.06555719779858 12.623735072453279 3
    endloop
  endfacet
  facet normal 0 0 1
    outer loop
      vertex 12 12 3
      vertex 55.06555719779858 12.623735072453279 3
      vertex 55.14683045111454 12.927050983124841 3
    endloop
  endfacet
  facet normal 0 0 1
    outer loop
      vertex 12 12 3
      vertex 55.14683045111454 12.927050983124841 3
      vertex 55.2593636270722 13.220209929227401 3
    endloop
  endfacet
  facet normal 0 0 1
    outer loop
      vertex 12 12 3
      vertex 55.2593636270722 13.220209929227401 3
      vertex 55.401923788646684 13.5 3
    endloop
  endfacet
  facet normal 0 0 1
    outer loop
      vertex 12 12 3
      vertex 55.401923788646684 13.5 3
      vertex 55.57294901687516 13.76335575687742 3
    endloop
  endfacet
  facet normal 0 0 1
    outer loop
      vertex 12 12 3
      vertex 55.57294901687516 13.76335575687742 3
      vertex 55.77056552356782 14.007391819076574 3
    endloop
  endfacet
  facet normal 0 0 1
    outer loop
      vertex 12 12 3
      vertex 55.77056552356782 14.007391819076574 3
      vertex 55.992608180923426 14.229434476432182 3
    endloop
  endfacet
  facet normal 0 0 1
    outer loop
      vertex 12 12 3
      vertex 55.992608180923426 14.229434476432182 3
      vertex 56.23664424312258 14.427050983124843 3
    endloop
  endfacet
  facet normal 0 0 1
    outer loop
      vertex 12 12 3
      vertex 56.23664424312258 14.427050983124843 3
      vertex 56.5 14.598076211353316 3
    endloop
  endfacet
  facet normal 0 0 1
    outer loop
      vertex 12 12 3
      vertex 56.5 14.598076211353316 3
      vertex 56.7797900707726 14.740636372927803 3
    endloop
  endfacet
  facet normal 0 0 1
    outer loop
      vertex 12 12 3
      vertex 56.7797900707726 14.740636372927803 3
      vertex 57.07294901687516 14.853169548885461 3
    endloop
  endfacet
  facet normal 0 0 1
    outer loop
      vertex 12 12 3
      vertex 57.07294901687516 14.853169548885461 3
      vertex 57.37626492754672 14.934442802201417 3
    endloop
  endfacet
  facet normal 0 0 1
    outer loop
      vertex 12 12 3
      vertex 57.37626492754672 14.934442802201417 3
      vertex 57.68641461019704 14.98356568610482 3
    endloop
  endfacet
  facet normal 0 1 0
    outer loop
      vertex 3 3 3
      vertex 20.4 3 11.901923788646684
      vertex 96 3 47
    endloop
  endfacet
  facet normal 0 1 0
    outer loop
      vertex 3 3 3
      vertex 96 3 47
      vertex 44.5 3 7
    endloop
  endfacet
  facet normal 0 0 1
    outer loop
      vertex 11.740636372927803 13.220209929227401 3
      vertex 57.37626492754672 67.06555719779858 3
      vertex 9.623735072453279 67.06555719779858 3
    endloop
  endfacet
  facet normal 0 0 1
    outer loop
      vertex 96 96 3
      vertex 11.98356568610482 12.313585389802961 3
      vertex 12 12 3
    endloop
  endfacet
  facet normal 0 0 1
    outer loop
      vertex 96 96 3
      vertex 11.934442802201417 12.623735072453279 3
      vertex 11.98356568610482 12.313585389802961 3
    endloop
  endfacet
  facet normal 0 0 1
    outer loop
      vertex 96 96 3
      vertex 11.853169548885461 12.927050983124841 3
      vertex 11.934442802201417 12.623735072453279 3
    endloop
  endfacet
  facet normal 0 0 1
    outer loop
      vertex 96 96 3
      vertex 11.740636372927803 13.220209929227401 3
      vertex 11.853169548885461 12.927050983124841 3
    endloop
  endfacet
  facet normal 0 0 1
    outer loop
      vertex 11.740636372927803 13.220209929227401 3
      vertex 57.68641461019704 67.01643431389518 3
      vertex 57.37626492754672 67.06555719779858 3
    endloop
  endfacet
  facet normal 0 0 1
    outer loop
      vertex 11.740636372927803 13.220209929227401 3
      vertex 58 67 3
      vertex 57.68641461019704 67.01643431389518 3
    endloop
  endfacet
  facet normal 0 0 1
    outer loop
      vertex 11.740636372927803 13.220209929227401 3
      vertex 58.31358538980296 67.01643431389518 3
      vertex 58 67 3
    endloop
  endfacet
  facet normal 0 0 1
    outer loop
      vertex 11.740636372927803 13.220209929227401 3
      vertex 58.62373507245328 67.06555719779858 3
      vertex 58.31358538980296 67.01643431389518 3
    endloop
  endfacet
  facet normal 0 0 1
    outer loop
      vertex 11.740636372927803 13.220209929227401 3
      vertex 58.92705098312484 67.14683045111454 3
      vertex 58.62373507245328 67.06555719779858 3
    endloop
  endfacet
  facet normal 0 0 1
    outer loop
      vertex 11.740636372927803 13.220209929227401 3
      vertex 59.2202099292274 67.25936362707219 3
      vertex 58.92705098312484 67.14683045111454 3
    endloop
  endfacet
  facet normal 0 0 1
    outer loop
      vertex 11.740636372927803 13.220209929227401 3
      vertex 59.5 67.40192378864668 3
      vertex 59.2202099292274 67.25936362707219 3
    endloop
  endfacet
  facet normal 0 0 1
    outer loop
      vertex 11.740636372927803 13.220209929227401 3
      vertex 59.76335575687742 67.57294901687516 3
      vertex 59.5 67.40192378864668 3
    endloop
  endfacet
  facet normal 1 0 0
    outer loop
      vertex 3 3 3
      vertex 3 8 26.5
      vertex 3 3 47
    endloop
  endfacet
  facet normal 0 1 0
    outer loop
      vertex 3.9000000000000004 3 14.5
      vertex 3 3 47
      vertex 3.9000000000000004 3 26.5
    endloop
  endfacet
  facet normal 0 1 0
    outer loop
      vertex 3.9000000000000004 3 26.5
      vertex 3 3 47
      vertex 3.9164343138951807 3 26.81358538980296
    endloop
  endfacet
  facet normal 0 1 0
    outer loop
      vertex 3.9164343138951807 3 26.81358538980296
      vertex 3 3 47
      vertex 3.9655571977985833 3 27.12373507245328
    endloop
  endfacet
  facet normal 0 1 0
    outer loop
      vertex 3.9655571977985833 3 27.12373507245328
      vertex 3 3 47
      vertex 4.046830451114539 3 27.427050983124843
    endloop
  endfacet
  facet normal 0 1 0
    outer loop
      vertex 4.046830451114539 3 27.427050983124843
      vertex 3 3 47
      vertex 4.159363627072198 3 27.7202099292274
    endloop
  endfacet
  facet normal 0 1 0
    outer loop
      vertex 4.159363627072198 3 27.7202099292274
      vertex 3 3 47
      vertex 4.301923788646684 3 28
    endloop
  endfacet
  facet normal 0 1 0
    outer loop
      vertex 4.301923788646684 3 28
      vertex 3 3 47
      vertex 4.472949016875158 3 28.26335575687742
    endloop
  endfacet
  facet normal 0 1 0
    outer loop
      vertex 4.472949016875158 3 28.26335575687742
      vertex 3 3 47
      vertex 4.670565523567817 3 28.507391819076574
    endloop
  endfacet
  facet normal 0 1 0
    outer loop
      vertex 4.670565523567817 3 28.507391819076574
      vertex 3 3 47
      vertex 4.892608180923426 3 28.729434476432182
    endloop
  endfacet
  facet normal 0 1 0
    outer loop
      vertex 4.892608180923426 3 28.729434476432182
      vertex 3 3 47
      vertex 5.136644243122581 3 28.927050983124843
    endloop
  endfacet
  facet normal 0 1 0
    outer loop
      vertex 5.136644243122581 3 28.927050983124843
      vertex 3 3 47
      vertex 5.4 3 29.098076211353316
    endloop
  endfacet
  facet normal 0 1 0
    outer loop
      vertex 5.4 3 29.098076211353316
      vertex 3 3 47
      vertex 5.6797900707726 3 29.240636372927803
    endloop
  endfacet
  facet normal 0 1 0
    outer loop
      vertex 5.6797900707726 3 29.240636372927803
      vertex 3 3 47
      vertex 5.972949016875158 3 29.35316954888546
    endloop
  endfacet
  facet normal 1 0 0
    outer loop
      vertex 3 8 26.5
      vertex 3 8.01643431389518 26.81358538980296
      vertex 3 3 47
    endloop
  endfacet
  facet normal 1 0 0
    outer loop
      vertex 3 8.01643431389518 26.81358538980296
      vertex 3 8.065557197798583 27.12373507245328
      vertex 3 3 47
    endloop
  endfacet
  facet normal 1 0 0
    outer loop
      vertex 3 8.065557197798583 27.12373507245328
      vertex 3 8.146830451114539 27.427050983124843
      vertex 3 3 47
    endloop
  endfacet
  facet normal 1 0 0
    outer loop
      vertex 3 8.146830451114539 27.427050983124843
      vertex 3 8.259363627072197 27.7202099292274
      vertex 3 3 47
    endloop
  endfacet
  facet normal 1 0 0
    outer loop
      vertex 3 8.259363627072197 27.7202099292274
      vertex 3 8.401923788646684 28
      vertex 3 3 47
    endloop
  endfacet
  facet normal 1 0 0
    outer loop
      vertex 3 8.401923788646684 28
      vertex 3 8.572949016875157 28.26335575687742
      vertex 3 3 47
    endloop
  endfacet
  facet normal 1 0 0
    outer loop
      vertex 3 8.572949016875157 28.26335575687742
      vertex 3 8.770565523567818 28.507391819076574
      vertex 3 3 47
    endloop
  endfacet
  facet normal 1 0 0
    outer loop
      vertex 3 8.770565523567818 28.507391819076574
      vertex 3 8.992608180923426 28.729434476432182
      vertex 3 3 47
    endloop
  endfacet
  facet normal 1 0 0
    outer loop
      vertex 3 8.992608180923426 28.729434476432182
      vertex 3 9.23664424312258 28.927050983124843
      vertex 3 3 47
    endloop
  endfacet
  facet normal 1 0 0
    outer loop
      vertex 3 9.23664424312258 28.927050983124843
      vertex 3 9.5 29.098076211353316
      vertex 3 3 47
    endloop
  endfacet
  facet normal 1 0 0
    outer loop
      vertex 3 9.5 29.098076211353316
      vertex 3 9.779790070772599 29.240636372927803
      vertex 3 3 47
    endloop
  endfacet
  facet normal 1 0 0
    outer loop
      vertex 3 9.779790070772599 29.240636372927803
      vertex 3 10.072949016875157 29.35316954888546
      vertex 3 3 47
    endloop
  endfacet
  facet normal 1 0 0
    outer loop
      vertex 3 22.177050983124843 29.35316954888546
      vertex 3 22.4702099292274 29.240636372927803
      vertex 3 3 47
    endloop
  endfacet
  facet normal 1 0 0
    outer loop
      vertex 3 22.4702099292274 29.240636372927803
      vertex 3 32.0297900707726 29.240636372927803
      vertex 3 3 47
    endloop
  endfacet
  facet normal 1 0 0
    outer loop
      vertex 3 3 47
      vertex 3 32.0297900707726 29.240636372927803
      vertex 3 32.32294901687516 29.35316954888546
    endloop
  endfacet
  facet normal 0 1 0
    outer loop
      vertex 5.972949016875158 3 29.35316954888546
      vertex 3 3 47
      vertex 6.276264927546722 3 29.434442802201417
    endloop
  endfacet
  facet normal 0 1 0
    outer loop
      vertex 6.276264927546722 3 29.434442802201417
      vertex 3 3 47
      vertex 6.58641461019704 3 29.483565686104818
    endloop
  endfacet
  facet normal 0 1 0
    outer loop
      vertex 6.58641461019704 3 29.483565686104818
      vertex 3 3 47
      vertex 6.9 3 29.5
    endloop
  endfacet
  facet normal 1 0 0
    outer loop
      vertex 3 10.072949016875157 29.35316954888546
      vertex 3 10.376264927546721 29.434442802201417
      vertex 3 3 47
    endloop
  endfacet
  facet normal 1 0 0
    outer loop
      vertex 3 10.376264927546721 29.434442802201417
      vertex 3 10.68641461019704 29.483565686104818
      vertex 3 3 47
    endloop
  endfacet
  facet normal 1 0 0
    outer loop
      vertex 3 10.68641461019704 29.483565686104818
      vertex 3 11 29.5
      vertex 3 3 47
    endloop
  endfacet
  facet normal 1 0 0
    outer loop
      vertex 3 11 29.5
      vertex 3 21.25 29.5
      vertex 3 3 47
    endloop
  endfacet
  facet normal 1 0 0
    outer loop
      vertex 3 21.25 29.5
      vertex 3 21.56358538980296 29.483565686104818
      vertex 3 3 47
    endloop
  endfacet
  facet normal 1 0 0
    outer loop
      vertex 3 21.56358538980296 29.483565686104818
      vertex 3 21.87373507245328 29.434442802201417
      vertex 3 3 47
    endloop
  endfacet
  facet normal 1 0 0
    outer loop
      vertex 3 22.177050983124843 29.35316954888546
      vertex 3 3 47
      vertex 3 21.87373507245328 29.434442802201417
    endloop
  endfacet
  facet normal 1 0 0
    outer loop
      vertex 3 3 47
      vertex 3 32.32294901687516 29.35316954888546
      vertex 3 32.62626492754672 29.434442802201417
    endloop
  endfacet
  facet normal 1 0 0
    outer loop
      vertex 3 3 47
      vertex 3 32.62626492754672 29.434442802201417
      vertex 3 32.93641461019704 29.483565686104818
    endloop
  endfacet
  facet normal 1 0 0
    outer loop
      vertex 3 3 47
      vertex 3 32.93641461019704 29.483565686104818
      vertex 3 33.25 29.5
    endloop
  endfacet
  facet normal 1 0 0
    outer loop
      vertex 3 24.25 26.5
      vertex 3 30.266434313895182 26.81358538980296
      vertex 3 24.233565686104818 26.81358538980296
    endloop
  endfacet
  facet normal 1 0 0
    outer loop
      vertex 3 24.233565686104818 26.81358538980296
      vertex 3 30.315557197798583 27.12373507245328
      vertex 3 24.184442802201417 27.12373507245328
    endloop
  endfacet
  facet normal 1 0 0
    outer loop
      vertex 3 24.184442802201417 27.12373507245328
      vertex 3 30.39683045111454 27.427050983124843
      vertex 3 24.10316954888546 27.427050983124843
    endloop
  endfacet
  facet normal 1 0 0
    outer loop
      vertex 3 24.10316954888546 27.427050983124843
      vertex 3 30.509363627072197 27.7202099292274
      vertex 3 23.990636372927803 27.7202099292274
    endloop
  endfacet
  facet normal 1 0 0
    outer loop
      vertex 3 22.75 29.098076211353316
      vertex 3 32.0297900707726 29.240636372927803
      vertex 3 22.4702099292274 29.240636372927803
    endloop
  endfacet
  facet normal 1 0 0
    outer loop
      vertex 3 23.990636372927803 27.7202099292274
      vertex 3 30.651923788646684 28
      vertex 3 23.848076211353316 28
    endloop
  endfacet
  facet normal 1 0 0
    outer loop
      vertex 3 23.848076211353316 28
      vertex 3 30.822949016875157 28.26335575687742
      vertex 3 23.677050983124843 28.26335575687742
    endloop
  endfacet
  facet normal 1 0 0
    outer loop
      vertex 3 23.677050983124843 28.26335575687742
      vertex 3 31.020565523567818 28.507391819076574
      vertex 3 23.479434476432182 28.507391819076574
    endloop
  endfacet
  facet normal 1 0 0
    outer loop
      vertex 3 23.479434476432182 28.507391819076574
      vertex 3 31.242608180923426 28.729434476432182
      vertex 3 23.257391819076574 28.729434476432182
    endloop
  endfacet
  facet normal 1 0 0
    outer loop
      vertex 3 23.01335575687742 28.927050983124843
      vertex 3 23.257391819076574 28.729434476432182
      vertex 3 31.48664424312258 28.927050983124843
    endloop
  endfacet
  facet normal 1 0 0
    outer loop
      vertex 3 23.01335575687742 28.927050983124843
      vertex 3 31.75 29.098076211353316
      vertex 3 22.75 29.098076211353316
    endloop
  endfacet
  facet normal 1 0 0
    outer loop
      vertex 3 24.25 26.5
      vertex 3 30.25 26.5
      vertex 3 30.266434313895182 26.81358538980296
    endloop
  endfacet
  facet normal 1 0 0
    outer loop
      vertex 3 24.233565686104818 26.81358538980296
      vertex 3 30.266434313895182 26.81358538980296
      vertex 3 30.315557197798583 27.12373507245328
    endloop
  endfacet
  facet normal 1 0 0
    outer loop
      vertex 3 24.184442802201417 27.12373507245328
      vertex 3 30.315557197798583 27.12373507245328
      vertex 3 30.39683045111454 27.427050983124843
    endloop
  endfacet
  facet normal 1 0 0
    outer loop
      vertex 3 24.10316954888546 27.427050983124843
      vertex 3 30.39683045111454 27.427050983124843
      vertex 3 30.509363627072197 27.7202099292274
    endloop
  endfacet
  facet normal 1 0 0
    outer loop
      vertex 3 23.990636372927803 27.7202099292274
      vertex 3 30.509363627072197 27.7202099292274
      vertex 3 30.651923788646684 28
    endloop
  endfacet
  facet normal 1 0 0
    outer loop
      vertex 3 23.848076211353316 28
      vertex 3 30.651923788646684 28
      vertex 3 30.822949016875157 28.26335575687742
    endloop
  endfacet
  facet normal 1 0 0
    outer loop
      vertex 3 23.677050983124843 28.26335575687742
      vertex 3 30.822949016875157 28.26335575687742
      vertex 3 31.020565523567818 28.507391819076574
    endloop
  endfacet
  facet normal 1 0 0
    outer loop
      vertex 3 23.479434476432182 28.507391819076574
      vertex 3 31.020565523567818 28.507391819076574
      vertex 3 31.242608180923426 28.729434476432182
    endloop
  endfacet
  facet normal 1 0 0
    outer loop
      vertex 3 23.257391819076574 28.729434476432182
      vertex 3 31.242608180923426 28.729434476432182
      vertex 3 31.48664424312258 28.927050983124843
    endloop
  endfacet
  facet normal 1 0 0
    outer loop
      vertex 3 23.01335575687742 28.927050983124843
      vertex 3 31.48664424312258 28.927050983124843
      vertex 3 31.75 29.098076211353316
    endloop
  endfacet
  facet normal 1 0 0
    outer loop
      vertex 3 22.75 29.098076211353316
      vertex 3 31.75 29.098076211353316
      vertex 3 32.0297900707726 29.240636372927803
    endloop
  endfacet
  facet normal 1 0 0
    outer loop
      vertex 3 3 47
      vertex 3 44.42705098312484 29.35316954888546
      vertex 3 44.7202099292274 29.240636372927803
    endloop
  endfacet
  facet normal 1 0 0
    outer loop
      vertex 3 3 47
      vertex 3 44.7202099292274 29.240636372927803
      vertex 3 54 29.098076211353316
    endloop
  endfacet
  facet normal 1 0 0
    outer loop
      vertex 3 46.35316954888546 27.427050983124843
      vertex 3 46.43444280220142 27.12373507245328
      vertex 3 53.27056552356782 28.507391819076574
    endloop
  endfacet
  facet normal 1 0 0
    outer loop
      vertex 3 46.35316954888546 27.427050983124843
      vertex 3 53.27056552356782 28.507391819076574
      vertex 3 46.2406363729278 27.7202099292274
    endloop
  endfacet
  facet normal 1 0 0
    outer loop
      vertex 3 46.5 26.5
      vertex 3 53.27056552356782 28.507391819076574
      vertex 3 46.48356568610482 26.81358538980296
    endloop
  endfacet
  facet normal 1 0 0
    outer loop
      vertex 3 46.48356568610482 26.81358538980296
      vertex 3 53.27056552356782 28.507391819076574
      vertex 3 46.43444280220142 27.12373507245328
    endloop
  endfacet
  facet normal 1 0 0
    outer loop
      vertex 3 44.7202099292274 29.240636372927803
      vertex 3 45 29.098076211353316
      vertex 3 54 29.098076211353316
    endloop
  endfacet
  facet normal 1 0 0
    outer loop
      vertex 3 46.2406363729278 27.7202099292274
      vertex 3 53.27056552356782 28.507391819076574
      vertex 3 46.098076211353316 28
    endloop
  endfacet
  facet normal 1 0 0
    outer loop
      vertex 3 45.92705098312484 28.26335575687742
      vertex 3 46.098076211353316 28
      vertex 3 53.27056552356782 28.507391819076574
    endloop
  endfacet
  facet normal 1 0 0
    outer loop
      vertex 3 45.92705098312484 28.26335575687742
      vertex 3 53.27056552356782 28.507391819076574
      vertex 3 45.72943447643218 28.507391819076574
    endloop
  endfacet
  facet normal 1 0 0
    outer loop
      vertex 3 45.72943447643218 28.507391819076574
      vertex 3 53.492608180923426 28.729434476432182
      vertex 3 45.507391819076574 28.729434476432182
    endloop
  endfacet
  facet normal 1 0 0
    outer loop
      vertex 3 45.507391819076574 28.729434476432182
      vertex 3 53.73664424312258 28.927050983124843
      vertex 3 45.26335575687742 28.927050983124843
    endloop
  endfacet
  facet normal 1 0 0
    outer loop
      vertex 3 45.26335575687742 28.927050983124843
      vertex 3 54 29.098076211353316
      vertex 3 45 29.098076211353316
    endloop
  endfacet
  facet normal 1 0 0
    outer loop
      vertex 3 3 47
      vertex 3 54 29.098076211353316
      vertex 3 54.2797900707726 29.240636372927803
    endloop
  endfacet
  facet normal 1 0 0
    outer loop
      vertex 3 3 47
      vertex 3 33.25 29.5
      vertex 3 43.5 29.5
    endloop
  endfacet
  facet normal 1 0 0
    outer loop
      vertex 3 3 47
      vertex 3 43.5 29.5
      vertex 3 43.81358538980296 29.483565686104818
    endloop
  endfacet
  facet normal 1 0 0
    outer loop
      vertex 3 3 47
      vertex 3 43.81358538980296 29.483565686104818
      vertex 3 44.12373507245328 29.434442802201417
    endloop
  endfacet
  facet normal 1 0 0
    outer loop
      vertex 3 3 47
      vertex 3 44.12373507245328 29.434442802201417
      vertex 3 44.42705098312484 29.35316954888546
    endloop
  endfacet
  facet normal 0 1 0
    outer loop
      vertex 20.4 3 11.901923788646684
      vertex 20.663355756877422 3 12.072949016875157
      vertex 96 3 47
    endloop
  endfacet
  facet normal 0 1 0
    outer loop
      vertex 20.663355756877422 3 12.072949016875157
      vertex 20.907391819076572 3 12.270565523567818
      vertex 96 3 47
    endloop
  endfacet
  facet normal 0 1 0
    outer loop
      vertex 20.907391819076572 3 12.270565523567818
      vertex 21.12943447643218 3 12.492608180923426
      vertex 96 3 47
    endloop
  endfacet
  facet normal 0 1 0
    outer loop
      vertex 21.12943447643218 3 12.492608180923426
      vertex 21.327050983124842 3 12.73664424312258
      vertex 96 3 47
    endloop
  endfacet
  facet normal 0 1 0
    outer loop
      vertex 21.327050983124842 3 12.73664424312258
      vertex 21.498076211353315 3 13
      vertex 96 3 47
    endloop
  endfacet
  facet normal 0 1 0
    outer loop
      vertex 21.498076211353315 3 13
      vertex 21.6406363729278 3 13.279790070772599
      vertex 96 3 47
    endloop
  endfacet
  facet normal 0 1 0
    outer loop
      vertex 21.6406363729278 3 13.279790070772599
      vertex 21.75316954888546 3 13.572949016875157
      vertex 96 3 47
    endloop
  endfacet
  facet normal 0 1 0
    outer loop
      vertex 21.75316954888546 3 13.572949016875157
      vertex 21.834442802201416 3 13.876264927546721
      vertex 96 3 47
    endloop
  endfacet
  facet normal 0 1 0
    outer loop
      vertex 21.834442802201416 3 13.876264927546721
      vertex 21.883565686104816 3 14.18641461019704
      vertex 96 3 47
    endloop
  endfacet
  facet normal 0 1 0
    outer loop
      vertex 21.883565686104816 3 14.18641461019704
      vertex 21.9 3 14.5
      vertex 96 3 47
    endloop
  endfacet
  facet normal 0 1 0
    outer loop
      vertex 21.9 3 14.5
      vertex 21.9 3 26.5
      vertex 96 3 47
    endloop
  endfacet
  facet normal 0 1 0
    outer loop
      vertex 21.6406363729278 3 27.7202099292274
      vertex 21.498076211353315 3 28
      vertex 96 3 47
    endloop
  endfacet
  facet normal 0 1 0
    outer loop
      vertex 21.498076211353315 3 28
      vertex 21.327050983124842 3 28.26335575687742
      vertex 96 3 47
    endloop
  endfacet
  facet normal 0 1 0
    outer loop
      vertex 19.827050983124842 3 29.35316954888546
      vertex 96 3 47
      vertex 20.1202099292274 3 29.240636372927803
    endloop
  endfacet
  facet normal 0 1 0
    outer loop
      vertex 20.4 3 29.098076211353316
      vertex 20.1202099292274 3 29.240636372927803
      vertex 96 3 47
    endloop
  endfacet
  facet normal 0 1 0
    outer loop
      vertex 21.12943447643218 3 28.507391819076574
      vertex 20.907391819076572 3 28.729434476432182
      vertex 96 3 47
    endloop
  endfacet
  facet normal 0 1 0
    outer loop
      vertex 21.327050983124842 3 28.26335575687742
      vertex 21.12943447643218 3 28.507391819076574
      vertex 96 3 47
    endloop
  endfacet
  facet normal 0 1 0
    outer loop
      vertex 20.663355756877422 3 28.927050983124843
      vertex 20.4 3 29.098076211353316
      vertex 96 3 47
    endloop
  endfacet
  facet normal 0 1 0
    outer loop
      vertex 20.663355756877422 3 28.927050983124843
      vertex 96 3 47
      vertex 20.907391819076572 3 28.729434476432182
    endloop
  endfacet
  facet normal 0 1 0
    outer loop
      vertex 21.9 3 26.5
      vertex 21.883565686104816 3 26.81358538980296
      vertex 96 3 47
    endloop
  endfacet
  facet normal 0 1 0
    outer loop
      vertex 21.883565686104816 3 26.81358538980296
      vertex 21.834442802201416 3 27.12373507245328
      vertex 96 3 47
    endloop
  endfacet
  facet normal 0 1 0
    outer loop
      vertex 21.834442802201416 3 27.12373507245328
      vertex 21.75316954888546 3 27.427050983124843
      vertex 96 3 47
    endloop
  endfacet
  facet normal 0 1 0
    outer loop
      vertex 21.6406363729278 3 27.7202099292274
      vertex 96 3 47
      vertex 21.75316954888546 3 27.427050983124843
    endloop
  endfacet
  facet normal 0 1 0
    outer loop
      vertex 6.9 3 29.5
      vertex 3 3 47
      vertex 96 3 47
    endloop
  endfacet
  facet normal 0 1 0
    outer loop
      vertex 6.9 3 29.5
      vertex 96 3 47
      vertex 18.9 3 29.5
    endloop
  endfacet
  facet normal 0 1 0
    outer loop
      vertex 18.9 3 29.5
      vertex 96 3 47
      vertex 19.21358538980296 3 29.483565686104818
    endloop
  endfacet
  facet normal 0 1 0
    outer loop
      vertex 19.21358538980296 3 29.483565686104818
      vertex 96 3 47
      vertex 19.523735072453277 3 29.434442802201417
    endloop
  endfacet
  facet normal 0 1 0
    outer loop
      vertex 19.827050983124842 3 29.35316954888546
      vertex 19.523735072453277 3 29.434442802201417
      vertex 96 3 47
    endloop
  endfacet
  facet normal 0 0 1
    outer loop
      vertex 11.740636372927803 13.220209929227401 3
      vertex 6.992608180923425 67.77056552356781 3
      vertex 6.770565523567817 67.99260818092343 3
    endloop
  endfacet
  facet normal 0 0 1
    outer loop
      vertex 11.740636372927803 13.220209929227401 3
      vertex 6.770565523567817 67.99260818092343 3
      vertex 6.572949016875158 68.23664424312258 3
    endloop
  endfacet
  facet normal 0 0 1
    outer loop
      vertex 11.740636372927803 13.220209929227401 3
      vertex 6.572949016875158 68.23664424312258 3
      vertex 6.401923788646684 68.5 3
    endloop
  endfacet
  facet normal 0 0 1
    outer loop
      vertex 11.740636372927803 13.220209929227401 3
      vertex 6.401923788646684 68.5 3
      vertex 6.259363627072197 68.7797900707726 3
    endloop
  endfacet
  facet normal 0 0 1
    outer loop
      vertex 11.740636372927803 13.220209929227401 3
      vertex 6.259363627072197 68.7797900707726 3
      vertex 6.146830451114539 69.07294901687516 3
    endloop
  endfacet
  facet normal 0 0 1
    outer loop
      vertex 11.740636372927803 13.220209929227401 3
      vertex 6.146830451114539 69.07294901687516 3
      vertex 6.065557197798583 69.37626492754673 3
    endloop
  endfacet
  facet normal 0 0 1
    outer loop
      vertex 11.740636372927803 13.220209929227401 3
      vertex 6.065557197798583 69.37626492754673 3
      vertex 6.01643431389518 69.68641461019703 3
    endloop
  endfacet
  facet normal 0 0 1
    outer loop
      vertex 11.740636372927803 13.220209929227401 3
      vertex 7.236644243122581 67.57294901687516 3
      vertex 6.992608180923425 67.77056552356781 3
    endloop
  endfacet
  facet normal 0 0 1
    outer loop
      vertex 3 96 3
      vertex 11.740636372927803 13.220209929227401 3
      vertex 6.01643431389518 69.68641461019703 3
    endloop
  endfacet
  facet normal 1 0 0
    outer loop
      vertex 3 44.42705098312484 11.646830451114539
      vertex 3 54.57294901687516 11.646830451114539
      vertex 3 54.2797900707726 11.759363627072197
    endloop
  endfacet
  facet normal 1 0 0
    outer loop
      vertex 3 44.42705098312484 11.646830451114539
      vertex 3 54.87626492754672 11.565557197798583
      vertex 3 54.57294901687516 11.646830451114539
    endloop
  endfacet
  facet normal 1 0 0
    outer loop
      vertex 3 43.5 11.5
      vertex 3 96 3
      vertex 3 43.81358538980296 11.51643431389518
    endloop
  endfacet
  facet normal 1 0 0
    outer loop
      vertex 3 43.81358538980296 11.51643431389518
      vertex 3 96 3
      vertex 3 44.12373507245328 11.565557197798583
    endloop
  endfacet
  facet normal 1 0 0
    outer loop
      vertex 3 44.12373507245328 11.565557197798583
      vertex 3 96 3
      vertex 3 44.42705098312484 11.646830451114539
    endloop
  endfacet
  facet normal 0 0 1
    outer loop
      vertex 8.108226209427126 69.19704327236937 3
      vertex 8.4 68.96076951545868 3
      vertex 8.029179606750063 69.29465769724904 3
    endloop
  endfacet
  facet normal 0 0 1
    outer loop
      vertex 7.960769515458674 69.4 3
      vertex 8.029179606750063 69.29465769724904 3
      vertex 8.4 68.96076951545868 3
    endloop
  endfacet
  facet normal 0 0 1
    outer loop
      vertex 8.19704327236937 69.10822620942713 3
      vertex 8.294657697249033 69.02917960675006 3
      vertex 8.4 68.96076951545868 3
    endloop
  endfacet
  facet normal 0 0 1
    outer loop
      vertex 8.108226209427126 69.19704327236937 3
      vertex 8.19704327236937 69.10822620942713 3
      vertex 8.4 68.96076951545868 3
    endloop
  endfacet
  facet normal 0 0 1
    outer loop
      vertex 7.960769515458674 69.4 3
      vertex 8.4 68.96076951545868 3
      vertex 7.903745450828879 69.51191602830905 3
    endloop
  endfacet
  facet normal 0 0 1
    outer loop
      vertex 7.858732180445816 69.62917960675006 3
      vertex 7.903745450828879 69.51191602830905 3
      vertex 8.4 68.96076951545868 3
    endloop
  endfacet
  facet normal 0 0 1
    outer loop
      vertex 7.826222879119433 69.75050597101868 3
      vertex 8.4 68.96076951545868 3
      vertex 7.8065737255580725 69.87456584407882 3
    endloop
  endfacet
  facet normal 0 0 1
    outer loop
      vertex 7.8 70 3
      vertex 7.8065737255580725 69.87456584407882 3
      vertex 8.4 68.96076951545868 3
    endloop
  endfacet
  facet normal 0 0 1
    outer loop
      vertex 7.858732180445816 69.62917960675006 3
      vertex 8.4 68.96076951545868 3
      vertex 7.826222879119433 69.75050597101868 3
    endloop
  endfacet
  facet normal 0 0 1
    outer loop
      vertex 7.8 70 3
      vertex 8.4 68.96076951545868 3
      vertex 7.8065737255580725 70.12543415592118 3
    endloop
  endfacet
  facet normal 0 0 1
    outer loop
      vertex 7.8065737255580725 70.12543415592118 3
      vertex 8.4 68.96076951545868 3
      vertex 7.826222879119433 70.24949402898132 3
    endloop
  endfacet
  facet normal 0 0 1
    outer loop
      vertex 7.826222879119433 70.24949402898132 3
      vertex 8.4 68.96076951545868 3
      vertex 7.858732180445816 70.37082039324994 3
    endloop
  endfacet
  facet normal 0 0 1
    outer loop
      vertex 7.858732180445816 70.37082039324994 3
      vertex 8.4 68.96076951545868 3
      vertex 7.903745450828879 70.48808397169095 3
    endloop
  endfacet
  facet normal 0 0 1
    outer loop
      vertex 8.4 68.96076951545868 3
      vertex 8.51191602830904 68.90374545082888 3
      vertex 9.6 71.03923048454132 3
    endloop
  endfacet
  facet normal 0 0 1
    outer loop
      vertex 8.51191602830904 68.90374545082888 3
      vertex 8.629179606750064 68.85873218044581 3
      vertex 9.6 71.03923048454132 3
    endloop
  endfacet
  facet normal 0 0 1
    outer loop
      vertex 8.75050597101869 68.82622287911943 3
      vertex 9.80295672763063 70.89177379057287 3
      vertex 8.629179606750064 68.85873218044581 3
    endloop
  endfacet
  facet normal 0 0 1
    outer loop
      vertex 8.75050597101869 68.82622287911943 3
      vertex 8.874565844078816 68.80657372555807 3
      vertex 9.891773790572874 70.80295672763063 3
    endloop
  endfacet
  facet normal 0 0 1
    outer loop
      vertex 7.903745450828879 70.48808397169095 3
      vertex 8.4 68.96076951545868 3
      vertex 7.960769515458674 70.6 3
    endloop
  endfacet
  facet normal 0 0 1
    outer loop
      vertex 7.960769515458674 70.6 3
      vertex 8.4 68.96076951545868 3
      vertex 8.029179606750063 70.70534230275096 3
    endloop
  endfacet
  facet normal 0 0 1
    outer loop
      vertex 8.029179606750063 70.70534230275096 3
      vertex 8.4 68.96076951545868 3
      vertex 8.108226209427126 70.80295672763063 3
    endloop
  endfacet
  facet normal 0 0 1
    outer loop
      vertex 8.108226209427126 70.80295672763063 3
      vertex 8.4 68.96076951545868 3
      vertex 8.19704327236937 70.89177379057287 3
    endloop
  endfacet
  facet normal 0 0 1
    outer loop
      vertex 8.19704327236937 70.89177379057287 3
      vertex 8.4 68.96076951545868 3
      vertex 8.294657697249033 70.97082039324994 3
    endloop
  endfacet
  facet normal 0 0 1
    outer loop
      vertex 8.294657697249033 70.97082039324994 3
      vertex 8.4 68.96076951545868 3
      vertex 8.4 71.03923048454132 3
    endloop
  endfacet
  facet normal 0 0 1
    outer loop
      vertex 8.4 68.96076951545868 3
      vertex 8.51191602830904 71.09625454917112 3
      vertex 8.4 71.03923048454132 3
    endloop
  endfacet
  facet normal 0 0 1
    outer loop
      vertex 8.4 68.96076951545868 3
      vertex 8.629179606750064 71.14126781955419 3
      vertex 8.51191602830904 71.09625454917112 3
    endloop
  endfacet
  facet normal 0 0 1
    outer loop
      vertex 8.4 68.96076951545868 3
      vertex 8.75050597101869 71.17377712088057 3
      vertex 8.629179606750064 71.14126781955419 3
    endloop
  endfacet
  facet normal 0 0 1
    outer loop
      vertex 8.4 68.96076951545868 3
      vertex 8.874565844078816 71.19342627444193 3
      vertex 8.75050597101869 71.17377712088057 3
    endloop
  endfacet
  facet normal 0 0 1
    outer loop
      vertex 8.4 68.96076951545868 3
      vertex 9 71.2 3
      vertex 8.874565844078816 71.19342627444193 3
    endloop
  endfacet
  facet normal 0 0 1
    outer loop
      vertex 8.4 68.96076951545868 3
      vertex 9.125434155921184 71.19342627444193 3
      vertex 9 71.2 3
    endloop
  endfacet
  facet normal 0 0 1
    outer loop
      vertex 8.4 68.96076951545868 3
      vertex 9.48808397169096 71.09625454917112 3
      vertex 9.370820393249936 71.14126781955419 3
    endloop
  endfacet
  facet normal 0 0 1
    outer loop
      vertex 8.4 68.96076951545868 3
      vertex 9.6 71.03923048454132 3
      vertex 9.48808397169096 71.09625454917112 3
    endloop
  endfacet
  facet normal 0 0 1
    outer loop
      vertex 8.4 68.96076951545868 3
      vertex 9.24949402898131 71.17377712088057 3
      vertex 9.125434155921184 71.19342627444193 3
    endloop
  endfacet
  facet normal 0 0 1
    outer loop
      vertex 8.4 68.96076951545868 3
      vertex 9.370820393249936 71.14126781955419 3
      vertex 9.24949402898131 71.17377712088057 3
    endloop
  endfacet
  facet normal 0 0 1
    outer loop
      vertex 9.125434155921184 68.80657372555807 3
      vertex 9.24949402898131 68.82622287911943 3
      vertex 10.039230484541326 69.4 3
    endloop
  endfacet
  facet normal 0 0 1
    outer loop
      vertex 9 68.8 3
      vertex 9.125434155921184 68.80657372555807 3
      vertex 10.173777120880567 69.75050597101868 3
    endloop
  endfacet
  facet normal 0 0 1
    outer loop
      vertex 9.24949402898131 68.82622287911943 3
      vertex 9.370820393249936 68.85873218044581 3
      vertex 10.039230484541326 69.4 3
    endloop
  endfacet
  facet normal 0 0 1
    outer loop
      vertex 9.370820393249936 68.85873218044581 3
      vertex 9.48808397169096 68.90374545082888 3
      vertex 10.039230484541326 69.4 3
    endloop
  endfacet
  facet normal 0 0 1
    outer loop
      vertex 9.48808397169096 68.90374545082888 3
      vertex 9.6 68.96076951545868 3
      vertex 10.039230484541326 69.4 3
    endloop
  endfacet
  facet normal 0 0 1
    outer loop
      vertex 9.6 68.96076951545868 3
      vertex 9.705342302750967 69.02917960675006 3
      vertex 9.80295672763063 69.10822620942713 3
    endloop
  endfacet
  facet normal 0 0 1
    outer loop
      vertex 9.6 68.96076951545868 3
      vertex 9.80295672763063 69.10822620942713 3
      vertex 9.891773790572874 69.19704327236937 3
    endloop
  endfacet
  facet normal 0 0 1
    outer loop
      vertex 9.6 68.96076951545868 3
      vertex 9.891773790572874 69.19704327236937 3
      vertex 9.970820393249937 69.29465769724904 3
    endloop
  endfacet
  facet normal 0 0 1
    outer loop
      vertex 9.6 68.96076951545868 3
      vertex 9.970820393249937 69.29465769724904 3
      vertex 10.039230484541326 69.4 3
    endloop
  endfacet
  facet normal 0 0 1
    outer loop
      vertex 8.874565844078816 68.80657372555807 3
      vertex 9 68.8 3
      vertex 10.173777120880567 70.24949402898132 3
    endloop
  endfacet
  facet normal 0 0 1
    outer loop
      vertex 9.125434155921184 68.80657372555807 3
      vertex 10.039230484541326 69.4 3
      vertex 10.096254549171121 69.51191602830905 3
    endloop
  endfacet
  facet normal 0 0 1
    outer loop
      vertex 9.125434155921184 68.80657372555807 3
      vertex 10.096254549171121 69.51191602830905 3
      vertex 10.141267819554184 69.62917960675006 3
    endloop
  endfacet
  facet normal 0 0 1
    outer loop
      vertex 9.125434155921184 68.80657372555807 3
      vertex 10.141267819554184 69.62917960675006 3
      vertex 10.173777120880567 69.75050597101868 3
    endloop
  endfacet
  facet normal 0 0 1
    outer loop
      vertex 9 68.8 3
      vertex 10.173777120880567 69.75050597101868 3
      vertex 10.193426274441928 69.87456584407882 3
    endloop
  endfacet
  facet normal 0 0 1
    outer loop
      vertex 9 68.8 3
      vertex 10.193426274441928 69.87456584407882 3
      vertex 10.2 70 3
    endloop
  endfacet
  facet normal 0 0 1
    outer loop
      vertex 8.874565844078816 68.80657372555807 3
      vertex 10.173777120880567 70.24949402898132 3
      vertex 10.141267819554184 70.37082039324994 3
    endloop
  endfacet
  facet normal 0 0 1
    outer loop
      vertex 9 68.8 3
      vertex 10.2 70 3
      vertex 10.193426274441928 70.12543415592118 3
    endloop
  endfacet
  facet normal 0 0 1
    outer loop
      vertex 9 68.8 3
      vertex 10.193426274441928 70.12543415592118 3
      vertex 10.173777120880567 70.24949402898132 3
    endloop
  endfacet
  facet normal 0 0 1
    outer loop
      vertex 8.874565844078816 68.80657372555807 3
      vertex 10.141267819554184 70.37082039324994 3
      vertex 10.096254549171121 70.48808397169095 3
    endloop
  endfacet
  facet normal 0 0 1
    outer loop
      vertex 8.874565844078816 68.80657372555807 3
      vertex 10.096254549171121 70.48808397169095 3
      vertex 10.039230484541326 70.6 3
    endloop
  endfacet
  facet normal 0 0 1
    outer loop
      vertex 8.629179606750064 68.85873218044581 3
      vertex 9.705342302750967 70.97082039324994 3
      vertex 9.6 71.03923048454132 3
    endloop
  endfacet
  facet normal 0 0 1
    outer loop
      vertex 8.629179606750064 68.85873218044581 3
      vertex 9.80295672763063 70.89177379057287 3
      vertex 9.705342302750967 70.97082039324994 3
    endloop
  endfacet
  facet normal 0 0 1
    outer loop
      vertex 8.75050597101869 68.82622287911943 3
      vertex 9.891773790572874 70.80295672763063 3
      vertex 9.80295672763063 70.89177379057287 3
    endloop
  endfacet
  facet normal 0 0 1
    outer loop
      vertex 8.874565844078816 68.80657372555807 3
      vertex 9.970820393249937 70.70534230275096 3
      vertex 9.891773790572874 70.80295672763063 3
    endloop
  endfacet
  facet normal 0 0 1
    outer loop
      vertex 8.874565844078816 68.80657372555807 3
      vertex 10.039230484541326 70.6 3
      vertex 9.970820393249937 70.70534230275096 3
    endloop
  endfacet
  facet normal 1 0 0
    outer loop
      vertex 3 44.42705098312484 11.646830451114539
      vertex 3 96 3
      vertex 3 54.87626492754672 11.565557197798583
    endloop
  endfacet
  facet normal 1 0 0
    outer loop
      vertex 3 54.87626492754672 11.565557197798583
      vertex 3 96 3
      vertex 3 55.18641461019704 11.51643431389518
    endloop
  endfacet
  facet normal 1 0 0
    outer loop
      vertex 3 55.18641461019704 11.51643431389518
      vertex 3 96 3
      vertex 3 55.5 11.5
    endloop
  endfacet
  facet normal 1 0 0
    outer loop
      vertex 3 55.5 11.5
      vertex 3 96 3
      vertex 3 65.75 11.5
    endloop
  endfacet
  facet normal 1 0 0
    outer loop
      vertex 3 66.37373507245329 11.565557197798583
      vertex 3 76.82294901687516 11.646830451114539
      vertex 3 66.67705098312484 11.646830451114539
    endloop
  endfacet
  facet normal 1 0 0
    outer loop
      vertex 3 66.67705098312484 11.646830451114539
      vertex 3 76.5297900707726 11.759363627072197
      vertex 3 66.9702099292274 11.759363627072197
    endloop
  endfacet
  facet normal 1 0 0
    outer loop
      vertex 3 66.67705098312484 11.646830451114539
      vertex 3 76.82294901687516 11.646830451114539
      vertex 3 76.5297900707726 11.759363627072197
    endloop
  endfacet
  facet normal 1 0 0
    outer loop
      vertex 3 66.37373507245329 11.565557197798583
      vertex 3 77.12626492754673 11.565557197798583
      vertex 3 76.82294901687516 11.646830451114539
    endloop
  endfacet
  facet normal 1 0 0
    outer loop
      vertex 3 44.7202099292274 11.759363627072197
      vertex 3 54.2797900707726 11.759363627072197
      vertex 3 54 11.901923788646684
    endloop
  endfacet
  facet normal 1 0 0
    outer loop
      vertex 3 45 11.901923788646684
      vertex 3 54 11.901923788646684
      vertex 3 53.73664424312258 12.072949016875157
    endloop
  endfacet
  facet normal 1 0 0
    outer loop
      vertex 3 45.26335575687742 12.072949016875157
      vertex 3 53.73664424312258 12.072949016875157
      vertex 3 53.492608180923426 12.270565523567818
    endloop
  endfacet
  facet normal 1 0 0
    outer loop
      vertex 3 45.507391819076574 12.270565523567818
      vertex 3 53.492608180923426 12.270565523567818
      vertex 3 53.27056552356782 12.492608180923426
    endloop
  endfacet
  facet normal 1 0 0
    outer loop
      vertex 3 45.92705098312484 12.73664424312258
      vertex 3 53.07294901687516 12.73664424312258
      vertex 3 52.901923788646684 13
    endloop
  endfacet
  facet normal 1 0 0
    outer loop
      vertex 3 45.72943447643218 12.492608180923426
      vertex 3 53.27056552356782 12.492608180923426
      vertex 3 53.07294901687516 12.73664424312258
    endloop
  endfacet
  facet normal 1 0 0
    outer loop
      vertex 3 46.098076211353316 13
      vertex 3 52.901923788646684 13
      vertex 3 52.7593636270722 13.279790070772599
    endloop
  endfacet
  facet normal 1 0 0
    outer loop
      vertex 3 46.2406363729278 13.279790070772599
      vertex 3 52.7593636270722 13.279790070772599
      vertex 3 52.64683045111454 13.572949016875157
    endloop
  endfacet
  facet normal 1 0 0
    outer loop
      vertex 3 46.35316954888546 13.572949016875157
      vertex 3 52.64683045111454 13.572949016875157
      vertex 3 52.56555719779858 13.876264927546721
    endloop
  endfacet
  facet normal 1 0 0
    outer loop
      vertex 3 46.43444280220142 13.876264927546721
      vertex 3 52.56555719779858 13.876264927546721
      vertex 3 52.51643431389518 14.18641461019704
    endloop
  endfacet
  facet normal 1 0 0
    outer loop
      vertex 3 46.48356568610482 14.18641461019704
      vertex 3 52.51643431389518 14.18641461019704
      vertex 3 52.5 14.5
    endloop
  endfacet
  facet normal 1 0 0
    outer loop
      vertex 3 46.5 14.5
      vertex 3 52.5 14.5
      vertex 3 52.5 26.5
    endloop
  endfacet
  facet normal 1 0 0
    outer loop
      vertex 3 66.9702099292274 11.759363627072197
      vertex 3 76.25 11.901923788646684
      vertex 3 67.25 11.901923788646684
    endloop
  endfacet
  facet normal 1 0 0
    outer loop
      vertex 3 67.25 11.901923788646684
      vertex 3 75.98664424312258 12.072949016875157
      vertex 3 67.51335575687742 12.072949016875157
    endloop
  endfacet
  facet normal 1 0 0
    outer loop
      vertex 3 67.51335575687742 12.072949016875157
      vertex 3 75.74260818092343 12.270565523567818
      vertex 3 67.75739181907657 12.270565523567818
    endloop
  endfacet
  facet normal 1 0 0
    outer loop
      vertex 3 67.75739181907657 12.270565523567818
      vertex 3 75.52056552356781 12.492608180923426
      vertex 3 67.97943447643217 12.492608180923426
    endloop
  endfacet
  facet normal 1 0 0
    outer loop
      vertex 3 67.97943447643217 12.492608180923426
      vertex 3 75.32294901687516 12.73664424312258
      vertex 3 68.17705098312484 12.73664424312258
    endloop
  endfacet
  facet normal 1 0 0
    outer loop
      vertex 3 68.17705098312484 12.73664424312258
      vertex 3 75.15192378864668 13
      vertex 3 68.34807621135332 13
    endloop
  endfacet
  facet normal 1 0 0
    outer loop
      vertex 3 68.34807621135332 13
      vertex 3 75.00936362707219 13.279790070772599
      vertex 3 68.49063637292781 13.279790070772599
    endloop
  endfacet
  facet normal 1 0 0
    outer loop
      vertex 3 68.49063637292781 13.279790070772599
      vertex 3 74.89683045111454 13.572949016875157
      vertex 3 68.60316954888546 13.572949016875157
    endloop
  endfacet
  facet normal 1 0 0
    outer loop
      vertex 3 68.60316954888546 13.572949016875157
      vertex 3 74.81555719779858 13.876264927546721
      vertex 3 68.68444280220142 13.876264927546721
    endloop
  endfacet
  facet normal 1 0 0
    outer loop
      vertex 3 68.68444280220142 13.876264927546721
      vertex 3 74.76643431389518 14.18641461019704
      vertex 3 68.73356568610481 14.18641461019704
    endloop
  endfacet
  facet normal 1 0 0
    outer loop
      vertex 3 68.73356568610481 14.18641461019704
      vertex 3 74.75 14.5
      vertex 3 68.75 14.5
    endloop
  endfacet
  facet normal 1 0 0
    outer loop
      vertex 3 67.25 11.901923788646684
      vertex 3 76.25 11.901923788646684
      vertex 3 75.98664424312258 12.072949016875157
    endloop
  endfacet
  facet normal 1 0 0
    outer loop
      vertex 3 67.51335575687742 12.072949016875157
      vertex 3 75.98664424312258 12.072949016875157
      vertex 3 75.74260818092343 12.270565523567818
    endloop
  endfacet
  facet normal 1 0 0
    outer loop
      vertex 3 67.75739181907657 12.270565523567818
      vertex 3 75.74260818092343 12.270565523567818
      vertex 3 75.52056552356781 12.492608180923426
    endloop
  endfacet
  facet normal 1 0 0
    outer loop
      vertex 3 67.97943447643217 12.492608180923426
      vertex 3 75.52056552356781 12.492608180923426
      vertex 3 75.32294901687516 12.73664424312258
    endloop
  endfacet
  facet normal 1 0 0
    outer loop
      vertex 3 68.17705098312484 12.73664424312258
      vertex 3 75.32294901687516 12.73664424312258
      vertex 3 75.15192378864668 13
    endloop
  endfacet
  facet normal 1 0 0
    outer loop
      vertex 3 68.34807621135332 13
      vertex 3 75.15192378864668 13
      vertex 3 75.00936362707219 13.279790070772599
    endloop
  endfacet
  facet normal 1 0 0
    outer loop
      vertex 3 66.9702099292274 11.759363627072197
      vertex 3 76.5297900707726 11.759363627072197
      vertex 3 76.25 11.901923788646684
    endloop
  endfacet
  facet normal 1 0 0
    outer loop
      vertex 3 68.49063637292781 13.279790070772599
      vertex 3 75.00936362707219 13.279790070772599
      vertex 3 74.89683045111454 13.572949016875157
    endloop
  endfacet
  facet normal 1 0 0
    outer loop
      vertex 3 68.60316954888546 13.572949016875157
      vertex 3 74.89683045111454 13.572949016875157
      vertex 3 74.81555719779858 13.876264927546721
    endloop
  endfacet
  facet normal 1 0 0
    outer loop
      vertex 3 68.68444280220142 13.876264927546721
      vertex 3 74.81555719779858 13.876264927546721
      vertex 3 74.76643431389518 14.18641461019704
    endloop
  endfacet
  facet normal 1 0 0
    outer loop
      vertex 3 68.73356568610481 14.18641461019704
      vertex 3 74.76643431389518 14.18641461019704
      vertex 3 74.75 14.5
    endloop
  endfacet
  facet normal 1 0 0
    outer loop
      vertex 3 68.75 14.5
      vertex 3 74.75 14.5
      vertex 3 74.75 26.5
    endloop
  endfacet
  facet normal 1 0 0
    outer loop
      vertex 3 68.75 14.5
      vertex 3 74.75 26.5
      vertex 3 68.75 26.5
    endloop
  endfacet
  facet normal 0 0 1
    outer loop
      vertex 3 96 3
      vertex 6.01643431389518 69.68641461019703 3
      vertex 6 70 3
    endloop
  endfacet
  facet normal 0 0 1
    outer loop
      vertex 3 96 3
      vertex 6 70 3
      vertex 6.01643431389518 70.31358538980297 3
    endloop
  endfacet
  facet normal 0 0 1
    outer loop
      vertex 3 96 3
      vertex 6.01643431389518 70.31358538980297 3
      vertex 6.065557197798583 70.62373507245327 3
    endloop
  endfacet
  facet normal 0 0 1
    outer loop
      vertex 3 96 3
      vertex 6.065557197798583 70.62373507245327 3
      vertex 6.146830451114539 70.92705098312484 3
    endloop
  endfacet
  facet normal 0 0 1
    outer loop
      vertex 3 96 3
      vertex 6.146830451114539 70.92705098312484 3
      vertex 6.259363627072197 71.2202099292274 3
    endloop
  endfacet
  facet normal 0 0 1
    outer loop
      vertex 3 96 3
      vertex 6.259363627072197 71.2202099292274 3
      vertex 6.401923788646684 71.5 3
    endloop
  endfacet
  facet normal 0 0 1
    outer loop
      vertex 3 96 3
      vertex 6.401923788646684 71.5 3
      vertex 6.572949016875158 71.76335575687742 3
    endloop
  endfacet
  facet normal 0 0 1
    outer loop
      vertex 3 96 3
      vertex 6.572949016875158 71.76335575687742 3
      vertex 6.770565523567817 72.00739181907657 3
    endloop
  endfacet
  facet normal 0 0 1
    outer loop
      vertex 3 96 3
      vertex 6.770565523567817 72.00739181907657 3
      vertex 6.992608180923425 72.22943447643219 3
    endloop
  endfacet
  facet normal 0 0 1
    outer loop
      vertex 3 96 3
      vertex 6.992608180923425 72.22943447643219 3
      vertex 7.236644243122581 72.42705098312484 3
    endloop
  endfacet
  facet normal 0 0 1
    outer loop
      vertex 3 96 3
      vertex 7.236644243122581 72.42705098312484 3
      vertex 7.5 72.59807621135332 3
    endloop
  endfacet
  facet normal 0 0 1
    outer loop
      vertex 3 96 3
      vertex 7.5 72.59807621135332 3
      vertex 7.7797900707725995 72.74063637292781 3
    endloop
  endfacet
  facet normal 0 0 1
    outer loop
      vertex 3 96 3
      vertex 7.7797900707725995 72.74063637292781 3
      vertex 8.072949016875157 72.85316954888546 3
    endloop
  endfacet
  facet normal 0 0 1
    outer loop
      vertex 3 96 3
      vertex 8.072949016875157 72.85316954888546 3
      vertex 8.376264927546721 72.93444280220142 3
    endloop
  endfacet
  facet normal 0 0 1
    outer loop
      vertex 3 96 3
      vertex 8.376264927546721 72.93444280220142 3
      vertex 8.68641461019704 72.98356568610482 3
    endloop
  endfacet
  facet normal 0 0 1
    outer loop
      vertex 3 96 3
      vertex 8.68641461019704 72.98356568610482 3
      vertex 9 73 3
    endloop
  endfacet
  facet normal 0 0 1
    outer loop
      vertex 3 96 3
      vertex 9 73 3
      vertex 9.31358538980296 72.98356568610482 3
    endloop
  endfacet
  facet normal 0 0 1
    outer loop
      vertex 3 96 3
      vertex 9.31358538980296 72.98356568610482 3
      vertex 9.623735072453279 72.93444280220142 3
    endloop
  endfacet
  facet normal 0 0 1
    outer loop
      vertex 3 96 3
      vertex 9.623735072453279 72.93444280220142 3
      vertex 9.927050983124843 72.85316954888546 3
    endloop
  endfacet
  facet normal 0 0 1
    outer loop
      vertex 3 96 3
      vertex 9.927050983124843 72.85316954888546 3
      vertex 10.220209929227401 72.74063637292781 3
    endloop
  endfacet
  facet normal 0 0 1
    outer loop
      vertex 3 96 3
      vertex 10.76335575687742 72.42705098312484 3
      vertex 11.007391819076574 72.22943447643219 3
    endloop
  endfacet
  facet normal 0 0 1
    outer loop
      vertex 3 96 3
      vertex 11.007391819076574 72.22943447643219 3
      vertex 11.229434476432182 72.00739181907657 3
    endloop
  endfacet
  facet normal 0 0 1
    outer loop
      vertex 3 96 3
      vertex 10.220209929227401 72.74063637292781 3
      vertex 10.5 72.59807621135332 3
    endloop
  endfacet
  facet normal 0 0 1
    outer loop
      vertex 3 96 3
      vertex 10.5 72.59807621135332 3
      vertex 10.76335575687742 72.42705098312484 3
    endloop
  endfacet
  facet normal 0 0 1
    outer loop
      vertex 3 96 3
      vertex 11.427050983124843 71.76335575687742 3
      vertex 11.598076211353316 71.5 3
    endloop
  endfacet
  facet normal 0 0 1
    outer loop
      vertex 3 96 3
      vertex 11.229434476432182 72.00739181907657 3
      vertex 11.427050983124843 71.76335575687742 3
    endloop
  endfacet
  facet normal 1 0 0
    outer loop
      vertex 3 65.75 11.5
      vertex 3 96 3
      vertex 3 66.06358538980297 11.51643431389518
    endloop
  endfacet
  facet normal 1 0 0
    outer loop
      vertex 3 66.06358538980297 11.51643431389518
      vertex 3 96 3
      vertex 3 66.37373507245329 11.565557197798583
    endloop
  endfacet
  facet normal 1 0 0
    outer loop
      vertex 3 66.37373507245329 11.565557197798583
      vertex 3 96 3
      vertex 3 77.12626492754673 11.565557197798583
    endloop
  endfacet
  facet normal 1 0 0
    outer loop
      vertex 3 77.12626492754673 11.565557197798583
      vertex 3 96 3
      vertex 3 77.43641461019703 11.51643431389518
    endloop
  endfacet
  facet normal 1 0 0
    outer loop
      vertex 3 77.43641461019703 11.51643431389518
      vertex 3 96 3
      vertex 3 77.75 11.5
    endloop
  endfacet
  facet normal 1 0 0
    outer loop
      vertex 3 77.75 11.5
      vertex 3 96 3
      vertex 3 88 11.5
    endloop
  endfacet
  facet normal 1 0 0
    outer loop
      vertex 3 96 3
      vertex 3 88.31358538980297 11.51643431389518
      vertex 3 88 11.5
    endloop
  endfacet
  facet normal 1 0 0
    outer loop
      vertex 3 96 3
      vertex 3 88.62373507245329 11.565557197798583
      vertex 3 88.31358538980297 11.51643431389518
    endloop
  endfacet
  facet normal 1 0 0
    outer loop
      vertex 3 96 3
      vertex 3 88.92705098312484 11.646830451114539
      vertex 3 88.62373507245329 11.565557197798583
    endloop
  endfacet
  facet normal 1 0 0
    outer loop
      vertex 3 96 3
      vertex 3 89.2202099292274 11.759363627072197
      vertex 3 88.92705098312484 11.646830451114539
    endloop
  endfacet
  facet normal 1 0 0
    outer loop
      vertex 3 96 3
      vertex 3 89.5 11.901923788646684
      vertex 3 89.2202099292274 11.759363627072197
    endloop
  endfacet
  facet normal 1 0 0
    outer loop
      vertex 3 96 3
      vertex 3 89.76335575687742 12.072949016875157
      vertex 3 89.5 11.901923788646684
    endloop
  endfacet
  facet normal 1 0 0
    outer loop
      vertex 3 96 3
      vertex 3 90.00739181907657 12.270565523567818
      vertex 3 89.76335575687742 12.072949016875157
    endloop
  endfacet
  facet normal 1 0 0
    outer loop
      vertex 3 96 3
      vertex 3 90.22943447643217 12.492608180923426
      vertex 3 90.00739181907657 12.270565523567818
    endloop
  endfacet
  facet normal 1 0 0
    outer loop
      vertex 3 96 3
      vertex 3 90.42705098312484 12.73664424312258
      vertex 3 90.22943447643217 12.492608180923426
    endloop
  endfacet
  facet normal 1 0 0
    outer loop
      vertex 3 96 3
      vertex 3 90.59807621135332 13
      vertex 3 90.42705098312484 12.73664424312258
    endloop
  endfacet
  facet normal 1 0 0
    outer loop
      vertex 3 96 3
      vertex 3 90.74063637292781 13.279790070772599
      vertex 3 90.59807621135332 13
    endloop
  endfacet
  facet normal 1 0 0
    outer loop
      vertex 3 96 3
      vertex 3 90.85316954888546 13.572949016875157
      vertex 3 90.74063637292781 13.279790070772599
    endloop
  endfacet
  facet normal 1 0 0
    outer loop
      vertex 3 96 3
      vertex 3 90.93444280220142 13.876264927546721
      vertex 3 90.85316954888546 13.572949016875157
    endloop
  endfacet
  facet normal 1 0 0
    outer loop
      vertex 3 96 3
      vertex 3 90.98356568610481 14.18641461019704
      vertex 3 90.93444280220142 13.876264927546721
    endloop
  endfacet
  facet normal 1 0 0
    outer loop
      vertex 3 96 3
      vertex 3 91 14.5
      vertex 3 90.98356568610481 14.18641461019704
    endloop
  endfacet
  facet normal 0 -1 0
    outer loop
      vertex 3 96 3
      vertex 5.972949016875158 96 11.646830451114539
      vertex 5.6797900707726 96 11.759363627072197
    endloop
  endfacet
  facet normal 0 -1 0
    outer loop
      vertex 3 96 3
      vertex 6.276264927546722 96 11.565557197798583
      vertex 5.972949016875158 96 11.646830451114539
    endloop
  endfacet
  facet normal 0 -1 0
    outer loop
      vertex 3 96 3
      vertex 6.58641461019704 96 11.51643431389518
      vertex 6.276264927546722 96 11.565557197798583
    endloop
  endfacet
  facet normal 0 -1 0
    outer loop
      vertex 3 96 3
      vertex 6.9 96 11.5
      vertex 6.58641461019704 96 11.51643431389518
    endloop
  endfacet
  facet normal 0 -1 0
    outer loop
      vertex 3 96 3
      vertex 5.4 96 11.901923788646684
      vertex 5.136644243122581 96 12.072949016875157
    endloop
  endfacet
  facet normal 0 -1 0
    outer loop
      vertex 3 96 3
      vertex 5.136644243122581 96 12.072949016875157
      vertex 4.892608180923426 96 12.270565523567818
    endloop
  endfacet
  facet normal 0 -1 0
    outer loop
      vertex 3 96 3
      vertex 4.892608180923426 96 12.270565523567818
      vertex 4.670565523567817 96 12.492608180923426
    endloop
  endfacet
  facet normal 0 -1 0
    outer loop
      vertex 3 96 3
      vertex 4.670565523567817 96 12.492608180923426
      vertex 4.472949016875158 96 12.73664424312258
    endloop
  endfacet
  facet normal 0 -1 0
    outer loop
      vertex 3 96 3
      vertex 4.301923788646684 96 13
      vertex 4.159363627072198 96 13.279790070772599
    endloop
  endfacet
  facet normal 0 -1 0
    outer loop
      vertex 3 96 3
      vertex 4.159363627072198 96 13.279790070772599
      vertex 4.046830451114539 96 13.572949016875157
    endloop
  endfacet
  facet normal 0 -1 0
    outer loop
      vertex 3 96 3
      vertex 4.046830451114539 96 13.572949016875157
      vertex 3.9655571977985833 96 13.876264927546721
    endloop
  endfacet
  facet normal 0 -1 0
    outer loop
      vertex 3 96 3
      vertex 4.472949016875158 96 12.73664424312258
      vertex 4.301923788646684 96 13
    endloop
  endfacet
  facet normal 0 -1 0
    outer loop
      vertex 3 96 3
      vertex 5.6797900707726 96 11.759363627072197
      vertex 5.4 96 11.901923788646684
    endloop
  endfacet
  facet normal 0 -1 0
    outer loop
      vertex 3 96 3
      vertex 3.9655571977985833 96 13.876264927546721
      vertex 3.9164343138951807 96 14.18641461019704
    endloop
  endfacet
  facet normal 0 -1 0
    outer loop
      vertex 3 96 3
      vertex 3.9164343138951807 96 14.18641461019704
      vertex 3.9000000000000004 96 14.5
    endloop
  endfacet
  facet normal 0 -1 0
    outer loop
      vertex 3 96 3
      vertex 18.9 96 11.5
      vertex 6.9 96 11.5
    endloop
  endfacet
  facet normal 0 0 1
    outer loop
      vertex 3 96 3
      vertex 11.598076211353316 71.5 3
      vertex 55.401923788646684 71.5 3
    endloop
  endfacet
  facet normal 0 -1 0
    outer loop
      vertex 3 96 3
      vertex 19.21358538980296 96 11.51643431389518
      vertex 18.9 96 11.5
    endloop
  endfacet
  facet normal 0 -1 0
    outer loop
      vertex 3 96 3
      vertex 19.523735072453277 96 11.565557197798583
      vertex 19.21358538980296 96 11.51643431389518
    endloop
  endfacet
  facet normal 0 -1 0
    outer loop
      vertex 3 96 3
      vertex 19.827050983124842 96 11.646830451114539
      vertex 19.523735072453277 96 11.565557197798583
    endloop
  endfacet
  facet normal 0 -1 0
    outer loop
      vertex 3 96 3
      vertex 20.1202099292274 96 11.759363627072197
      vertex 19.827050983124842 96 11.646830451114539
    endloop
  endfacet
  facet normal 0 -1 0
    outer loop
      vertex 3 96 3
      vertex 20.4 96 11.901923788646684
      vertex 20.1202099292274 96 11.759363627072197
    endloop
  endfacet
  facet normal 1 0 0
    outer loop
      vertex 3 96 3
      vertex 3 91 26.5
      vertex 3 91 14.5
    endloop
  endfacet
  facet normal 1 0 0
    outer loop
      vertex 3 96 3
      vertex 3 90.98356568610481 26.81358538980296
      vertex 3 91 26.5
    endloop
  endfacet
  facet normal 0 -1 0
    outer loop
      vertex 3 96 3
      vertex 3.9000000000000004 96 14.5
      vertex 3 96 47
    endloop
  endfacet
  facet normal 0 0 1
    outer loop
      vertex 9.623735072453279 67.06555719779858 3
      vertex 57.37626492754672 67.06555719779858 3
      vertex 9.927050983124843 67.14683045111454 3
    endloop
  endfacet
  facet normal 0 0 1
    outer loop
      vertex 9.927050983124843 67.14683045111454 3
      vertex 57.07294901687516 67.14683045111454 3
      vertex 10.220209929227401 67.25936362707219 3
    endloop
  endfacet
  facet normal 0 0 1
    outer loop
      vertex 10.220209929227401 67.25936362707219 3
      vertex 56.7797900707726 67.25936362707219 3
      vertex 10.5 67.40192378864668 3
    endloop
  endfacet
  facet normal 0 0 1
    outer loop
      vertex 10.5 67.40192378864668 3
      vertex 56.5 67.40192378864668 3
      vertex 10.76335575687742 67.57294901687516 3
    endloop
  endfacet
  facet normal 0 0 1
    outer loop
      vertex 10.76335575687742 67.57294901687516 3
      vertex 55.992608180923426 67.77056552356781 3
      vertex 11.007391819076574 67.77056552356781 3
    endloop
  endfacet
  facet normal 0 0 1
    outer loop
      vertex 11.007391819076574 67.77056552356781 3
      vertex 55.992608180923426 67.77056552356781 3
      vertex 11.229434476432182 67.99260818092343 3
    endloop
  endfacet
  facet normal 0 0 1
    outer loop
      vertex 11.229434476432182 67.99260818092343 3
      vertex 55.77056552356782 67.99260818092343 3
      vertex 11.427050983124843 68.23664424312258 3
    endloop
  endfacet
  facet normal 0 0 1
    outer loop
      vertex 11.427050983124843 68.23664424312258 3
      vertex 55.57294901687516 68.23664424312258 3
      vertex 11.598076211353316 68.5 3
    endloop
  endfacet
  facet normal 0 0 1
    outer loop
      vertex 11.598076211353316 68.5 3
      vertex 55.401923788646684 68.5 3
      vertex 11.740636372927803 68.7797900707726 3
    endloop
  endfacet
  facet normal 0 0 1
    outer loop
      vertex 11.740636372927803 68.7797900707726 3
      vertex 55.2593636270722 68.7797900707726 3
      vertex 11.853169548885461 69.07294901687516 3
    endloop
  endfacet
  facet normal 0 0 1
    outer loop
      vertex 11.853169548885461 70.92705098312484 3
      vertex 11.934442802201417 70.62373507245327 3
      vertex 55.06555719779858 70.62373507245327 3
    endloop
  endfacet
  facet normal 0 0 1
    outer loop
      vertex 11.853169548885461 70.92705098312484 3
      vertex 55.14683045111454 70.92705098312484 3
      vertex 11.740636372927803 71.2202099292274 3
    endloop
  endfacet
  facet normal 0 0 1
    outer loop
      vertex 11.598076211353316 71.5 3
      vertex 11.740636372927803 71.2202099292274 3
      vertex 55.2593636270722 71.2202099292274 3
    endloop
  endfacet
  facet normal 0 0 1
    outer loop
      vertex 11.853169548885461 69.07294901687516 3
      vertex 55.14683045111454 69.07294901687516 3
      vertex 11.934442802201417 69.37626492754673 3
    endloop
  endfacet
  facet normal 0 0 1
    outer loop
      vertex 11.934442802201417 69.37626492754673 3
      vertex 55.06555719779858 69.37626492754673 3
      vertex 11.98356568610482 69.68641461019703 3
    endloop
  endfacet
  facet normal 0 0 1
    outer loop
      vertex 11.98356568610482 69.68641461019703 3
      vertex 55 70 3
      vertex 12 70 3
    endloop
  endfacet
  facet normal 0 0 1
    outer loop
      vertex 12 70 3
      vertex 55 70 3
      vertex 11.98356568610482 70.31358538980297 3
    endloop
  endfacet
  facet normal 0 0 1
    outer loop
      vertex 11.98356568610482 70.31358538980297 3
      vertex 55.06555719779858 70.62373507245327 3
      vertex 11.934442802201417 70.62373507245327 3
    endloop
  endfacet
  facet normal 0 0 1
    outer loop
      vertex 11.740636372927803 13.220209929227401 3
      vertex 60.007391819076574 67.77056552356781 3
      vertex 59.76335575687742 67.57294901687516 3
    endloop
  endfacet
  facet normal 0 0 1
    outer loop
      vertex 11.740636372927803 13.220209929227401 3
      vertex 60.22943447643218 67.99260818092343 3
      vertex 60.007391819076574 67.77056552356781 3
    endloop
  endfacet
  facet normal 0 0 1
    outer loop
      vertex 11.427050983124843 68.23664424312258 3
      vertex 55.77056552356782 67.99260818092343 3
      vertex 55.57294901687516 68.23664424312258 3
    endloop
  endfacet
  facet normal 0 0 1
    outer loop
      vertex 11.598076211353316 68.5 3
      vertex 55.57294901687516 68.23664424312258 3
      vertex 55.401923788646684 68.5 3
    endloop
  endfacet
  facet normal 0 0 1
    outer loop
      vertex 10.220209929227401 67.25936362707219 3
      vertex 57.07294901687516 67.14683045111454 3
      vertex 56.7797900707726 67.25936362707219 3
    endloop
  endfacet
  facet normal 0 0 1
    outer loop
      vertex 10.76335575687742 67.57294901687516 3
      vertex 56.23664424312258 67.57294901687516 3
      vertex 55.992608180923426 67.77056552356781 3
    endloop
  endfacet
  facet normal 0 0 1
    outer loop
      vertex 10.76335575687742 67.57294901687516 3
      vertex 56.5 67.40192378864668 3
      vertex 56.23664424312258 67.57294901687516 3
    endloop
  endfacet
  facet normal 0 0 1
    outer loop
      vertex 10.5 67.40192378864668 3
      vertex 56.7797900707726 67.25936362707219 3
      vertex 56.5 67.40192378864668 3
    endloop
  endfacet
  facet normal 0 0 1
    outer loop
      vertex 9.927050983124843 67.14683045111454 3
      vertex 57.37626492754672 67.06555719779858 3
      vertex 57.07294901687516 67.14683045111454 3
    endloop
  endfacet
  facet normal 0 0 1
    outer loop
      vertex 11.229434476432182 67.99260818092343 3
      vertex 55.992608180923426 67.77056552356781 3
      vertex 55.77056552356782 67.99260818092343 3
    endloop
  endfacet
  facet normal 0 0 1
    outer loop
      vertex 11.740636372927803 68.7797900707726 3
      vertex 55.401923788646684 68.5 3
      vertex 55.2593636270722 68.7797900707726 3
    endloop
  endfacet
  facet normal 0 0 1
    outer loop
      vertex 11.853169548885461 69.07294901687516 3
      vertex 55.2593636270722 68.7797900707726 3
      vertex 55.14683045111454 69.07294901687516 3
    endloop
  endfacet
  facet normal 0 0 1
    outer loop
      vertex 11.934442802201417 69.37626492754673 3
      vertex 55.14683045111454 69.07294901687516 3
      vertex 55.06555719779858 69.37626492754673 3
    endloop
  endfacet
  facet normal 0 0 1
    outer loop
      vertex 11.98356568610482 69.68641461019703 3
      vertex 55.06555719779858 69.37626492754673 3
      vertex 55.01643431389518 69.68641461019703 3
    endloop
  endfacet
  facet normal 0 0 1
    outer loop
      vertex 11.98356568610482 69.68641461019703 3
      vertex 55.01643431389518 69.68641461019703 3
      vertex 55 70 3
    endloop
  endfacet
  facet normal 0 0 1
    outer loop
      vertex 11.98356568610482 70.31358538980297 3
      vertex 55 70 3
      vertex 55.01643431389518 70.31358538980297 3
    endloop
  endfacet
  facet normal 0 0 1
    outer loop
      vertex 11.98356568610482 70.31358538980297 3
      vertex 55.01643431389518 70.31358538980297 3
      vertex 55.06555719779858 70.62373507245327 3
    endloop
  endfacet
  facet normal 0 0 1
    outer loop
      vertex 11.853169548885461 70.92705098312484 3
      vertex 55.06555719779858 70.62373507245327 3
      vertex 55.14683045111454 70.92705098312484 3
    endloop
  endfacet
  facet normal 0 0 1
    outer loop
      vertex 11.740636372927803 71.2202099292274 3
      vertex 55.14683045111454 70.92705098312484 3
      vertex 55.2593636270722 71.2202099292274 3
    endloop
  endfacet
  facet normal 0 0 1
    outer loop
      vertex 11.598076211353316 71.5 3
      vertex 55.2593636270722 71.2202099292274 3
      vertex 55.401923788646684 71.5 3
    endloop
  endfacet
  facet normal 0 0 1
    outer loop
      vertex 3 96 3
      vertex 55.401923788646684 71.5 3
      vertex 55.57294901687516 71.76335575687742 3
    endloop
  endfacet
  facet normal 0 0 1
    outer loop
      vertex 3 96 3
      vertex 55.57294901687516 71.76335575687742 3
      vertex 55.77056552356782 72.00739181907657 3
    endloop
  endfacet
  facet normal 0 0 1
    outer loop
      vertex 3 96 3
      vertex 55.77056552356782 72.00739181907657 3
      vertex 55.992608180923426 72.22943447643219 3
    endloop
  endfacet
  facet normal 0 0 1
    outer loop
      vertex 3 96 3
      vertex 55.992608180923426 72.22943447643219 3
      vertex 56.23664424312258 72.42705098312484 3
    endloop
  endfacet
  facet normal 0 0 1
    outer loop
      vertex 3 96 3
      vertex 56.23664424312258 72.42705098312484 3
      vertex 56.5 72.59807621135332 3
    endloop
  endfacet
  facet normal 0 0 1
    outer loop
      vertex 3 96 3
      vertex 56.5 72.59807621135332 3
      vertex 56.7797900707726 72.74063637292781 3
    endloop
  endfacet
  facet normal 0 0 1
    outer loop
      vertex 3 96 3
      vertex 56.7797900707726 72.74063637292781 3
      vertex 57.07294901687516 72.85316954888546 3
    endloop
  endfacet
  facet normal 0 0 1
    outer loop
      vertex 3 96 3
      vertex 57.07294901687516 72.85316954888546 3
      vertex 57.37626492754672 72.93444280220142 3
    endloop
  endfacet
  facet normal 0 0 1
    outer loop
      vertex 3 96 3
      vertex 57.37626492754672 72.93444280220142 3
      vertex 57.68641461019704 72.98356568610482 3
    endloop
  endfacet
  facet normal 0 0 1
    outer loop
      vertex 3 96 3
      vertex 57.68641461019704 72.98356568610482 3
      vertex 58 73 3
    endloop
  endfacet
  facet normal 0 0 1
    outer loop
      vertex 3 96 3
      vertex 58 73 3
      vertex 58.31358538980296 72.98356568610482 3
    endloop
  endfacet
  facet normal 0 0 1
    outer loop
      vertex 3 96 3
      vertex 58.31358538980296 72.98356568610482 3
      vertex 58.62373507245328 72.93444280220142 3
    endloop
  endfacet
  facet normal 0 0 1
    outer loop
      vertex 3 96 3
      vertex 58.62373507245328 72.93444280220142 3
      vertex 58.92705098312484 72.85316954888546 3
    endloop
  endfacet
  facet normal 0 0 1
    outer loop
      vertex 3 96 3
      vertex 58.92705098312484 72.85316954888546 3
      vertex 59.2202099292274 72.74063637292781 3
    endloop
  endfacet
  facet normal 0 -1 0
    outer loop
      vertex 3 96 3
      vertex 96 96 3
      vertex 20.4 96 11.901923788646684
    endloop
  endfacet
  facet normal 0 -1 0
    outer loop
      vertex 20.4 96 11.901923788646684
      vertex 96 96 3
      vertex 20.663355756877422 96 12.072949016875157
    endloop
  endfacet
  facet normal 0 -1 0
    outer loop
      vertex 20.663355756877422 96 12.072949016875157
      vertex 96 96 3
      vertex 20.907391819076572 96 12.270565523567818
    endloop
  endfacet
  facet normal 0 -1 0
    outer loop
      vertex 20.907391819076572 96 12.270565523567818
      vertex 96 96 3
      vertex 21.12943447643218 96 12.492608180923426
    endloop
  endfacet
  facet normal 0 -1 0
    outer loop
      vertex 21.12943447643218 96 12.492608180923426
      vertex 96 96 3
      vertex 21.327050983124842 96 12.73664424312258
    endloop
  endfacet
  facet normal 0 -1 0
    outer loop
      vertex 21.327050983124842 96 12.73664424312258
      vertex 96 96 3
      vertex 21.498076211353315 96 13
    endloop
  endfacet
  facet normal 0 -1 0
    outer loop
      vertex 21.498076211353315 96 13
      vertex 96 96 3
      vertex 21.6406363729278 96 13.279790070772599
    endloop
  endfacet
  facet normal 0 -1 0
    outer loop
      vertex 21.6406363729278 96 13.279790070772599
      vertex 96 96 3
      vertex 21.75316954888546 96 13.572949016875157
    endloop
  endfacet
  facet normal 0 -1 0
    outer loop
      vertex 21.75316954888546 96 13.572949016875157
      vertex 96 96 3
      vertex 21.834442802201416 96 13.876264927546721
    endloop
  endfacet
  facet normal 0 -1 0
    outer loop
      vertex 21.834442802201416 96 13.876264927546721
      vertex 96 96 3
      vertex 21.883565686104816 96 14.18641461019704
    endloop
  endfacet
  facet normal 0 -1 0
    outer loop
      vertex 21.883565686104816 96 14.18641461019704
      vertex 96 96 3
      vertex 21.9 96 14.5
    endloop
  endfacet
  facet normal 0 -1 0
    outer loop
      vertex 21.9 96 14.5
      vertex 96 96 3
      vertex 21.9 96 26.5
    endloop
  endfacet
  facet normal 0 -1 0
    outer loop
      vertex 21.6406363729278 96 27.7202099292274
      vertex 96 96 3
      vertex 21.498076211353315 96 28
    endloop
  endfacet
  facet normal 0 -1 0
    outer loop
      vertex 21.498076211353315 96 28
      vertex 96 96 3
      vertex 21.327050983124842 96 28.26335575687742
    endloop
  endfacet
  facet normal 0 -1 0
    outer loop
      vertex 19.827050983124842 96 29.35316954888546
      vertex 20.1202099292274 96 29.240636372927803
      vertex 96 96 3
    endloop
  endfacet
  facet normal 0 -1 0
    outer loop
      vertex 20.4 96 29.098076211353316
      vertex 96 96 3
      vertex 20.1202099292274 96 29.240636372927803
    endloop
  endfacet
  facet normal 0 -1 0
    outer loop
      vertex 21.12943447643218 96 28.507391819076574
      vertex 96 96 3
      vertex 20.907391819076572 96 28.729434476432182
    endloop
  endfacet
  facet normal 0 -1 0
    outer loop
      vertex 21.327050983124842 96 28.26335575687742
      vertex 96 96 3
      vertex 21.12943447643218 96 28.507391819076574
    endloop
  endfacet
  facet normal 0 -1 0
    outer loop
      vertex 20.663355756877422 96 28.927050983124843
      vertex 96 96 3
      vertex 20.4 96 29.098076211353316
    endloop
  endfacet
  facet normal 0 -1 0
    outer loop
      vertex 20.663355756877422 96 28.927050983124843
      vertex 20.907391819076572 96 28.729434476432182
      vertex 96 96 3
    endloop
  endfacet
  facet normal 0 -1 0
    outer loop
      vertex 21.9 96 26.5
      vertex 96 96 3
      vertex 21.883565686104816 96 26.81358538980296
    endloop
  endfacet
  facet normal 0 -1 0
    outer loop
      vertex 21.883565686104816 96 26.81358538980296
      vertex 96 96 3
      vertex 21.834442802201416 96 27.12373507245328
    endloop
  endfacet
  facet normal 0 -1 0
    outer loop
      vertex 21.834442802201416 96 27.12373507245328
      vertex 96 96 3
      vertex 21.75316954888546 96 27.427050983124843
    endloop
  endfacet
  facet normal 0 -1 0
    outer loop
      vertex 21.6406363729278 96 27.7202099292274
      vertex 21.75316954888546 96 27.427050983124843
      vertex 96 96 3
    endloop
  endfacet
  facet normal 1 0 0
    outer loop
      vertex 3 46.5 26.5
      vertex 3 52.5 26.5
      vertex 3 52.51643431389518 26.81358538980296
    endloop
  endfacet
  facet normal 1 0 0
    outer loop
      vertex 3 46.5 26.5
      vertex 3 52.51643431389518 26.81358538980296
      vertex 3 52.56555719779858 27.12373507245328
    endloop
  endfacet
  facet normal 1 0 0
    outer loop
      vertex 3 46.5 26.5
      vertex 3 52.56555719779858 27.12373507245328
      vertex 3 52.64683045111454 27.427050983124843
    endloop
  endfacet
  facet normal 1 0 0
    outer loop
      vertex 3 46.5 26.5
      vertex 3 52.64683045111454 27.427050983124843
      vertex 3 52.7593636270722 27.7202099292274
    endloop
  endfacet
  facet normal 1 0 0
    outer loop
      vertex 3 46.5 26.5
      vertex 3 52.7593636270722 27.7202099292274
      vertex 3 52.901923788646684 28
    endloop
  endfacet
  facet normal 1 0 0
    outer loop
      vertex 3 46.5 26.5
      vertex 3 52.901923788646684 28
      vertex 3 53.07294901687516 28.26335575687742
    endloop
  endfacet
  facet normal 1 0 0
    outer loop
      vertex 3 46.5 26.5
      vertex 3 53.07294901687516 28.26335575687742
      vertex 3 53.27056552356782 28.507391819076574
    endloop
  endfacet
  facet normal 1 0 0
    outer loop
      vertex 3 45.72943447643218 28.507391819076574
      vertex 3 53.27056552356782 28.507391819076574
      vertex 3 53.492608180923426 28.729434476432182
    endloop
  endfacet
  facet normal 1 0 0
    outer loop
      vertex 3 45.507391819076574 28.729434476432182
      vertex 3 53.492608180923426 28.729434476432182
      vertex 3 53.73664424312258 28.927050983124843
    endloop
  endfacet
  facet normal 1 0 0
    outer loop
      vertex 3 45.26335575687742 28.927050983124843
      vertex 3 53.73664424312258 28.927050983124843
      vertex 3 54 29.098076211353316
    endloop
  endfacet
  facet normal 1 0 0
    outer loop
      vertex 3 68.75 26.5
      vertex 3 74.76643431389518 26.81358538980296
      vertex 3 68.73356568610481 26.81358538980296
    endloop
  endfacet
  facet normal 1 0 0
    outer loop
      vertex 3 68.73356568610481 26.81358538980296
      vertex 3 74.81555719779858 27.12373507245328
      vertex 3 68.68444280220142 27.12373507245328
    endloop
  endfacet
  facet normal 1 0 0
    outer loop
      vertex 3 68.68444280220142 27.12373507245328
      vertex 3 74.89683045111454 27.427050983124843
      vertex 3 68.60316954888546 27.427050983124843
    endloop
  endfacet
  facet normal 1 0 0
    outer loop
      vertex 3 68.60316954888546 27.427050983124843
      vertex 3 75.00936362707219 27.7202099292274
      vertex 3 68.49063637292781 27.7202099292274
    endloop
  endfacet
  facet normal 1 0 0
    outer loop
      vertex 3 68.49063637292781 27.7202099292274
      vertex 3 75.15192378864668 28
      vertex 3 68.34807621135332 28
    endloop
  endfacet
  facet normal 1 0 0
    outer loop
      vertex 3 68.34807621135332 28
      vertex 3 75.32294901687516 28.26335575687742
      vertex 3 68.17705098312484 28.26335575687742
    endloop
  endfacet
  facet normal 1 0 0
    outer loop
      vertex 3 67.97943447643217 28.507391819076574
      vertex 3 68.17705098312484 28.26335575687742
      vertex 3 75.52056552356781 28.507391819076574
    endloop
  endfacet
  facet normal 1 0 0
    outer loop
      vertex 3 67.97943447643217 28.507391819076574
      vertex 3 75.74260818092343 28.729434476432182
      vertex 3 67.75739181907657 28.729434476432182
    endloop
  endfacet
  facet normal 1 0 0
    outer loop
      vertex 3 67.51335575687742 28.927050983124843
      vertex 3 67.75739181907657 28.729434476432182
      vertex 3 75.98664424312258 28.927050983124843
    endloop
  endfacet
  facet normal 1 0 0
    outer loop
      vertex 3 68.75 26.5
      vertex 3 74.75 26.5
      vertex 3 74.76643431389518 26.81358538980296
    endloop
  endfacet
  facet normal 1 0 0
    outer loop
      vertex 3 68.73356568610481 26.81358538980296
      vertex 3 74.76643431389518 26.81358538980296
      vertex 3 74.81555719779858 27.12373507245328
    endloop
  endfacet
  facet normal 1 0 0
    outer loop
      vertex 3 68.68444280220142 27.12373507245328
      vertex 3 74.81555719779858 27.12373507245328
      vertex 3 74.89683045111454 27.427050983124843
    endloop
  endfacet
  facet normal 1 0 0
    outer loop
      vertex 3 68.60316954888546 27.427050983124843
      vertex 3 74.89683045111454 27.427050983124843
      vertex 3 75.00936362707219 27.7202099292274
    endloop
  endfacet
  facet normal 1 0 0
    outer loop
      vertex 3 68.49063637292781 27.7202099292274
      vertex 3 75.00936362707219 27.7202099292274
      vertex 3 75.15192378864668 28
    endloop
  endfacet
  facet normal 1 0 0
    outer loop
      vertex 3 68.34807621135332 28
      vertex 3 75.15192378864668 28
      vertex 3 75.32294901687516 28.26335575687742
    endloop
  endfacet
  facet normal 1 0 0
    outer loop
      vertex 3 68.17705098312484 28.26335575687742
      vertex 3 75.32294901687516 28.26335575687742
      vertex 3 75.52056552356781 28.507391819076574
    endloop
  endfacet
  facet normal 1 0 0
    outer loop
      vertex 3 67.97943447643217 28.507391819076574
      vertex 3 75.52056552356781 28.507391819076574
      vertex 3 75.74260818092343 28.729434476432182
    endloop
  endfacet
  facet normal 1 0 0
    outer loop
      vertex 3 67.75739181907657 28.729434476432182
      vertex 3 75.74260818092343 28.729434476432182
      vertex 3 75.98664424312258 28.927050983124843
    endloop
  endfacet
  facet normal 1 0 0
    outer loop
      vertex 3 54.2797900707726 29.240636372927803
      vertex 3 54.57294901687516 29.35316954888546
      vertex 3 96 47
    endloop
  endfacet
  facet normal 1 0 0
    outer loop
      vertex 3 3 47
      vertex 3 54.2797900707726 29.240636372927803
      vertex 3 96 47
    endloop
  endfacet
  facet normal 1 0 0
    outer loop
      vertex 3 54.57294901687516 29.35316954888546
      vertex 3 54.87626492754672 29.434442802201417
      vertex 3 96 47
    endloop
  endfacet
  facet normal 1 0 0
    outer loop
      vertex 3 54.87626492754672 29.434442802201417
      vertex 3 55.18641461019704 29.483565686104818
      vertex 3 96 47
    endloop
  endfacet
  facet normal 1 0 0
    outer loop
      vertex 3 55.18641461019704 29.483565686104818
      vertex 3 55.5 29.5
      vertex 3 96 47
    endloop
  endfacet
  facet normal 1 0 0
    outer loop
      vertex 3 55.5 29.5
      vertex 3 65.75 29.5
      vertex 3 96 47
    endloop
  endfacet
  facet normal 1 0 0
    outer loop
      vertex 3 66.67705098312484 29.35316954888546
      vertex 3 66.9702099292274 29.240636372927803
      vertex 3 96 47
    endloop
  endfacet
  facet normal 1 0 0
    outer loop
      vertex 3 67.25 29.098076211353316
      vertex 3 67.51335575687742 28.927050983124843
      vertex 3 96 47
    endloop
  endfacet
  facet normal 1 0 0
    outer loop
      vertex 3 67.25 29.098076211353316
      vertex 3 96 47
      vertex 3 66.9702099292274 29.240636372927803
    endloop
  endfacet
  facet normal 1 0 0
    outer loop
      vertex 3 67.51335575687742 28.927050983124843
      vertex 3 75.98664424312258 28.927050983124843
      vertex 3 96 47
    endloop
  endfacet
  facet normal 1 0 0
    outer loop
      vertex 3 75.98664424312258 28.927050983124843
      vertex 3 76.25 29.098076211353316
      vertex 3 96 47
    endloop
  endfacet
  facet normal 1 0 0
    outer loop
      vertex 3 76.25 29.098076211353316
      vertex 3 76.5297900707726 29.240636372927803
      vertex 3 96 47
    endloop
  endfacet
  facet normal 1 0 0
    outer loop
      vertex 3 76.5297900707726 29.240636372927803
      vertex 3 76.82294901687516 29.35316954888546
      vertex 3 96 47
    endloop
  endfacet
  facet normal 1 0 0
    outer loop
      vertex 3 96 3
      vertex 3 96 47
      vertex 3 90.98356568610481 26.81358538980296
    endloop
  endfacet
  facet normal 0 -1 0
    outer loop
      vertex 3.9000000000000004 96 14.5
      vertex 3.9000000000000004 96 26.5
      vertex 3 96 47
    endloop
  endfacet
  facet normal 1 0 0
    outer loop
      vertex 3 90.98356568610481 26.81358538980296
      vertex 3 96 47
      vertex 3 90.93444280220142 27.12373507245328
    endloop
  endfacet
  facet normal 1 0 0
    outer loop
      vertex 3 90.22943447643217 28.507391819076574
      vertex 3 96 47
      vertex 3 90.00739181907657 28.729434476432182
    endloop
  endfacet
  facet normal 1 0 0
    outer loop
      vertex 3 88.92705098312484 29.35316954888546
      vertex 3 89.2202099292274 29.240636372927803
      vertex 3 96 47
    endloop
  endfacet
  facet normal 1 0 0
    outer loop
      vertex 3 89.2202099292274 29.240636372927803
      vertex 3 89.5 29.098076211353316
      vertex 3 96 47
    endloop
  endfacet
  facet normal 1 0 0
    outer loop
      vertex 3 89.5 29.098076211353316
      vertex 3 89.76335575687742 28.927050983124843
      vertex 3 96 47
    endloop
  endfacet
  facet normal 1 0 0
    outer loop
      vertex 3 90.00739181907657 28.729434476432182
      vertex 3 96 47
      vertex 3 89.76335575687742 28.927050983124843
    endloop
  endfacet
  facet normal 1 0 0
    outer loop
      vertex 3 90.93444280220142 27.12373507245328
      vertex 3 96 47
      vertex 3 90.85316954888546 27.427050983124843
    endloop
  endfacet
  facet normal 1 0 0
    outer loop
      vertex 3 90.85316954888546 27.427050983124843
      vertex 3 96 47
      vertex 3 90.74063637292781 27.7202099292274
    endloop
  endfacet
  facet normal 1 0 0
    outer loop
      vertex 3 90.74063637292781 27.7202099292274
      vertex 3 96 47
      vertex 3 90.59807621135332 28
    endloop
  endfacet
  facet normal 1 0 0
    outer loop
      vertex 3 90.42705098312484 28.26335575687742
      vertex 3 90.59807621135332 28
      vertex 3 96 47
    endloop
  endfacet
  facet normal 1 0 0
    outer loop
      vertex 3 90.42705098312484 28.26335575687742
      vertex 3 96 47
      vertex 3 90.22943447643217 28.507391819076574
    endloop
  endfacet
  facet normal 0 -1 0
    outer loop
      vertex 3.9000000000000004 96 26.5
      vertex 3.9164343138951807 96 26.81358538980296
      vertex 3 96 47
    endloop
  endfacet
  facet normal 0 -1 0
    outer loop
      vertex 3.9164343138951807 96 26.81358538980296
      vertex 3.9655571977985833 96 27.12373507245328
      vertex 3 96 47
    endloop
  endfacet
  facet normal 0 -1 0
    outer loop
      vertex 3.9655571977985833 96 27.12373507245328
      vertex 4.046830451114539 96 27.427050983124843
      vertex 3 96 47
    endloop
  endfacet
  facet normal 0 -1 0
    outer loop
      vertex 4.046830451114539 96 27.427050983124843
      vertex 4.159363627072198 96 27.7202099292274
      vertex 3 96 47
    endloop
  endfacet
  facet normal 0 -1 0
    outer loop
      vertex 4.159363627072198 96 27.7202099292274
      vertex 4.301923788646684 96 28
      vertex 3 96 47
    endloop
  endfacet
  facet normal 0 -1 0
    outer loop
      vertex 4.301923788646684 96 28
      vertex 4.472949016875158 96 28.26335575687742
      vertex 3 96 47
    endloop
  endfacet
  facet normal 0 -1 0
    outer loop
      vertex 4.472949016875158 96 28.26335575687742
      vertex 4.670565523567817 96 28.507391819076574
      vertex 3 96 47
    endloop
  endfacet
  facet normal 0 -1 0
    outer loop
      vertex 4.670565523567817 96 28.507391819076574
      vertex 4.892608180923426 96 28.729434476432182
      vertex 3 96 47
    endloop
  endfacet
  facet normal 0 -1 0
    outer loop
      vertex 4.892608180923426 96 28.729434476432182
      vertex 5.136644243122581 96 28.927050983124843
      vertex 3 96 47
    endloop
  endfacet
  facet normal 0 -1 0
    outer loop
      vertex 5.136644243122581 96 28.927050983124843
      vertex 5.4 96 29.098076211353316
      vertex 3 96 47
    endloop
  endfacet
  facet normal 0 -1 0
    outer loop
      vertex 5.4 96 29.098076211353316
      vertex 5.6797900707726 96 29.240636372927803
      vertex 3 96 47
    endloop
  endfacet
  facet normal 0 -1 0
    outer loop
      vertex 5.6797900707726 96 29.240636372927803
      vertex 5.972949016875158 96 29.35316954888546
      vertex 3 96 47
    endloop
  endfacet
  facet normal 1 0 0
    outer loop
      vertex 3 65.75 29.5
      vertex 3 66.06358538980297 29.483565686104818
      vertex 3 96 47
    endloop
  endfacet
  facet normal 1 0 0
    outer loop
      vertex 3 66.06358538980297 29.483565686104818
      vertex 3 66.37373507245329 29.434442802201417
      vertex 3 96 47
    endloop
  endfacet
  facet normal 1 0 0
    outer loop
      vertex 3 66.67705098312484 29.35316954888546
      vertex 3 96 47
      vertex 3 66.37373507245329 29.434442802201417
    endloop
  endfacet
  facet normal 1 0 0
    outer loop
      vertex 3 76.82294901687516 29.35316954888546
      vertex 3 77.12626492754673 29.434442802201417
      vertex 3 96 47
    endloop
  endfacet
  facet normal 1 0 0
    outer loop
      vertex 3 77.12626492754673 29.434442802201417
      vertex 3 77.43641461019703 29.483565686104818
      vertex 3 96 47
    endloop
  endfacet
  facet normal 1 0 0
    outer loop
      vertex 3 77.43641461019703 29.483565686104818
      vertex 3 77.75 29.5
      vertex 3 96 47
    endloop
  endfacet
  facet normal 1 0 0
    outer loop
      vertex 3 77.75 29.5
      vertex 3 88 29.5
      vertex 3 96 47
    endloop
  endfacet
  facet normal 1 0 0
    outer loop
      vertex 3 88 29.5
      vertex 3 88.31358538980297 29.483565686104818
      vertex 3 96 47
    endloop
  endfacet
  facet normal 1 0 0
    outer loop
      vertex 3 88.31358538980297 29.483565686104818
      vertex 3 88.62373507245329 29.434442802201417
      vertex 3 96 47
    endloop
  endfacet
  facet normal 1 0 0
    outer loop
      vertex 3 88.92705098312484 29.35316954888546
      vertex 3 96 47
      vertex 3 88.62373507245329 29.434442802201417
    endloop
  endfacet
  facet normal 0 -1 0
    outer loop
      vertex 5.972949016875158 96 29.35316954888546
      vertex 6.276264927546722 96 29.434442802201417
      vertex 3 96 47
    endloop
  endfacet
  facet normal 0 -1 0
    outer loop
      vertex 6.276264927546722 96 29.434442802201417
      vertex 6.58641461019704 96 29.483565686104818
      vertex 3 96 47
    endloop
  endfacet
  facet normal 0 -1 0
    outer loop
      vertex 6.58641461019704 96 29.483565686104818
      vertex 6.9 96 29.5
      vertex 3 96 47
    endloop
  endfacet
  facet normal 0 -1 0
    outer loop
      vertex 6.9 96 29.5
      vertex 96 96 47
      vertex 3 96 47
    endloop
  endfacet
  facet normal 0 -1 0
    outer loop
      vertex 6.9 96 29.5
      vertex 18.9 96 29.5
      vertex 96 96 47
    endloop
  endfacet
  facet normal 0 -1 0
    outer loop
      vertex 18.9 96 29.5
      vertex 19.21358538980296 96 29.483565686104818
      vertex 96 96 47
    endloop
  endfacet
  facet normal 0 -1 0
    outer loop
      vertex 19.21358538980296 96 29.483565686104818
      vertex 19.523735072453277 96 29.434442802201417
      vertex 96 96 47
    endloop
  endfacet
  facet normal 0 -1 0
    outer loop
      vertex 19.827050983124842 96 29.35316954888546
      vertex 96 96 47
      vertex 19.523735072453277 96 29.434442802201417
    endloop
  endfacet
  facet normal 0 1 0
    outer loop
      vertex 3 3 3
      vertex 54.5 3 5
      vertex 96 3 3
    endloop
  endfacet
  facet normal 0 0 1
    outer loop
      vertex 3 3 3
      vertex 96 3 3
      vertex 58.31358538980296 9.01643431389518 3
    endloop
  endfacet
  facet normal 0 0 1
    outer loop
      vertex 57.10822620942713 11.19704327236937 3
      vertex 59.173777120880565 12.249494028981312 3
      vertex 57.02917960675006 11.294657697249033 3
    endloop
  endfacet
  facet normal 0 0 1
    outer loop
      vertex 57.29465769724903 11.029179606750063 3
      vertex 57.4 10.960769515458674 3
      vertex 59.173777120880565 12.249494028981312 3
    endloop
  endfacet
  facet normal 0 0 1
    outer loop
      vertex 57.29465769724903 11.029179606750063 3
      vertex 59.173777120880565 12.249494028981312 3
      vertex 57.19704327236937 11.108226209427126 3
    endloop
  endfacet
  facet normal 0 0 1
    outer loop
      vertex 57.10822620942713 11.19704327236937 3
      vertex 57.19704327236937 11.108226209427126 3
      vertex 59.173777120880565 12.249494028981312 3
    endloop
  endfacet
  facet normal 0 0 1
    outer loop
      vertex 57.4 10.960769515458674 3
      vertex 57.51191602830904 10.903745450828879 3
      vertex 59.173777120880565 12.249494028981312 3
    endloop
  endfacet
  facet normal 0 0 1
    outer loop
      vertex 57.75050597101869 10.826222879119433 3
      vertex 59.173777120880565 12.249494028981312 3
      vertex 57.629179606750064 10.858732180445816 3
    endloop
  endfacet
  facet normal 0 0 1
    outer loop
      vertex 57.51191602830904 10.903745450828879 3
      vertex 57.629179606750064 10.858732180445816 3
      vertex 59.173777120880565 12.249494028981312 3
    endloop
  endfacet
  facet normal 0 0 1
    outer loop
      vertex 57.75050597101869 10.826222879119433 3
      vertex 57.874565844078816 10.806573725558072 3
      vertex 59.173777120880565 12.249494028981312 3
    endloop
  endfacet
  facet normal 0 0 1
    outer loop
      vertex 57.874565844078816 10.806573725558072 3
      vertex 58 10.8 3
      vertex 59.173777120880565 12.249494028981312 3
    endloop
  endfacet
  facet normal 0 0 1
    outer loop
      vertex 58 10.8 3
      vertex 58.125434155921184 10.806573725558072 3
      vertex 59.173777120880565 12.249494028981312 3
    endloop
  endfacet
  facet normal 0 0 1
    outer loop
      vertex 58.125434155921184 10.806573725558072 3
      vertex 58.24949402898131 10.826222879119433 3
      vertex 59.173777120880565 12.249494028981312 3
    endloop
  endfacet
  facet normal 0 0 1
    outer loop
      vertex 58.24949402898131 10.826222879119433 3
      vertex 58.370820393249936 10.858732180445816 3
      vertex 59.173777120880565 12.249494028981312 3
    endloop
  endfacet
  facet normal 0 0 1
    outer loop
      vertex 58.370820393249936 10.858732180445816 3
      vertex 58.48808397169096 10.903745450828879 3
      vertex 59.173777120880565 12.249494028981312 3
    endloop
  endfacet
  facet normal 0 0 1
    outer loop
      vertex 58.48808397169096 10.903745450828879 3
      vertex 58.6 10.960769515458674 3
      vertex 59.173777120880565 12.249494028981312 3
    endloop
  endfacet
  facet normal 0 0 1
    outer loop
      vertex 58.6 10.960769515458674 3
      vertex 58.70534230275097 11.029179606750063 3
      vertex 59.173777120880565 12.249494028981312 3
    endloop
  endfacet
  facet normal 0 0 1
    outer loop
      vertex 58.80295672763063 11.108226209427126 3
      vertex 58.89177379057287 11.19704327236937 3
      vertex 59.173777120880565 12.249494028981312 3
    endloop
  endfacet
  facet normal 0 0 1
    outer loop
      vertex 58.70534230275097 11.029179606750063 3
      vertex 58.80295672763063 11.108226209427126 3
      vertex 59.173777120880565 12.249494028981312 3
    endloop
  endfacet
  facet normal 0 0 1
    outer loop
      vertex 58.89177379057287 11.19704327236937 3
      vertex 58.97082039324994 11.294657697249033 3
      vertex 59.173777120880565 12.249494028981312 3
    endloop
  endfacet
  facet normal 0 0 1
    outer loop
      vertex 56.85873218044581 11.629179606750062 3
      vertex 59.173777120880565 12.249494028981312 3
      vertex 56.826222879119435 11.750505971018688 3
    endloop
  endfacet
  facet normal 0 0 1
    outer loop
      vertex 56.826222879119435 11.750505971018688 3
      vertex 59.173777120880565 12.249494028981312 3
      vertex 56.806573725558074 11.874565844078816 3
    endloop
  endfacet
  facet normal 0 0 1
    outer loop
      vertex 56.806573725558074 11.874565844078816 3
      vertex 58.24949402898131 13.173777120880567 3
      vertex 56.8 12 3
    endloop
  endfacet
  facet normal 0 0 1
    outer loop
      vertex 56.96076951545867 11.4 3
      vertex 59.173777120880565 12.249494028981312 3
      vertex 56.90374545082888 11.51191602830904 3
    endloop
  endfacet
  facet normal 0 0 1
    outer loop
      vertex 56.85873218044581 11.629179606750062 3
      vertex 56.90374545082888 11.51191602830904 3
      vertex 59.173777120880565 12.249494028981312 3
    endloop
  endfacet
  facet normal 0 0 1
    outer loop
      vertex 56.96076951545867 11.4 3
      vertex 57.02917960675006 11.294657697249033 3
      vertex 59.173777120880565 12.249494028981312 3
    endloop
  endfacet
  facet normal 0 0 1
    outer loop
      vertex 56.8 12 3
      vertex 58.24949402898131 13.173777120880567 3
      vertex 56.806573725558074 12.125434155921184 3
    endloop
  endfacet
  facet normal 0 0 1
    outer loop
      vertex 56.806573725558074 12.125434155921184 3
      vertex 58.24949402898131 13.173777120880567 3
      vertex 56.826222879119435 12.249494028981312 3
    endloop
  endfacet
  facet normal 0 0 1
    outer loop
      vertex 56.826222879119435 12.249494028981312 3
      vertex 58.125434155921184 13.193426274441928 3
      vertex 56.85873218044581 12.370820393249938 3
    endloop
  endfacet
  facet normal 0 0 1
    outer loop
      vertex 56.85873218044581 12.370820393249938 3
      vertex 58.125434155921184 13.193426274441928 3
      vertex 56.90374545082888 12.48808397169096 3
    endloop
  endfacet
  facet normal 0 0 1
    outer loop
      vertex 56.90374545082888 12.48808397169096 3
      vertex 58 13.2 3
      vertex 56.96076951545867 12.6 3
    endloop
  endfacet
  facet normal 0 0 1
    outer loop
      vertex 56.96076951545867 12.6 3
      vertex 58 13.2 3
      vertex 57.02917960675006 12.705342302750967 3
    endloop
  endfacet
  facet normal 0 0 1
    outer loop
      vertex 57.10822620942713 12.80295672763063 3
      vertex 57.51191602830904 13.096254549171121 3
      vertex 57.19704327236937 12.891773790572874 3
    endloop
  endfacet
  facet normal 0 0 1
    outer loop
      vertex 57.19704327236937 12.891773790572874 3
      vertex 57.4 13.039230484541326 3
      vertex 57.29465769724903 12.970820393249937 3
    endloop
  endfacet
  facet normal 0 0 1
    outer loop
      vertex 57.02917960675006 12.705342302750967 3
      vertex 58 13.2 3
      vertex 57.10822620942713 12.80295672763063 3
    endloop
  endfacet
  facet normal 0 0 1
    outer loop
      vertex 57.10822620942713 12.80295672763063 3
      vertex 57.629179606750064 13.141267819554184 3
      vertex 57.51191602830904 13.096254549171121 3
    endloop
  endfacet
  facet normal 0 0 1
    outer loop
      vertex 57.19704327236937 12.891773790572874 3
      vertex 57.51191602830904 13.096254549171121 3
      vertex 57.4 13.039230484541326 3
    endloop
  endfacet
  facet normal 0 0 1
    outer loop
      vertex 57.10822620942713 12.80295672763063 3
      vertex 57.75050597101869 13.173777120880567 3
      vertex 57.629179606750064 13.141267819554184 3
    endloop
  endfacet
  facet normal 0 0 1
    outer loop
      vertex 57.10822620942713 12.80295672763063 3
      vertex 57.874565844078816 13.193426274441928 3
      vertex 57.75050597101869 13.173777120880567 3
    endloop
  endfacet
  facet normal 0 0 1
    outer loop
      vertex 56.806573725558074 11.874565844078816 3
      vertex 58.370820393249936 13.141267819554184 3
      vertex 58.24949402898131 13.173777120880567 3
    endloop
  endfacet
  facet normal 0 0 1
    outer loop
      vertex 56.806573725558074 11.874565844078816 3
      vertex 58.48808397169096 13.096254549171121 3
      vertex 58.370820393249936 13.141267819554184 3
    endloop
  endfacet
  facet normal 0 0 1
    outer loop
      vertex 56.806573725558074 11.874565844078816 3
      vertex 58.6 13.039230484541326 3
      vertex 58.48808397169096 13.096254549171121 3
    endloop
  endfacet
  facet normal 0 0 1
    outer loop
      vertex 56.90374545082888 12.48808397169096 3
      vertex 58.125434155921184 13.193426274441928 3
      vertex 58 13.2 3
    endloop
  endfacet
  facet normal 0 0 1
    outer loop
      vertex 56.826222879119435 12.249494028981312 3
      vertex 58.24949402898131 13.173777120880567 3
      vertex 58.125434155921184 13.193426274441928 3
    endloop
  endfacet
  facet normal 0 0 1
    outer loop
      vertex 57.10822620942713 12.80295672763063 3
      vertex 58 13.2 3
      vertex 57.874565844078816 13.193426274441928 3
    endloop
  endfacet
  facet normal 0 0 1
    outer loop
      vertex 56.806573725558074 11.874565844078816 3
      vertex 59.173777120880565 12.249494028981312 3
      vertex 59.14126781955419 12.370820393249938 3
    endloop
  endfacet
  facet normal 0 0 1
    outer loop
      vertex 56.806573725558074 11.874565844078816 3
      vertex 59.03923048454133 12.6 3
      vertex 58.97082039324994 12.705342302750967 3
    endloop
  endfacet
  facet normal 0 0 1
    outer loop
      vertex 56.806573725558074 11.874565844078816 3
      vertex 59.14126781955419 12.370820393249938 3
      vertex 59.09625454917112 12.48808397169096 3
    endloop
  endfacet
  facet normal 0 0 1
    outer loop
      vertex 56.806573725558074 11.874565844078816 3
      vertex 59.09625454917112 12.48808397169096 3
      vertex 59.03923048454133 12.6 3
    endloop
  endfacet
  facet normal 0 0 1
    outer loop
      vertex 56.806573725558074 11.874565844078816 3
      vertex 58.89177379057287 12.80295672763063 3
      vertex 58.80295672763063 12.891773790572874 3
    endloop
  endfacet
  facet normal 0 0 1
    outer loop
      vertex 56.806573725558074 11.874565844078816 3
      vertex 58.80295672763063 12.891773790572874 3
      vertex 58.70534230275097 12.970820393249937 3
    endloop
  endfacet
  facet normal 0 0 1
    outer loop
      vertex 56.806573725558074 11.874565844078816 3
      vertex 58.70534230275097 12.970820393249937 3
      vertex 58.6 13.039230484541326 3
    endloop
  endfacet
  facet normal 0 0 1
    outer loop
      vertex 56.806573725558074 11.874565844078816 3
      vertex 58.97082039324994 12.705342302750967 3
      vertex 58.89177379057287 12.80295672763063 3
    endloop
  endfacet
  facet normal 0 0 1
    outer loop
      vertex 58.97082039324994 11.294657697249033 3
      vertex 59.03923048454133 11.4 3
      vertex 59.173777120880565 12.249494028981312 3
    endloop
  endfacet
  facet normal 0 0 1
    outer loop
      vertex 59.03923048454133 11.4 3
      vertex 59.09625454917112 11.51191602830904 3
      vertex 59.173777120880565 12.249494028981312 3
    endloop
  endfacet
  facet normal 0 0 1
    outer loop
      vertex 59.09625454917112 11.51191602830904 3
      vertex 59.14126781955419 11.629179606750062 3
      vertex 59.173777120880565 12.249494028981312 3
    endloop
  endfacet
  facet normal 0 0 1
    outer loop
      vertex 59.14126781955419 11.629179606750062 3
      vertex 59.173777120880565 11.750505971018688 3
      vertex 59.173777120880565 12.249494028981312 3
    endloop
  endfacet
  facet normal 0 0 1
    outer loop
      vertex 59.173777120880565 11.750505971018688 3
      vertex 59.193426274441926 11.874565844078816 3
      vertex 59.193426274441926 12.125434155921184 3
    endloop
  endfacet
  facet normal 0 0 1
    outer loop
      vertex 59.193426274441926 11.874565844078816 3
      vertex 59.2 12 3
      vertex 59.193426274441926 12.125434155921184 3
    endloop
  endfacet
  facet normal 0 0 1
    outer loop
      vertex 59.173777120880565 11.750505971018688 3
      vertex 59.193426274441926 12.125434155921184 3
      vertex 59.173777120880565 12.249494028981312 3
    endloop
  endfacet
  facet normal 0 1 0
    outer loop
      vertex 54.5 3 5
      vertex 54.5 3 7
      vertex 96 3 3
    endloop
  endfacet
  facet normal 0 0 1
    outer loop
      vertex 96 3 3
      vertex 58.62373507245328 9.065557197798583 3
      vertex 58.31358538980296 9.01643431389518 3
    endloop
  endfacet
  facet normal 0 0 1
    outer loop
      vertex 96 3 3
      vertex 58.92705098312484 9.146830451114539 3
      vertex 58.62373507245328 9.065557197798583 3
    endloop
  endfacet
  facet normal 0 0 1
    outer loop
      vertex 96 3 3
      vertex 59.2202099292274 9.259363627072197 3
      vertex 58.92705098312484 9.146830451114539 3
    endloop
  endfacet
  facet normal 0 0 1
    outer loop
      vertex 96 3 3
      vertex 59.5 9.401923788646684 3
      vertex 59.2202099292274 9.259363627072197 3
    endloop
  endfacet
  facet normal 0 0 1
    outer loop
      vertex 96 3 3
      vertex 59.76335575687742 9.572949016875157 3
      vertex 59.5 9.401923788646684 3
    endloop
  endfacet
  facet normal 0 0 1
    outer loop
      vertex 96 3 3
      vertex 60.007391819076574 9.770565523567818 3
      vertex 59.76335575687742 9.572949016875157 3
    endloop
  endfacet
  facet normal 0 0 1
    outer loop
      vertex 96 3 3
      vertex 60.22943447643218 9.992608180923426 3
      vertex 60.007391819076574 9.770565523567818 3
    endloop
  endfacet
  facet normal 0 0 1
    outer loop
      vertex 96 3 3
      vertex 60.42705098312484 10.23664424312258 3
      vertex 60.22943447643218 9.992608180923426 3
    endloop
  endfacet
  facet normal 0 0 1
    outer loop
      vertex 96 3 3
      vertex 60.598076211353316 10.5 3
      vertex 60.42705098312484 10.23664424312258 3
    endloop
  endfacet
  facet normal 0 0 1
    outer loop
      vertex 96 3 3
      vertex 60.7406363729278 10.779790070772599 3
      vertex 60.598076211353316 10.5 3
    endloop
  endfacet
  facet normal 0 0 1
    outer loop
      vertex 96 3 3
      vertex 60.85316954888546 11.072949016875159 3
      vertex 60.7406363729278 10.779790070772599 3
    endloop
  endfacet
  facet normal 0 0 1
    outer loop
      vertex 96 3 3
      vertex 60.93444280220142 11.376264927546721 3
      vertex 60.85316954888546 11.072949016875159 3
    endloop
  endfacet
  facet normal 0 0 1
    outer loop
      vertex 96 3 3
      vertex 60.98356568610482 11.686414610197039 3
      vertex 60.93444280220142 11.376264927546721 3
    endloop
  endfacet
  facet normal 0 0 1
    outer loop
      vertex 96 3 3
      vertex 61 12 3
      vertex 60.98356568610482 11.686414610197039 3
    endloop
  endfacet
  facet normal 0 1 0
    outer loop
      vertex 44.5 3 7
      vertex 96 3 47
      vertex 54.5 3 7
    endloop
  endfacet
  facet normal 0 0 1
    outer loop
      vertex 96 96 3
      vertex 12 12 3
      vertex 57.68641461019704 14.98356568610482 3
    endloop
  endfacet
  facet normal 0 0 1
    outer loop
      vertex 96 96 3
      vertex 57.68641461019704 14.98356568610482 3
      vertex 58 15 3
    endloop
  endfacet
  facet normal 0 0 1
    outer loop
      vertex 96 96 3
      vertex 58 15 3
      vertex 58.31358538980296 14.98356568610482 3
    endloop
  endfacet
  facet normal 0 0 1
    outer loop
      vertex 96 96 3
      vertex 58.31358538980296 14.98356568610482 3
      vertex 58.62373507245328 14.934442802201417 3
    endloop
  endfacet
  facet normal 0 0 1
    outer loop
      vertex 96 96 3
      vertex 59.76335575687742 14.427050983124843 3
      vertex 60.007391819076574 14.229434476432182 3
    endloop
  endfacet
  facet normal 0 0 1
    outer loop
      vertex 96 96 3
      vertex 60.98356568610482 12.313585389802961 3
      vertex 61 12 3
    endloop
  endfacet
  facet normal 0 0 1
    outer loop
      vertex 96 96 3
      vertex 60.93444280220142 12.623735072453279 3
      vertex 60.98356568610482 12.313585389802961 3
    endloop
  endfacet
  facet normal 0 0 1
    outer loop
      vertex 96 96 3
      vertex 60.85316954888546 12.927050983124841 3
      vertex 60.93444280220142 12.623735072453279 3
    endloop
  endfacet
  facet normal 0 0 1
    outer loop
      vertex 96 96 3
      vertex 60.7406363729278 13.220209929227401 3
      vertex 60.85316954888546 12.927050983124841 3
    endloop
  endfacet
  facet normal 0 0 1
    outer loop
      vertex 96 96 3
      vertex 60.007391819076574 14.229434476432182 3
      vertex 60.22943447643218 14.007391819076574 3
    endloop
  endfacet
  facet normal 0 0 1
    outer loop
      vertex 96 96 3
      vertex 60.22943447643218 14.007391819076574 3
      vertex 60.42705098312484 13.76335575687742 3
    endloop
  endfacet
  facet normal 0 0 1
    outer loop
      vertex 96 96 3
      vertex 60.598076211353316 13.5 3
      vertex 60.7406363729278 13.220209929227401 3
    endloop
  endfacet
  facet normal 0 0 1
    outer loop
      vertex 96 96 3
      vertex 60.42705098312484 13.76335575687742 3
      vertex 60.598076211353316 13.5 3
    endloop
  endfacet
  facet normal 0 0 1
    outer loop
      vertex 96 96 3
      vertex 58.62373507245328 14.934442802201417 3
      vertex 58.92705098312484 14.853169548885461 3
    endloop
  endfacet
  facet normal 0 0 1
    outer loop
      vertex 96 96 3
      vertex 58.92705098312484 14.853169548885461 3
      vertex 59.2202099292274 14.740636372927803 3
    endloop
  endfacet
  facet normal 0 0 1
    outer loop
      vertex 96 96 3
      vertex 59.2202099292274 14.740636372927803 3
      vertex 59.5 14.598076211353316 3
    endloop
  endfacet
  facet normal 0 0 1
    outer loop
      vertex 96 96 3
      vertex 59.5 14.598076211353316 3
      vertex 59.76335575687742 14.427050983124843 3
    endloop
  endfacet
  facet normal -1 0 0
    outer loop
      vertex 96 3 3
      vertex 96 14.48521636184685 8.541131047135634
      vertex 96 14.973288486245162 8.145898033750315
    endloop
  endfacet
  facet normal -1 0 0
    outer loop
      vertex 96 3 3
      vertex 96 15.5 7.803847577293368
      vertex 96 16.059580141545197 7.518727254144395
    endloop
  endfacet
  facet normal -1 0 0
    outer loop
      vertex 96 3 3
      vertex 96 14.973288486245162 8.145898033750315
      vertex 96 15.5 7.803847577293368
    endloop
  endfacet
  facet normal -1 0 0
    outer loop
      vertex 96 3 3
      vertex 96 14.041131047135634 8.98521636184685
      vertex 96 14.48521636184685 8.541131047135634
    endloop
  endfacet
  facet normal -1 0 0
    outer loop
      vertex 96 3 3
      vertex 96 13.645898033750315 9.473288486245162
      vertex 96 14.041131047135634 8.98521636184685
    endloop
  endfacet
  facet normal -1 0 0
    outer loop
      vertex 96 3 3
      vertex 96 13.303847577293368 10
      vertex 96 13.645898033750315 9.473288486245162
    endloop
  endfacet
  facet normal -1 0 0
    outer loop
      vertex 96 3 3
      vertex 96 13.018727254144395 10.559580141545199
      vertex 96 13.303847577293368 10
    endloop
  endfacet
  facet normal -1 0 0
    outer loop
      vertex 96 3 3
      vertex 96 12.793660902229078 11.145898033750315
      vertex 96 13.018727254144395 10.559580141545199
    endloop
  endfacet
  facet normal -1 0 0
    outer loop
      vertex 96 3 3
      vertex 96 12.631114395597166 11.752529855093444
      vertex 96 12.793660902229078 11.145898033750315
    endloop
  endfacet
  facet normal -1 0 0
    outer loop
      vertex 96 3 3
      vertex 96 12.53286862779036 12.37282922039408
      vertex 96 12.631114395597166 11.752529855093444
    endloop
  endfacet
  facet normal -1 0 0
    outer loop
      vertex 96 3 3
      vertex 96 12.5 13
      vertex 96 12.53286862779036 12.37282922039408
    endloop
  endfacet
  facet normal -1 0 0
    outer loop
      vertex 96 3 3
      vertex 96 12.53286862779036 13.62717077960592
      vertex 96 12.5 13
    endloop
  endfacet
  facet normal -1 0 0
    outer loop
      vertex 96 3 3
      vertex 96 12.631114395597166 14.247470144906556
      vertex 96 12.53286862779036 13.62717077960592
    endloop
  endfacet
  facet normal -1 0 0
    outer loop
      vertex 96 3 3
      vertex 96 12.793660902229078 14.854101966249685
      vertex 96 12.631114395597166 14.247470144906556
    endloop
  endfacet
  facet normal -1 0 0
    outer loop
      vertex 96 3 3
      vertex 96 13.018727254144395 15.440419858454801
      vertex 96 12.793660902229078 14.854101966249685
    endloop
  endfacet
  facet normal -1 0 0
    outer loop
      vertex 96 3 3
      vertex 96 13.303847577293368 16
      vertex 96 13.018727254144395 15.440419858454801
    endloop
  endfacet
  facet normal -1 0 0
    outer loop
      vertex 96 3 3
      vertex 96 16.645898033750317 7.293660902229079
      vertex 96 17.252529855093442 7.131114395597166
    endloop
  endfacet
  facet normal -1 0 0
    outer loop
      vertex 96 3 3
      vertex 96 17.252529855093442 7.131114395597166
      vertex 96 17.872829220394078 7.032868627790361
    endloop
  endfacet
  facet normal -1 0 0
    outer loop
      vertex 96 3 3
      vertex 96 17.872829220394078 7.032868627790361
      vertex 96 18.5 7
    endloop
  endfacet
  facet normal -1 0 0
    outer loop
      vertex 96 3 3
      vertex 96 16.059580141545197 7.518727254144395
      vertex 96 16.645898033750317 7.293660902229079
    endloop
  endfacet
  facet normal 0 1 0
    outer loop
      vertex 54.5 3 7
      vertex 96 3 47
      vertex 96 3 3
    endloop
  endfacet
  facet normal -1 0 0
    outer loop
      vertex 96 3 3
      vertex 96 3 47
      vertex 96 13.303847577293368 16
    endloop
  endfacet
  facet normal 0 0 1
    outer loop
      vertex 96 3 3
      vertex 96 96 3
      vertex 61 12 3
    endloop
  endfacet
  facet normal -1 0 0
    outer loop
      vertex 96 3 3
      vertex 96 18.5 7
      vertex 96 96 3
    endloop
  endfacet
  facet normal -1 0 0
    outer loop
      vertex 96 18.5 7
      vertex 96 19.127170779605922 7.032868627790361
      vertex 96 96 3
    endloop
  endfacet
  facet normal -1 0 0
    outer loop
      vertex 96 19.127170779605922 7.032868627790361
      vertex 96 19.747470144906558 7.131114395597166
      vertex 96 96 3
    endloop
  endfacet
  facet normal -1 0 0
    outer loop
      vertex 96 19.747470144906558 7.131114395597166
      vertex 96 20.354101966249683 7.293660902229079
      vertex 96 96 3
    endloop
  endfacet
  facet normal -1 0 0
    outer loop
      vertex 96 20.354101966249683 7.293660902229079
      vertex 96 20.940419858454803 7.518727254144395
      vertex 96 96 3
    endloop
  endfacet
  facet normal -1 0 0
    outer loop
      vertex 96 20.940419858454803 7.518727254144395
      vertex 96 21.5 7.803847577293368
      vertex 96 96 3
    endloop
  endfacet
  facet normal -1 0 0
    outer loop
      vertex 96 21.5 7.803847577293368
      vertex 96 22.02671151375484 8.145898033750315
      vertex 96 96 3
    endloop
  endfacet
  facet normal -1 0 0
    outer loop
      vertex 96 22.02671151375484 8.145898033750315
      vertex 96 22.514783638153148 8.541131047135634
      vertex 96 96 3
    endloop
  endfacet
  facet normal -1 0 0
    outer loop
      vertex 96 22.514783638153148 8.541131047135634
      vertex 96 22.958868952864364 8.98521636184685
      vertex 96 96 3
    endloop
  endfacet
  facet normal -1 0 0
    outer loop
      vertex 96 22.958868952864364 8.98521636184685
      vertex 96 23.354101966249686 9.473288486245162
      vertex 96 96 3
    endloop
  endfacet
  facet normal -1 0 0
    outer loop
      vertex 96 23.354101966249686 9.473288486245162
      vertex 96 23.696152422706632 10
      vertex 96 96 3
    endloop
  endfacet
  facet normal -1 0 0
    outer loop
      vertex 96 23.696152422706632 10
      vertex 96 23.981272745855605 10.559580141545199
      vertex 96 96 3
    endloop
  endfacet
  facet normal -1 0 0
    outer loop
      vertex 96 23.981272745855605 10.559580141545199
      vertex 96 24.206339097770922 11.145898033750315
      vertex 96 96 3
    endloop
  endfacet
  facet normal -1 0 0
    outer loop
      vertex 96 24.206339097770922 11.145898033750315
      vertex 96 24.368885604402834 11.752529855093444
      vertex 96 96 3
    endloop
  endfacet
  facet normal -1 0 0
    outer loop
      vertex 96 24.368885604402834 11.752529855093444
      vertex 96 24.46713137220964 12.37282922039408
      vertex 96 96 3
    endloop
  endfacet
  facet normal -1 0 0
    outer loop
      vertex 96 24.46713137220964 12.37282922039408
      vertex 96 24.5 13
      vertex 96 96 3
    endloop
  endfacet
  facet normal -1 0 0
    outer loop
      vertex 96 24.5 13
      vertex 96 24.46713137220964 13.62717077960592
      vertex 96 96 3
    endloop
  endfacet
  facet normal -1 0 0
    outer loop
      vertex 96 23.696152422706632 16
      vertex 96 96 3
      vertex 96 23.981272745855605 15.440419858454801
    endloop
  endfacet
  facet normal -1 0 0
    outer loop
      vertex 96 24.46713137220964 13.62717077960592
      vertex 96 24.368885604402834 14.247470144906556
      vertex 96 96 3
    endloop
  endfacet
  facet normal -1 0 0
    outer loop
      vertex 96 24.368885604402834 14.247470144906556
      vertex 96 24.206339097770922 14.854101966249685
      vertex 96 96 3
    endloop
  endfacet
  facet normal -1 0 0
    outer loop
      vertex 96 24.206339097770922 14.854101966249685
      vertex 96 23.981272745855605 15.440419858454801
      vertex 96 96 3
    endloop
  endfacet
  facet normal -1 0 0
    outer loop
      vertex 96 13.303847577293368 16
      vertex 96 3 47
      vertex 96 13.645898033750315 16.52671151375484
    endloop
  endfacet
  facet normal -1 0 0
    outer loop
      vertex 96 13.645898033750315 16.52671151375484
      vertex 96 3 47
      vertex 96 14.041131047135634 17.014783638153148
    endloop
  endfacet
  facet normal -1 0 0
    outer loop
      vertex 96 14.041131047135634 17.014783638153148
      vertex 96 3 47
      vertex 96 14.48521636184685 17.458868952864364
    endloop
  endfacet
  facet normal -1 0 0
    outer loop
      vertex 96 14.48521636184685 17.458868952864364
      vertex 96 3 47
      vertex 96 14.973288486245162 17.854101966249686
    endloop
  endfacet
  facet normal -1 0 0
    outer loop
      vertex 96 14.973288486245162 17.854101966249686
      vertex 96 3 47
      vertex 96 15.5 18.196152422706632
    endloop
  endfacet
  facet normal -1 0 0
    outer loop
      vertex 96 15.5 18.196152422706632
      vertex 96 3 47
      vertex 96 16.059580141545197 18.481272745855605
    endloop
  endfacet
  facet normal -1 0 0
    outer loop
      vertex 96 16.059580141545197 18.481272745855605
      vertex 96 3 47
      vertex 96 16.645898033750317 18.706339097770922
    endloop
  endfacet
  facet normal -1 0 0
    outer loop
      vertex 96 16.645898033750317 18.706339097770922
      vertex 96 3 47
      vertex 96 17.252529855093442 18.868885604402834
    endloop
  endfacet
  facet normal -1 0 0
    outer loop
      vertex 96 17.252529855093442 18.868885604402834
      vertex 96 3 47
      vertex 96 17.872829220394078 18.96713137220964
    endloop
  endfacet
  facet normal -1 0 0
    outer loop
      vertex 96 17.872829220394078 18.96713137220964
      vertex 96 3 47
      vertex 96 18.5 19
    endloop
  endfacet
  facet normal -1 0 0
    outer loop
      vertex 96 18.5 19
      vertex 96 3 47
      vertex 96 19.127170779605922 18.96713137220964
    endloop
  endfacet
  facet normal -1 0 0
    outer loop
      vertex 96 19.127170779605922 18.96713137220964
      vertex 96 3 47
      vertex 96 19.747470144906558 18.868885604402834
    endloop
  endfacet
  facet normal -1 0 0
    outer loop
      vertex 96 19.747470144906558 18.868885604402834
      vertex 96 3 47
      vertex 96 20.354101966249683 18.706339097770922
    endloop
  endfacet
  facet normal -1 0 0
    outer loop
      vertex 96 20.354101966249683 18.706339097770922
      vertex 96 3 47
      vertex 96 20.940419858454803 18.481272745855605
    endloop
  endfacet
  facet normal -1 0 0
    outer loop
      vertex 96 22.958868952864364 17.014783638153148
      vertex 96 22.514783638153148 17.458868952864364
      vertex 96 3 47
    endloop
  endfacet
  facet normal -1 0 0
    outer loop
      vertex 96 21.5 18.196152422706632
      vertex 96 20.940419858454803 18.481272745855605
      vertex 96 3 47
    endloop
  endfacet
  facet normal -1 0 0
    outer loop
      vertex 96 21.5 18.196152422706632
      vertex 96 3 47
      vertex 96 22.02671151375484 17.854101966249686
    endloop
  endfacet
  facet normal -1 0 0
    outer loop
      vertex 96 22.514783638153148 17.458868952864364
      vertex 96 22.02671151375484 17.854101966249686
      vertex 96 3 47
    endloop
  endfacet
  facet normal -1 0 0
    outer loop
      vertex 96 22.958868952864364 17.014783638153148
      vertex 96 3 47
      vertex 96 23.354101966249686 16.52671151375484
    endloop
  endfacet
  facet normal -1 0 0
    outer loop
      vertex 96 23.696152422706632 16
      vertex 96 23.354101966249686 16.52671151375484
      vertex 96 96 47
    endloop
  endfacet
  facet normal -1 0 0
    outer loop
      vertex 96 23.354101966249686 16.52671151375484
      vertex 96 3 47
      vertex 96 96 47
    endloop
  endfacet
  facet normal 0 0 1
    outer loop
      vertex 96 96 3
      vertex 60.22943447643218 67.99260818092343 3
      vertex 11.740636372927803 13.220209929227401 3
    endloop
  endfacet
  facet normal 0 0 1
    outer loop
      vertex 56.96076951545867 69.4 3
      vertex 57.02917960675006 69.29465769724904 3
      vertex 57.4 68.96076951545868 3
    endloop
  endfacet
  facet normal 0 0 1
    outer loop
      vertex 57.10822620942713 69.19704327236937 3
      vertex 57.4 68.96076951545868 3
      vertex 57.02917960675006 69.29465769724904 3
    endloop
  endfacet
  facet normal 0 0 1
    outer loop
      vertex 56.96076951545867 69.4 3
      vertex 57.4 68.96076951545868 3
      vertex 56.90374545082888 69.51191602830905 3
    endloop
  endfacet
  facet normal 0 0 1
    outer loop
      vertex 57.29465769724903 69.02917960675006 3
      vertex 57.4 68.96076951545868 3
      vertex 57.19704327236937 69.10822620942713 3
    endloop
  endfacet
  facet normal 0 0 1
    outer loop
      vertex 57.10822620942713 69.19704327236937 3
      vertex 57.19704327236937 69.10822620942713 3
      vertex 57.4 68.96076951545868 3
    endloop
  endfacet
  facet normal 0 0 1
    outer loop
      vertex 56.90374545082888 69.51191602830905 3
      vertex 57.4 68.96076951545868 3
      vertex 57.51191602830904 68.90374545082888 3
    endloop
  endfacet
  facet normal 0 0 1
    outer loop
      vertex 56.90374545082888 69.51191602830905 3
      vertex 57.51191602830904 68.90374545082888 3
      vertex 57.629179606750064 68.85873218044581 3
    endloop
  endfacet
  facet normal 0 0 1
    outer loop
      vertex 56.90374545082888 69.51191602830905 3
      vertex 57.629179606750064 68.85873218044581 3
      vertex 57.75050597101869 68.82622287911943 3
    endloop
  endfacet
  facet normal 0 0 1
    outer loop
      vertex 56.90374545082888 69.51191602830905 3
      vertex 57.75050597101869 68.82622287911943 3
      vertex 57.874565844078816 68.80657372555807 3
    endloop
  endfacet
  facet normal 0 0 1
    outer loop
      vertex 56.90374545082888 69.51191602830905 3
      vertex 57.874565844078816 68.80657372555807 3
      vertex 58 68.8 3
    endloop
  endfacet
  facet normal 0 0 1
    outer loop
      vertex 56.90374545082888 69.51191602830905 3
      vertex 58 68.8 3
      vertex 58.125434155921184 68.80657372555807 3
    endloop
  endfacet
  facet normal 0 0 1
    outer loop
      vertex 56.90374545082888 69.51191602830905 3
      vertex 58.125434155921184 68.80657372555807 3
      vertex 58.24949402898131 68.82622287911943 3
    endloop
  endfacet
  facet normal 0 0 1
    outer loop
      vertex 56.90374545082888 69.51191602830905 3
      vertex 58.24949402898131 68.82622287911943 3
      vertex 58.370820393249936 68.85873218044581 3
    endloop
  endfacet
  facet normal 0 0 1
    outer loop
      vertex 56.90374545082888 69.51191602830905 3
      vertex 58.370820393249936 68.85873218044581 3
      vertex 58.48808397169096 68.90374545082888 3
    endloop
  endfacet
  facet normal 0 0 1
    outer loop
      vertex 56.90374545082888 69.51191602830905 3
      vertex 58.48808397169096 68.90374545082888 3
      vertex 58.6 68.96076951545868 3
    endloop
  endfacet
  facet normal 0 0 1
    outer loop
      vertex 56.85873218044581 69.62917960675006 3
      vertex 56.90374545082888 69.51191602830905 3
      vertex 59.09625454917112 69.51191602830905 3
    endloop
  endfacet
  facet normal 0 0 1
    outer loop
      vertex 56.85873218044581 69.62917960675006 3
      vertex 59.09625454917112 69.51191602830905 3
      vertex 56.826222879119435 69.75050597101868 3
    endloop
  endfacet
  facet normal 0 0 1
    outer loop
      vertex 56.826222879119435 69.75050597101868 3
      vertex 59.09625454917112 69.51191602830905 3
      vertex 56.806573725558074 69.87456584407882 3
    endloop
  endfacet
  facet normal 0 0 1
    outer loop
      vertex 56.806573725558074 69.87456584407882 3
      vertex 59.09625454917112 69.51191602830905 3
      vertex 56.8 70 3
    endloop
  endfacet
  facet normal 0 0 1
    outer loop
      vertex 56.8 70 3
      vertex 59.09625454917112 69.51191602830905 3
      vertex 56.806573725558074 70.12543415592118 3
    endloop
  endfacet
  facet normal 0 0 1
    outer loop
      vertex 56.806573725558074 70.12543415592118 3
      vertex 59.09625454917112 69.51191602830905 3
      vertex 56.826222879119435 70.24949402898132 3
    endloop
  endfacet
  facet normal 0 0 1
    outer loop
      vertex 56.90374545082888 69.51191602830905 3
      vertex 58.6 68.96076951545868 3
      vertex 58.70534230275097 69.02917960675006 3
    endloop
  endfacet
  facet normal 0 0 1
    outer loop
      vertex 56.90374545082888 69.51191602830905 3
      vertex 58.70534230275097 69.02917960675006 3
      vertex 58.80295672763063 69.10822620942713 3
    endloop
  endfacet
  facet normal 0 0 1
    outer loop
      vertex 56.90374545082888 69.51191602830905 3
      vertex 58.80295672763063 69.10822620942713 3
      vertex 58.89177379057287 69.19704327236937 3
    endloop
  endfacet
  facet normal 0 0 1
    outer loop
      vertex 56.90374545082888 69.51191602830905 3
      vertex 58.89177379057287 69.19704327236937 3
      vertex 58.97082039324994 69.29465769724904 3
    endloop
  endfacet
  facet normal 0 0 1
    outer loop
      vertex 56.90374545082888 69.51191602830905 3
      vertex 58.97082039324994 69.29465769724904 3
      vertex 59.03923048454133 69.4 3
    endloop
  endfacet
  facet normal 0 0 1
    outer loop
      vertex 56.90374545082888 69.51191602830905 3
      vertex 59.03923048454133 69.4 3
      vertex 59.09625454917112 69.51191602830905 3
    endloop
  endfacet
  facet normal 0 0 1
    outer loop
      vertex 56.90374545082888 70.48808397169095 3
      vertex 59.09625454917112 69.51191602830905 3
      vertex 59.14126781955419 69.62917960675006 3
    endloop
  endfacet
  facet normal 0 0 1
    outer loop
      vertex 56.90374545082888 70.48808397169095 3
      vertex 59.14126781955419 69.62917960675006 3
      vertex 59.173777120880565 69.75050597101868 3
    endloop
  endfacet
  facet normal 0 0 1
    outer loop
      vertex 56.826222879119435 70.24949402898132 3
      vertex 59.09625454917112 69.51191602830905 3
      vertex 56.85873218044581 70.37082039324994 3
    endloop
  endfacet
  facet normal 0 0 1
    outer loop
      vertex 56.85873218044581 70.37082039324994 3
      vertex 59.09625454917112 69.51191602830905 3
      vertex 56.90374545082888 70.48808397169095 3
    endloop
  endfacet
  facet normal 0 0 1
    outer loop
      vertex 56.90374545082888 70.48808397169095 3
      vertex 59.173777120880565 69.75050597101868 3
      vertex 56.96076951545867 70.6 3
    endloop
  endfacet
  facet normal 0 0 1
    outer loop
      vertex 56.96076951545867 70.6 3
      vertex 59.173777120880565 69.75050597101868 3
      vertex 57.02917960675006 70.70534230275096 3
    endloop
  endfacet
  facet normal 0 0 1
    outer loop
      vertex 57.02917960675006 70.70534230275096 3
      vertex 59.193426274441926 69.87456584407882 3
      vertex 57.10822620942713 70.80295672763063 3
    endloop
  endfacet
  facet normal 0 0 1
    outer loop
      vertex 57.10822620942713 70.80295672763063 3
      vertex 59.193426274441926 69.87456584407882 3
      vertex 57.19704327236937 70.89177379057287 3
    endloop
  endfacet
  facet normal 0 0 1
    outer loop
      vertex 57.19704327236937 70.89177379057287 3
      vertex 59.193426274441926 69.87456584407882 3
      vertex 57.29465769724903 70.97082039324994 3
    endloop
  endfacet
  facet normal 0 0 1
    outer loop
      vertex 57.29465769724903 70.97082039324994 3
      vertex 59.193426274441926 69.87456584407882 3
      vertex 57.4 71.03923048454132 3
    endloop
  endfacet
  facet normal 0 0 1
    outer loop
      vertex 57.4 71.03923048454132 3
      vertex 59.193426274441926 69.87456584407882 3
      vertex 57.51191602830904 71.09625454917112 3
    endloop
  endfacet
  facet normal 0 0 1
    outer loop
      vertex 57.51191602830904 71.09625454917112 3
      vertex 59.193426274441926 69.87456584407882 3
      vertex 57.629179606750064 71.14126781955419 3
    endloop
  endfacet
  facet normal 0 0 1
    outer loop
      vertex 57.629179606750064 71.14126781955419 3
      vertex 59.2 70 3
      vertex 57.75050597101869 71.17377712088057 3
    endloop
  endfacet
  facet normal 0 0 1
    outer loop
      vertex 57.02917960675006 70.70534230275096 3
      vertex 59.173777120880565 69.75050597101868 3
      vertex 59.193426274441926 69.87456584407882 3
    endloop
  endfacet
  facet normal 0 0 1
    outer loop
      vertex 57.629179606750064 71.14126781955419 3
      vertex 59.193426274441926 69.87456584407882 3
      vertex 59.2 70 3
    endloop
  endfacet
  facet normal 0 0 1
    outer loop
      vertex 57.75050597101869 71.17377712088057 3
      vertex 59.2 70 3
      vertex 59.193426274441926 70.12543415592118 3
    endloop
  endfacet
  facet normal 0 0 1
    outer loop
      vertex 57.75050597101869 71.17377712088057 3
      vertex 59.193426274441926 70.12543415592118 3
      vertex 59.173777120880565 70.24949402898132 3
    endloop
  endfacet
  facet normal 0 0 1
    outer loop
      vertex 57.874565844078816 71.19342627444193 3
      vertex 59.173777120880565 70.24949402898132 3
      vertex 59.14126781955419 70.37082039324994 3
    endloop
  endfacet
  facet normal 0 0 1
    outer loop
      vertex 57.874565844078816 71.19342627444193 3
      vertex 59.09625454917112 70.48808397169095 3
      vertex 59.03923048454133 70.6 3
    endloop
  endfacet
  facet normal 0 0 1
    outer loop
      vertex 57.874565844078816 71.19342627444193 3
      vertex 59.14126781955419 70.37082039324994 3
      vertex 59.09625454917112 70.48808397169095 3
    endloop
  endfacet
  facet normal 0 0 1
    outer loop
      vertex 57.75050597101869 71.17377712088057 3
      vertex 59.173777120880565 70.24949402898132 3
      vertex 57.874565844078816 71.19342627444193 3
    endloop
  endfacet
  facet normal 0 0 1
    outer loop
      vertex 57.874565844078816 71.19342627444193 3
      vertex 58.80295672763063 70.89177379057287 3
      vertex 58 71.2 3
    endloop
  endfacet
  facet normal 0 0 1
    outer loop
      vertex 58 71.2 3
      vertex 58.6 71.03923048454132 3
      vertex 58.125434155921184 71.19342627444193 3
    endloop
  endfacet
  facet normal 0 0 1
    outer loop
      vertex 58.125434155921184 71.19342627444193 3
      vertex 58.6 71.03923048454132 3
      vertex 58.24949402898131 71.17377712088057 3
    endloop
  endfacet
  facet normal 0 0 1
    outer loop
      vertex 57.874565844078816 71.19342627444193 3
      vertex 58.97082039324994 70.70534230275096 3
      vertex 58.89177379057287 70.80295672763063 3
    endloop
  endfacet
  facet normal 0 0 1
    outer loop
      vertex 57.874565844078816 71.19342627444193 3
      vertex 58.89177379057287 70.80295672763063 3
      vertex 58.80295672763063 70.89177379057287 3
    endloop
  endfacet
  facet normal 0 0 1
    outer loop
      vertex 58 71.2 3
      vertex 58.70534230275097 70.97082039324994 3
      vertex 58.6 71.03923048454132 3
    endloop
  endfacet
  facet normal 0 0 1
    outer loop
      vertex 58.370820393249936 71.14126781955419 3
      vertex 58.6 71.03923048454132 3
      vertex 58.48808397169096 71.09625454917112 3
    endloop
  endfacet
  facet normal 0 0 1
    outer loop
      vertex 58.24949402898131 71.17377712088057 3
      vertex 58.6 71.03923048454132 3
      vertex 58.370820393249936 71.14126781955419 3
    endloop
  endfacet
  facet normal 0 0 1
    outer loop
      vertex 58 71.2 3
      vertex 58.80295672763063 70.89177379057287 3
      vertex 58.70534230275097 70.97082039324994 3
    endloop
  endfacet
  facet normal 0 0 1
    outer loop
      vertex 57.874565844078816 71.19342627444193 3
      vertex 59.03923048454133 70.6 3
      vertex 58.97082039324994 70.70534230275096 3
    endloop
  endfacet
  facet normal 0 0 1
    outer loop
      vertex 3 96 3
      vertex 59.2202099292274 72.74063637292781 3
      vertex 96 96 3
    endloop
  endfacet
  facet normal 0 0 1
    outer loop
      vertex 96 96 3
      vertex 60.42705098312484 68.23664424312258 3
      vertex 60.22943447643218 67.99260818092343 3
    endloop
  endfacet
  facet normal 0 0 1
    outer loop
      vertex 96 96 3
      vertex 60.598076211353316 68.5 3
      vertex 60.42705098312484 68.23664424312258 3
    endloop
  endfacet
  facet normal 0 0 1
    outer loop
      vertex 96 96 3
      vertex 60.7406363729278 68.7797900707726 3
      vertex 60.598076211353316 68.5 3
    endloop
  endfacet
  facet normal 0 0 1
    outer loop
      vertex 96 96 3
      vertex 60.85316954888546 69.07294901687516 3
      vertex 60.7406363729278 68.7797900707726 3
    endloop
  endfacet
  facet normal 0 0 1
    outer loop
      vertex 96 96 3
      vertex 60.93444280220142 69.37626492754673 3
      vertex 60.85316954888546 69.07294901687516 3
    endloop
  endfacet
  facet normal 0 0 1
    outer loop
      vertex 96 96 3
      vertex 60.98356568610482 69.68641461019703 3
      vertex 60.93444280220142 69.37626492754673 3
    endloop
  endfacet
  facet normal 0 0 1
    outer loop
      vertex 96 96 3
      vertex 61 70 3
      vertex 60.98356568610482 69.68641461019703 3
    endloop
  endfacet
  facet normal 0 0 1
    outer loop
      vertex 96 96 3
      vertex 60.98356568610482 70.31358538980297 3
      vertex 61 70 3
    endloop
  endfacet
  facet normal 0 0 1
    outer loop
      vertex 96 96 3
      vertex 60.93444280220142 70.62373507245327 3
      vertex 60.98356568610482 70.31358538980297 3
    endloop
  endfacet
  facet normal 0 0 1
    outer loop
      vertex 96 96 3
      vertex 60.85316954888546 70.92705098312484 3
      vertex 60.93444280220142 70.62373507245327 3
    endloop
  endfacet
  facet normal 0 0 1
    outer loop
      vertex 96 96 3
      vertex 60.7406363729278 71.2202099292274 3
      vertex 60.85316954888546 70.92705098312484 3
    endloop
  endfacet
  facet normal 0 0 1
    outer loop
      vertex 96 96 3
      vertex 59.76335575687742 72.42705098312484 3
      vertex 60.007391819076574 72.22943447643219 3
    endloop
  endfacet
  facet normal 0 0 1
    outer loop
      vertex 96 96 3
      vertex 59.2202099292274 72.74063637292781 3
      vertex 59.5 72.59807621135332 3
    endloop
  endfacet
  facet normal 0 0 1
    outer loop
      vertex 96 96 3
      vertex 59.5 72.59807621135332 3
      vertex 59.76335575687742 72.42705098312484 3
    endloop
  endfacet
  facet normal 0 0 1
    outer loop
      vertex 96 96 3
      vertex 60.007391819076574 72.22943447643219 3
      vertex 60.22943447643218 72.00739181907657 3
    endloop
  endfacet
  facet normal 0 0 1
    outer loop
      vertex 96 96 3
      vertex 60.22943447643218 72.00739181907657 3
      vertex 60.42705098312484 71.76335575687742 3
    endloop
  endfacet
  facet normal 0 0 1
    outer loop
      vertex 96 96 3
      vertex 60.598076211353316 71.5 3
      vertex 60.7406363729278 71.2202099292274 3
    endloop
  endfacet
  facet normal 0 0 1
    outer loop
      vertex 96 96 3
      vertex 60.42705098312484 71.76335575687742 3
      vertex 60.598076211353316 71.5 3
    endloop
  endfacet
  facet normal -1 0 0
    outer loop
      vertex 96 23.696152422706632 16
      vertex 96 96 47
      vertex 96 96 3
    endloop
  endfacet
  facet normal 0 -1 0
    outer loop
      vertex 19.827050983124842 96 29.35316954888546
      vertex 96 96 3
      vertex 96 96 47
    endloop
  endfacet
  facet normal 0 0.6293203910498367 0.7771459614569715
    outer loop
      vertex 96 14.48521636184685 8.541131047135634
      vertex 99 14.48521636184685 8.541131047135634
      vertex 96 14.973288486245162 8.145898033750315
    endloop
  endfacet
  facet normal 0 0.7071067811865476 0.7071067811865476
    outer loop
      vertex 96 14.48521636184685 8.541131047135634
      vertex 99 14.041131047135634 8.98521636184685
      vertex 99 14.48521636184685 8.541131047135634
    endloop
  endfacet
  facet normal 0 0.25881904510252324 0.9659258262890676
    outer loop
      vertex 96 16.645898033750317 7.293660902229079
      vertex 99 16.645898033750317 7.293660902229079
      vertex 96 17.252529855093442 7.131114395597166
    endloop
  endfacet
  facet normal 0 0.15643446504022926 0.987688340595138
    outer loop
      vertex 96 17.252529855093442 7.131114395597166
      vertex 99 17.252529855093442 7.131114395597166
      vertex 96 17.872829220394078 7.032868627790361
    endloop
  endfacet
  facet normal 0 0.25881904510252324 0.9659258262890676
    outer loop
      vertex 96 17.252529855093442 7.131114395597166
      vertex 99 16.645898033750317 7.293660902229079
      vertex 99 17.252529855093442 7.131114395597166
    endloop
  endfacet
  facet normal 0 0.15643446504022926 0.987688340595138
    outer loop
      vertex 96 17.872829220394078 7.032868627790361
      vertex 99 17.252529855093442 7.131114395597166
      vertex 99 17.872829220394078 7.032868627790361
    endloop
  endfacet
  facet normal 0 0.5446390350150274 0.8386705679454239
    outer loop
      vertex 96 14.973288486245162 8.145898033750315
      vertex 99 14.973288486245162 8.145898033750315
      vertex 96 15.5 7.803847577293368
    endloop
  endfacet
  facet normal -5.51006212236774e-18 0.4539904997395476 0.8910065241883673
    outer loop
      vertex 96 16.059580141545197 7.518727254144395
      vertex 96 15.5 7.803847577293368
      vertex 99 15.5 7.803847577293368
    endloop
  endfacet
  facet normal -2.326571591358517e-18 0.35836794954529794 0.9335804264972027
    outer loop
      vertex 96 16.645898033750317 7.293660902229079
      vertex 96 16.059580141545197 7.518727254144395
      vertex 99 16.059580141545197 7.518727254144395
    endloop
  endfacet
  facet normal -2.0283280997750333e-18 0.5446390350150274 0.8386705679454239
    outer loop
      vertex 99 14.973288486245162 8.145898033750315
      vertex 99 15.5 7.803847577293368
      vertex 96 15.5 7.803847577293368
    endloop
  endfacet
  facet normal 0 0.4539904997395476 0.8910065241883673
    outer loop
      vertex 96 16.059580141545197 7.518727254144395
      vertex 99 15.5 7.803847577293368
      vertex 99 16.059580141545197 7.518727254144395
    endloop
  endfacet
  facet normal 0 0.6293203910498367 0.7771459614569715
    outer loop
      vertex 96 14.973288486245162 8.145898033750315
      vertex 99 14.48521636184685 8.541131047135634
      vertex 99 14.973288486245162 8.145898033750315
    endloop
  endfacet
  facet normal 0 0.35836794954529794 0.9335804264972027
    outer loop
      vertex 96 16.645898033750317 7.293660902229079
      vertex 99 16.059580141545197 7.518727254144395
      vertex 99 16.645898033750317 7.293660902229079
    endloop
  endfacet
  facet normal 0 0.7771459614569715 0.6293203910498367
    outer loop
      vertex 96 13.645898033750315 9.473288486245162
      vertex 99 13.645898033750315 9.473288486245162
      vertex 96 14.041131047135634 8.98521636184685
    endloop
  endfacet
  facet normal -5.2946889194908305e-18 0.7071067811865476 0.7071067811865476
    outer loop
      vertex 96 14.48521636184685 8.541131047135634
      vertex 96 14.041131047135634 8.98521636184685
      vertex 99 14.041131047135634 8.98521636184685
    endloop
  endfacet
  facet normal -2.0283280997750333e-18 0.8386705679454239 0.5446390350150274
    outer loop
      vertex 96 13.645898033750315 9.473288486245162
      vertex 96 13.303847577293368 10
      vertex 99 13.303847577293368 10
    endloop
  endfacet
  facet normal 0 0.7771459614569715 0.6293203910498367
    outer loop
      vertex 96 14.041131047135634 8.98521636184685
      vertex 99 13.645898033750315 9.473288486245162
      vertex 99 14.041131047135634 8.98521636184685
    endloop
  endfacet
  facet normal 0 0.8386705679454239 0.5446390350150274
    outer loop
      vertex 96 13.645898033750315 9.473288486245162
      vertex 99 13.303847577293368 10
      vertex 99 13.645898033750315 9.473288486245162
    endloop
  endfacet
  facet normal 0 0.891006524188368 0.45399049973954647
    outer loop
      vertex 96 13.303847577293368 10
      vertex 99 13.018727254144395 10.559580141545199
      vertex 99 13.303847577293368 10
    endloop
  endfacet
  facet normal 5.572450699183718e-18 0.891006524188368 0.45399049973954647
    outer loop
      vertex 96 13.303847577293368 10
      vertex 96 13.018727254144395 10.559580141545199
      vertex 99 13.018727254144395 10.559580141545199
    endloop
  endfacet
  facet normal -1.6442002762878586e-18 0.9335804264972014 0.35836794954530105
    outer loop
      vertex 96 13.018727254144395 10.559580141545199
      vertex 96 12.793660902229078 11.145898033750315
      vertex 99 12.793660902229078 11.145898033750315
    endloop
  endfacet
  facet normal 1.8206076934979234e-18 0.9659258262890684 0.2588190451025205
    outer loop
      vertex 96 12.793660902229078 11.145898033750315
      vertex 96 12.631114395597166 11.752529855093444
      vertex 99 12.631114395597166 11.752529855093444
    endloop
  endfacet
  facet normal 0 0.9335804264972014 0.35836794954530105
    outer loop
      vertex 96 13.018727254144395 10.559580141545199
      vertex 99 12.793660902229078 11.145898033750315
      vertex 99 13.018727254144395 10.559580141545199
    endloop
  endfacet
  facet normal 0 0.9659258262890684 0.2588190451025205
    outer loop
      vertex 96 12.793660902229078 11.145898033750315
      vertex 99 12.631114395597166 11.752529855093444
      vertex 99 12.793660902229078 11.145898033750315
    endloop
  endfacet
  facet normal 0 0.05233595624294484 0.9986295347545737
    outer loop
      vertex 96 17.872829220394078 7.032868627790361
      vertex 99 17.872829220394078 7.032868627790361
      vertex 96 18.5 7
    endloop
  endfacet
  facet normal 0 -0.05233595624294484 0.9986295347545737
    outer loop
      vertex 96 18.5 7
      vertex 99 18.5 7
      vertex 96 19.127170779605922 7.032868627790361
    endloop
  endfacet
  facet normal 0 -0.15643446504022926 0.987688340595138
    outer loop
      vertex 96 19.127170779605922 7.032868627790361
      vertex 99 19.127170779605922 7.032868627790361
      vertex 96 19.747470144906558 7.131114395597166
    endloop
  endfacet
  facet normal 0 -0.25881904510252324 0.9659258262890676
    outer loop
      vertex 96 19.747470144906558 7.131114395597166
      vertex 99 19.747470144906558 7.131114395597166
      vertex 96 20.354101966249683 7.293660902229079
    endloop
  endfacet
  facet normal 0 0.05233595624294484 0.9986295347545737
    outer loop
      vertex 96 18.5 7
      vertex 99 17.872829220394078 7.032868627790361
      vertex 99 18.5 7
    endloop
  endfacet
  facet normal 3.66099986133214e-19 -0.05233595624294484 0.9986295347545737
    outer loop
      vertex 99 18.5 7
      vertex 99 19.127170779605922 7.032868627790361
      vertex 96 19.127170779605922 7.032868627790361
    endloop
  endfacet
  facet normal 0 -0.15643446504022926 0.987688340595138
    outer loop
      vertex 96 19.747470144906558 7.131114395597166
      vertex 99 19.127170779605922 7.032868627790361
      vertex 99 19.747470144906558 7.131114395597166
    endloop
  endfacet
  facet normal 0 -0.25881904510252324 0.9659258262890676
    outer loop
      vertex 96 20.354101966249683 7.293660902229079
      vertex 99 19.747470144906558 7.131114395597166
      vertex 99 20.354101966249683 7.293660902229079
    endloop
  endfacet
  facet normal 0 -0.35836794954529794 0.9335804264972027
    outer loop
      vertex 96 20.354101966249683 7.293660902229079
      vertex 99 20.354101966249683 7.293660902229079
      vertex 96 20.940419858454803 7.518727254144395
    endloop
  endfacet
  facet normal 2.326571591358517e-18 -0.35836794954529794 0.9335804264972027
    outer loop
      vertex 99 20.354101966249683 7.293660902229079
      vertex 99 20.940419858454803 7.518727254144395
      vertex 96 20.940419858454803 7.518727254144395
    endloop
  endfacet
  facet normal 0 -0.4539904997395476 0.8910065241883673
    outer loop
      vertex 96 20.940419858454803 7.518727254144395
      vertex 99 20.940419858454803 7.518727254144395
      vertex 96 21.5 7.803847577293368
    endloop
  endfacet
  facet normal 0 -0.5446390350150261 0.8386705679454247
    outer loop
      vertex 96 21.5 7.803847577293368
      vertex 99 21.5 7.803847577293368
      vertex 96 22.02671151375484 8.145898033750315
    endloop
  endfacet
  facet normal 0 -0.6293203910498395 0.7771459614569692
    outer loop
      vertex 96 22.02671151375484 8.145898033750315
      vertex 99 22.02671151375484 8.145898033750315
      vertex 96 22.514783638153148 8.541131047135634
    endloop
  endfacet
  facet normal 0 -0.7071067811865476 0.7071067811865476
    outer loop
      vertex 96 22.514783638153148 8.541131047135634
      vertex 99 22.514783638153148 8.541131047135634
      vertex 96 22.958868952864364 8.98521636184685
    endloop
  endfacet
  facet normal 0 -0.4539904997395476 0.8910065241883673
    outer loop
      vertex 96 21.5 7.803847577293368
      vertex 99 20.940419858454803 7.518727254144395
      vertex 99 21.5 7.803847577293368
    endloop
  endfacet
  facet normal 4.2596902641425543e-19 -0.5446390350150261 0.8386705679454247
    outer loop
      vertex 99 21.5 7.803847577293368
      vertex 99 22.02671151375484 8.145898033750315
      vertex 96 22.02671151375484 8.145898033750315
    endloop
  endfacet
  facet normal 0 -0.6293203910498395 0.7771459614569692
    outer loop
      vertex 96 22.514783638153148 8.541131047135634
      vertex 99 22.02671151375484 8.145898033750315
      vertex 99 22.514783638153148 8.541131047135634
    endloop
  endfacet
  facet normal 0 -0.7771459614569687 0.62932039104984
    outer loop
      vertex 96 22.958868952864364 8.98521636184685
      vertex 99 22.958868952864364 8.98521636184685
      vertex 96 23.354101966249686 9.473288486245162
    endloop
  endfacet
  facet normal 0 -0.8386705679454252 0.5446390350150253
    outer loop
      vertex 96 23.354101966249686 9.473288486245162
      vertex 99 23.354101966249686 9.473288486245162
      vertex 96 23.696152422706632 10
    endloop
  endfacet
  facet normal 0 -0.891006524188368 0.45399049973954647
    outer loop
      vertex 96 23.696152422706632 10
      vertex 99 23.696152422706632 10
      vertex 96 23.981272745855605 10.559580141545199
    endloop
  endfacet
  facet normal 5.2946889194908305e-18 -0.7071067811865476 0.7071067811865476
    outer loop
      vertex 99 22.514783638153148 8.541131047135634
      vertex 99 22.958868952864364 8.98521636184685
      vertex 96 22.958868952864364 8.98521636184685
    endloop
  endfacet
  facet normal 0 -0.7771459614569687 0.62932039104984
    outer loop
      vertex 96 23.354101966249686 9.473288486245162
      vertex 99 22.958868952864364 8.98521636184685
      vertex 99 23.354101966249686 9.473288486245162
    endloop
  endfacet
  facet normal 0 -0.8386705679454252 0.5446390350150253
    outer loop
      vertex 96 23.696152422706632 10
      vertex 99 23.354101966249686 9.473288486245162
      vertex 99 23.696152422706632 10
    endloop
  endfacet
  facet normal 0 -0.9335804264972014 0.35836794954530105
    outer loop
      vertex 96 23.981272745855605 10.559580141545199
      vertex 99 23.981272745855605 10.559580141545199
      vertex 96 24.206339097770922 11.145898033750315
    endloop
  endfacet
  facet normal -5.572450699183718e-18 -0.891006524188368 0.45399049973954647
    outer loop
      vertex 99 23.696152422706632 10
      vertex 99 23.981272745855605 10.559580141545199
      vertex 96 23.981272745855605 10.559580141545199
    endloop
  endfacet
  facet normal 0 -0.9335804264972014 0.35836794954530105
    outer loop
      vertex 96 24.206339097770922 11.145898033750315
      vertex 99 23.981272745855605 10.559580141545199
      vertex 99 24.206339097770922 11.145898033750315
    endloop
  endfacet
  facet normal 4.068012691584893e-19 0.987688340595138 0.15643446504022926
    outer loop
      vertex 96 12.631114395597166 11.752529855093444
      vertex 96 12.53286862779036 12.37282922039408
      vertex 99 12.53286862779036 12.37282922039408
    endloop
  endfacet
  facet normal -6.814697458962758e-19 0.9986295347545737 0.05233595624294499
    outer loop
      vertex 96 12.53286862779036 12.37282922039408
      vertex 96 12.5 13
      vertex 99 12.5 13
    endloop
  endfacet
  facet normal 0 0.987688340595138 0.15643446504022926
    outer loop
      vertex 96 12.631114395597166 11.752529855093444
      vertex 99 12.53286862779036 12.37282922039408
      vertex 99 12.631114395597166 11.752529855093444
    endloop
  endfacet
  facet normal 0 0.9986295347545737 0.05233595624294499
    outer loop
      vertex 96 12.53286862779036 12.37282922039408
      vertex 99 12.5 13
      vertex 99 12.53286862779036 12.37282922039408
    endloop
  endfacet
  facet normal 0 0.9986295347545737 -0.05233595624294499
    outer loop
      vertex 96 12.5 13
      vertex 99 12.53286862779036 13.62717077960592
      vertex 99 12.5 13
    endloop
  endfacet
  facet normal 6.814697458962758e-19 0.9986295347545737 -0.05233595624294499
    outer loop
      vertex 96 12.5 13
      vertex 96 12.53286862779036 13.62717077960592
      vertex 99 12.53286862779036 13.62717077960592
    endloop
  endfacet
  facet normal -4.068012691584893e-19 0.987688340595138 -0.15643446504022926
    outer loop
      vertex 96 12.53286862779036 13.62717077960592
      vertex 96 12.631114395597166 14.247470144906556
      vertex 99 12.631114395597166 14.247470144906556
    endloop
  endfacet
  facet normal -1.8206076934979234e-18 0.9659258262890684 -0.2588190451025205
    outer loop
      vertex 96 12.631114395597166 14.247470144906556
      vertex 96 12.793660902229078 14.854101966249685
      vertex 99 12.793660902229078 14.854101966249685
    endloop
  endfacet
  facet normal 0 0.987688340595138 -0.15643446504022926
    outer loop
      vertex 96 12.53286862779036 13.62717077960592
      vertex 99 12.631114395597166 14.247470144906556
      vertex 99 12.53286862779036 13.62717077960592
    endloop
  endfacet
  facet normal 0 0.9659258262890684 -0.2588190451025205
    outer loop
      vertex 96 12.631114395597166 14.247470144906556
      vertex 99 12.793660902229078 14.854101966249685
      vertex 99 12.631114395597166 14.247470144906556
    endloop
  endfacet
  facet normal 1.6442002762878586e-18 0.9335804264972014 -0.35836794954530105
    outer loop
      vertex 96 12.793660902229078 14.854101966249685
      vertex 96 13.018727254144395 15.440419858454801
      vertex 99 13.018727254144395 15.440419858454801
    endloop
  endfacet
  facet normal -5.572450699183718e-18 0.891006524188368 -0.45399049973954647
    outer loop
      vertex 96 13.018727254144395 15.440419858454801
      vertex 96 13.303847577293368 16
      vertex 99 13.303847577293368 16
    endloop
  endfacet
  facet normal 0 0.9335804264972014 -0.35836794954530105
    outer loop
      vertex 96 12.793660902229078 14.854101966249685
      vertex 99 13.018727254144395 15.440419858454801
      vertex 99 12.793660902229078 14.854101966249685
    endloop
  endfacet
  facet normal 0 0.891006524188368 -0.45399049973954647
    outer loop
      vertex 96 13.018727254144395 15.440419858454801
      vertex 99 13.303847577293368 16
      vertex 99 13.018727254144395 15.440419858454801
    endloop
  endfacet
  facet normal 4.2596902641425543e-19 0.8386705679454247 -0.5446390350150261
    outer loop
      vertex 96 13.303847577293368 16
      vertex 96 13.645898033750315 16.52671151375484
      vertex 99 13.645898033750315 16.52671151375484
    endloop
  endfacet
  facet normal 1.3098598052026404e-18 0.7771459614569692 -0.6293203910498395
    outer loop
      vertex 96 13.645898033750315 16.52671151375484
      vertex 96 14.041131047135634 17.014783638153148
      vertex 99 14.041131047135634 17.014783638153148
    endloop
  endfacet
  facet normal 5.2946889194908305e-18 0.7071067811865476 -0.7071067811865476
    outer loop
      vertex 96 14.041131047135634 17.014783638153148
      vertex 96 14.48521636184685 17.458868952864364
      vertex 99 14.48521636184685 17.458868952864364
    endloop
  endfacet
  facet normal 0 0.8386705679454247 -0.5446390350150261
    outer loop
      vertex 96 13.303847577293368 16
      vertex 99 13.645898033750315 16.52671151375484
      vertex 99 13.303847577293368 16
    endloop
  endfacet
  facet normal 0 0.7771459614569692 -0.6293203910498395
    outer loop
      vertex 96 13.645898033750315 16.52671151375484
      vertex 99 14.041131047135634 17.014783638153148
      vertex 99 13.645898033750315 16.52671151375484
    endloop
  endfacet
  facet normal 0 0.7071067811865476 -0.7071067811865476
    outer loop
      vertex 96 14.041131047135634 17.014783638153148
      vertex 99 14.48521636184685 17.458868952864364
      vertex 99 14.041131047135634 17.014783638153148
    endloop
  endfacet
  facet normal 0 0.62932039104984 -0.7771459614569687
    outer loop
      vertex 96 14.48521636184685 17.458868952864364
      vertex 99 14.973288486245162 17.854101966249686
      vertex 99 14.48521636184685 17.458868952864364
    endloop
  endfacet
  facet normal 0 -0.9335804264972014 -0.35836794954530105
    outer loop
      vertex 96 24.206339097770922 14.854101966249685
      vertex 99 24.206339097770922 14.854101966249685
      vertex 96 23.981272745855605 15.440419858454801
    endloop
  endfacet
  facet normal 5.572450699183718e-18 -0.891006524188368 -0.45399049973954647
    outer loop
      vertex 96 23.696152422706632 16
      vertex 96 23.981272745855605 15.440419858454801
      vertex 99 23.981272745855605 15.440419858454801
    endloop
  endfacet
  facet normal 0 -0.9335804264972014 -0.35836794954530105
    outer loop
      vertex 96 23.981272745855605 15.440419858454801
      vertex 99 24.206339097770922 14.854101966249685
      vertex 99 23.981272745855605 15.440419858454801
    endloop
  endfacet
  facet normal 0 -0.891006524188368 -0.45399049973954647
    outer loop
      vertex 96 23.696152422706632 16
      vertex 99 23.981272745855605 15.440419858454801
      vertex 99 23.696152422706632 16
    endloop
  endfacet
  facet normal 0 -0.6293203910498428 -0.7771459614569663
    outer loop
      vertex 96 22.514783638153148 17.458868952864364
      vertex 99 22.514783638153148 17.458868952864364
      vertex 96 22.02671151375484 17.854101966249686
    endloop
  endfacet
  facet normal 6.45023491271791e-18 -0.7771459614569663 -0.6293203910498428
    outer loop
      vertex 96 22.958868952864364 17.014783638153148
      vertex 96 23.354101966249686 16.52671151375484
      vertex 99 23.354101966249686 16.52671151375484
    endloop
  endfacet
  facet normal 0 -0.8386705679454259 -0.5446390350150241
    outer loop
      vertex 96 23.696152422706632 16
      vertex 99 23.696152422706632 16
      vertex 96 23.354101966249686 16.52671151375484
    endloop
  endfacet
  facet normal 0 -0.7071067811865476 -0.7071067811865476
    outer loop
      vertex 96 22.958868952864364 17.014783638153148
      vertex 99 22.958868952864364 17.014783638153148
      vertex 96 22.514783638153148 17.458868952864364
    endloop
  endfacet
  facet normal 0 -0.7071067811865476 -0.7071067811865476
    outer loop
      vertex 96 22.514783638153148 17.458868952864364
      vertex 99 22.958868952864364 17.014783638153148
      vertex 99 22.514783638153148 17.458868952864364
    endloop
  endfacet
  facet normal 0 -0.7771459614569663 -0.6293203910498428
    outer loop
      vertex 96 22.958868952864364 17.014783638153148
      vertex 99 23.354101966249686 16.52671151375484
      vertex 99 22.958868952864364 17.014783638153148
    endloop
  endfacet
  facet normal -4.704932424546811e-18 -0.8386705679454259 -0.5446390350150241
    outer loop
      vertex 99 23.696152422706632 16
      vertex 99 23.354101966249686 16.52671151375484
      vertex 96 23.354101966249686 16.52671151375484
    endloop
  endfacet
  facet normal 2.2387946662203717e-18 0.62932039104984 -0.7771459614569687
    outer loop
      vertex 96 14.48521636184685 17.458868952864364
      vertex 96 14.973288486245162 17.854101966249686
      vertex 99 14.973288486245162 17.854101966249686
    endloop
  endfacet
  facet normal 6.307291497909276e-18 0.5446390350150253 -0.8386705679454252
    outer loop
      vertex 96 14.973288486245162 17.854101966249686
      vertex 96 15.5 18.196152422706632
      vertex 99 15.5 18.196152422706632
    endloop
  endfacet
  facet normal 5.51006212236774e-18 0.4539904997395476 -0.8910065241883673
    outer loop
      vertex 96 15.5 18.196152422706632
      vertex 96 16.059580141545197 18.481272745855605
      vertex 99 16.059580141545197 18.481272745855605
    endloop
  endfacet
  facet normal -1.1769883521340523e-18 0.35836794954529916 -0.9335804264972022
    outer loop
      vertex 96 16.059580141545197 18.481272745855605
      vertex 96 16.645898033750317 18.706339097770922
      vertex 99 16.645898033750317 18.706339097770922
    endloop
  endfacet
  facet normal 1.0380018883982944e-18 0.2588190451025219 -0.965925826289068
    outer loop
      vertex 96 16.645898033750317 18.706339097770922
      vertex 96 17.252529855093442 18.868885604402834
      vertex 99 17.252529855093442 18.868885604402834
    endloop
  endfacet
  facet normal -4.068012691584893e-19 0.15643446504022926 -0.987688340595138
    outer loop
      vertex 96 17.252529855093442 18.868885604402834
      vertex 96 17.872829220394078 18.96713137220964
      vertex 99 17.872829220394078 18.96713137220964
    endloop
  endfacet
  facet normal 0 0.5446390350150253 -0.8386705679454252
    outer loop
      vertex 96 14.973288486245162 17.854101966249686
      vertex 99 15.5 18.196152422706632
      vertex 99 14.973288486245162 17.854101966249686
    endloop
  endfacet
  facet normal 0 0.4539904997395476 -0.8910065241883673
    outer loop
      vertex 96 15.5 18.196152422706632
      vertex 99 16.059580141545197 18.481272745855605
      vertex 99 15.5 18.196152422706632
    endloop
  endfacet
  facet normal 0 0.35836794954529916 -0.9335804264972022
    outer loop
      vertex 96 16.059580141545197 18.481272745855605
      vertex 99 16.645898033750317 18.706339097770922
      vertex 99 16.059580141545197 18.481272745855605
    endloop
  endfacet
  facet normal 0 0.2588190451025219 -0.965925826289068
    outer loop
      vertex 96 16.645898033750317 18.706339097770922
      vertex 99 17.252529855093442 18.868885604402834
      vertex 99 16.645898033750317 18.706339097770922
    endloop
  endfacet
  facet normal 0 0.15643446504022926 -0.987688340595138
    outer loop
      vertex 96 17.252529855093442 18.868885604402834
      vertex 99 17.872829220394078 18.96713137220964
      vertex 99 17.252529855093442 18.868885604402834
    endloop
  endfacet
  facet normal 3.66099986133214e-19 0.05233595624294484 -0.9986295347545737
    outer loop
      vertex 96 17.872829220394078 18.96713137220964
      vertex 96 18.5 19
      vertex 99 18.5 19
    endloop
  endfacet
  facet normal -3.66099986133214e-19 -0.05233595624294484 -0.9986295347545737
    outer loop
      vertex 96 18.5 19
      vertex 96 19.127170779605922 18.96713137220964
      vertex 99 19.127170779605922 18.96713137220964
    endloop
  endfacet
  facet normal 4.068012691584893e-19 -0.15643446504022926 -0.987688340595138
    outer loop
      vertex 96 19.127170779605922 18.96713137220964
      vertex 96 19.747470144906558 18.868885604402834
      vertex 99 19.747470144906558 18.868885604402834
    endloop
  endfacet
  facet normal -1.0380018883982944e-18 -0.2588190451025219 -0.965925826289068
    outer loop
      vertex 96 19.747470144906558 18.868885604402834
      vertex 96 20.354101966249683 18.706339097770922
      vertex 99 20.354101966249683 18.706339097770922
    endloop
  endfacet
  facet normal 1.1769883521340523e-18 -0.35836794954529916 -0.9335804264972022
    outer loop
      vertex 96 20.354101966249683 18.706339097770922
      vertex 96 20.940419858454803 18.481272745855605
      vertex 99 20.940419858454803 18.481272745855605
    endloop
  endfacet
  facet normal 0 0.05233595624294484 -0.9986295347545737
    outer loop
      vertex 96 17.872829220394078 18.96713137220964
      vertex 99 18.5 19
      vertex 99 17.872829220394078 18.96713137220964
    endloop
  endfacet
  facet normal 0 -0.05233595624294484 -0.9986295347545737
    outer loop
      vertex 96 18.5 19
      vertex 99 19.127170779605922 18.96713137220964
      vertex 99 18.5 19
    endloop
  endfacet
  facet normal 0 -0.15643446504022926 -0.987688340595138
    outer loop
      vertex 96 19.127170779605922 18.96713137220964
      vertex 99 19.747470144906558 18.868885604402834
      vertex 99 19.127170779605922 18.96713137220964
    endloop
  endfacet
  facet normal 0 -0.2588190451025219 -0.965925826289068
    outer loop
      vertex 96 19.747470144906558 18.868885604402834
      vertex 99 20.354101966249683 18.706339097770922
      vertex 99 19.747470144906558 18.868885604402834
    endloop
  endfacet
  facet normal 0 -0.35836794954529916 -0.9335804264972022
    outer loop
      vertex 96 20.354101966249683 18.706339097770922
      vertex 99 20.940419858454803 18.481272745855605
      vertex 99 20.354101966249683 18.706339097770922
    endloop
  endfacet
  facet normal -4.704932424546811e-18 -0.5446390350150241 -0.8386705679454259
    outer loop
      vertex 96 21.5 18.196152422706632
      vertex 96 22.02671151375484 17.854101966249686
      vertex 99 22.02671151375484 17.854101966249686
    endloop
  endfacet
  facet normal 0 -0.4539904997395476 -0.8910065241883673
    outer loop
      vertex 96 21.5 18.196152422706632
      vertex 99 21.5 18.196152422706632
      vertex 96 20.940419858454803 18.481272745855605
    endloop
  endfacet
  facet normal 0 -0.5446390350150241 -0.8386705679454259
    outer loop
      vertex 96 21.5 18.196152422706632
      vertex 99 22.02671151375484 17.854101966249686
      vertex 99 21.5 18.196152422706632
    endloop
  endfacet
  facet normal 6.45023491271791e-18 -0.6293203910498428 -0.7771459614569663
    outer loop
      vertex 99 22.514783638153148 17.458868952864364
      vertex 99 22.02671151375484 17.854101966249686
      vertex 96 22.02671151375484 17.854101966249686
    endloop
  endfacet
  facet normal 0 -0.4539904997395476 -0.8910065241883673
    outer loop
      vertex 96 20.940419858454803 18.481272745855605
      vertex 99 21.5 18.196152422706632
      vertex 99 20.940419858454803 18.481272745855605
    endloop
  endfacet
  facet normal 0 -0.9659258262890684 0.2588190451025205
    outer loop
      vertex 96 24.206339097770922 11.145898033750315
      vertex 99 24.206339097770922 11.145898033750315
      vertex 96 24.368885604402834 11.752529855093444
    endloop
  endfacet
  facet normal -1.8206076934979234e-18 -0.9659258262890684 0.2588190451025205
    outer loop
      vertex 99 24.206339097770922 11.145898033750315
      vertex 99 24.368885604402834 11.752529855093444
      vertex 96 24.368885604402834 11.752529855093444
    endloop
  endfacet
  facet normal 0 -0.987688340595138 0.15643446504022926
    outer loop
      vertex 96 24.368885604402834 11.752529855093444
      vertex 99 24.368885604402834 11.752529855093444
      vertex 96 24.46713137220964 12.37282922039408
    endloop
  endfacet
  facet normal 0 -0.9986295347545737 0.05233595624294499
    outer loop
      vertex 96 24.46713137220964 12.37282922039408
      vertex 99 24.46713137220964 12.37282922039408
      vertex 96 24.5 13
    endloop
  endfacet
  facet normal 0 -0.9986295347545737 -0.05233595624294499
    outer loop
      vertex 96 24.5 13
      vertex 99 24.5 13
      vertex 96 24.46713137220964 13.62717077960592
    endloop
  endfacet
  facet normal 0 -0.987688340595138 0.15643446504022926
    outer loop
      vertex 96 24.46713137220964 12.37282922039408
      vertex 99 24.368885604402834 11.752529855093444
      vertex 99 24.46713137220964 12.37282922039408
    endloop
  endfacet
  facet normal 0 -0.9986295347545737 0.05233595624294499
    outer loop
      vertex 96 24.5 13
      vertex 99 24.46713137220964 12.37282922039408
      vertex 99 24.5 13
    endloop
  endfacet
  facet normal 0 -0.987688340595138 -0.15643446504022926
    outer loop
      vertex 96 24.46713137220964 13.62717077960592
      vertex 99 24.46713137220964 13.62717077960592
      vertex 96 24.368885604402834 14.247470144906556
    endloop
  endfacet
  facet normal 0 -0.9659258262890684 -0.2588190451025205
    outer loop
      vertex 96 24.368885604402834 14.247470144906556
      vertex 99 24.368885604402834 14.247470144906556
      vertex 96 24.206339097770922 14.854101966249685
    endloop
  endfacet
  facet normal -6.814697458962758e-19 -0.9986295347545737 -0.05233595624294499
    outer loop
      vertex 99 24.5 13
      vertex 99 24.46713137220964 13.62717077960592
      vertex 96 24.46713137220964 13.62717077960592
    endloop
  endfacet
  facet normal 0 -0.987688340595138 -0.15643446504022926
    outer loop
      vertex 96 24.368885604402834 14.247470144906556
      vertex 99 24.46713137220964 13.62717077960592
      vertex 99 24.368885604402834 14.247470144906556
    endloop
  endfacet
  facet normal 1.8206076934979234e-18 -0.9659258262890684 -0.2588190451025205
    outer loop
      vertex 99 24.368885604402834 14.247470144906556
      vertex 99 24.206339097770922 14.854101966249685
      vertex 96 24.206339097770922 14.854101966249685
    endloop
  endfacet
  facet normal 1 0 0
    outer loop
      vertex 44.5 0 5
      vertex 44.5 3 5
      vertex 44.5 0 7
    endloop
  endfacet
  facet normal 0 0 1
    outer loop
      vertex 44.5 0 5
      vertex 54.5 3 5
      vertex 44.5 3 5
    endloop
  endfacet
  facet normal 1 0 0
    outer loop
      vertex 44.5 3 5
      vertex 44.5 3 7
      vertex 44.5 0 7
    endloop
  endfacet
  facet normal 0 0 -1
    outer loop
      vertex 44.5 0 7
      vertex 44.5 3 7
      vertex 54.5 0 7
    endloop
  endfacet
  facet normal 0 0 1
    outer loop
      vertex 44.5 0 5
      vertex 54.5 0 5
      vertex 54.5 3 5
    endloop
  endfacet
  facet normal -1 0 0
    outer loop
      vertex 54.5 0 5
      vertex 54.5 3 7
      vertex 54.5 3 5
    endloop
  endfacet
  facet normal 0 0 -1
    outer loop
      vertex 44.5 3 7
      vertex 54.5 3 7
      vertex 54.5 0 7
    endloop
  endfacet
  facet normal -1 0 0
    outer loop
      vertex 54.5 0 5
      vertex 54.5 0 7
      vertex 54.5 3 7
    endloop
  endfacet
  facet normal -0.8386705679454227 -0.5446390350150293 0
    outer loop
      vertex 55.401923788646684 68.5 7
      vertex 55.401923788646684 68.5 3
      vertex 55.57294901687516 68.23664424312258 3
    endloop
  endfacet
  facet normal -0.777145961456971 -0.6293203910498374 0
    outer loop
      vertex 55.57294901687516 68.23664424312258 7
      vertex 55.57294901687516 68.23664424312258 3
      vertex 55.77056552356782 67.99260818092343 3
    endloop
  endfacet
  facet normal -0.8386705679454227 -0.5446390350150293 0
    outer loop
      vertex 55.57294901687516 68.23664424312258 7
      vertex 55.401923788646684 68.5 7
      vertex 55.57294901687516 68.23664424312258 3
    endloop
  endfacet
  facet normal -0.9335804264971985 -0.3583679495453086 0
    outer loop
      vertex 55.14683045111454 69.07294901687516 7
      vertex 55.14683045111454 69.07294901687516 3
      vertex 55.2593636270722 68.7797900707726 3
    endloop
  endfacet
  facet normal -0.8910065241883721 -0.4539904997395385 0
    outer loop
      vertex 55.2593636270722 68.7797900707726 7
      vertex 55.2593636270722 68.7797900707726 3
      vertex 55.401923788646684 68.5 3
    endloop
  endfacet
  facet normal -0.9659258262890699 -0.2588190451025148 0
    outer loop
      vertex 55.06555719779858 69.37626492754673 7
      vertex 55.06555719779858 69.37626492754673 3
      vertex 55.14683045111454 69.07294901687516 3
    endloop
  endfacet
  facet normal -0.9876883405951379 -0.15643446504022984 0
    outer loop
      vertex 55.01643431389518 69.68641461019703 7
      vertex 55.01643431389518 69.68641461019703 3
      vertex 55.06555719779858 69.37626492754673 3
    endloop
  endfacet
  facet normal -0.9986295347545736 -0.0523359562429496 0
    outer loop
      vertex 55 70 7
      vertex 55 70 3
      vertex 55.01643431389518 69.68641461019703 3
    endloop
  endfacet
  facet normal -0.9986295347545736 0.0523359562429496 0
    outer loop
      vertex 55.01643431389518 70.31358538980297 7
      vertex 55.01643431389518 70.31358538980297 3
      vertex 55 70 3
    endloop
  endfacet
  facet normal -0.9876883405951379 0.15643446504022984 0
    outer loop
      vertex 55.06555719779858 70.62373507245327 7
      vertex 55.06555719779858 70.62373507245327 3
      vertex 55.01643431389518 70.31358538980297 3
    endloop
  endfacet
  facet normal -0.9659258262890699 0.2588190451025148 0
    outer loop
      vertex 55.14683045111454 70.92705098312484 7
      vertex 55.14683045111454 70.92705098312484 3
      vertex 55.06555719779858 70.62373507245327 3
    endloop
  endfacet
  facet normal -0.9335804264971985 0.3583679495453086 0
    outer loop
      vertex 55.2593636270722 71.2202099292274 7
      vertex 55.2593636270722 71.2202099292274 3
      vertex 55.14683045111454 70.92705098312484 3
    endloop
  endfacet
  facet normal -0.8910065241883721 0.4539904997395385 0
    outer loop
      vertex 55.401923788646684 71.5 7
      vertex 55.401923788646684 71.5 3
      vertex 55.2593636270722 71.2202099292274 3
    endloop
  endfacet
  facet normal -0.9335804264971985 -0.3583679495453086 0
    outer loop
      vertex 55.2593636270722 68.7797900707726 7
      vertex 55.14683045111454 69.07294901687516 7
      vertex 55.2593636270722 68.7797900707726 3
    endloop
  endfacet
  facet normal -0.9659258262890699 -0.2588190451025148 0
    outer loop
      vertex 55.14683045111454 69.07294901687516 7
      vertex 55.06555719779858 69.37626492754673 7
      vertex 55.14683045111454 69.07294901687516 3
    endloop
  endfacet
  facet normal -0.8910065241883721 -0.4539904997395385 -1.9646559246441325e-18
    outer loop
      vertex 55.2593636270722 68.7797900707726 7
      vertex 55.401923788646684 68.5 3
      vertex 55.401923788646684 68.5 7
    endloop
  endfacet
  facet normal -0.9876883405951379 -0.15643446504022984 -2.533394842201621e-19
    outer loop
      vertex 55.01643431389518 69.68641461019703 7
      vertex 55.06555719779858 69.37626492754673 3
      vertex 55.06555719779858 69.37626492754673 7
    endloop
  endfacet
  facet normal -0.9986295347545736 -0.0523359562429496 0
    outer loop
      vertex 55.01643431389518 69.68641461019703 7
      vertex 55 70 7
      vertex 55.01643431389518 69.68641461019703 3
    endloop
  endfacet
  facet normal -0.9986295347545736 0.0523359562429496 0
    outer loop
      vertex 55 70 7
      vertex 55.01643431389518 70.31358538980297 7
      vertex 55 70 3
    endloop
  endfacet
  facet normal -0.9876883405951379 0.15643446504022984 0
    outer loop
      vertex 55.01643431389518 70.31358538980297 7
      vertex 55.06555719779858 70.62373507245327 7
      vertex 55.01643431389518 70.31358538980297 3
    endloop
  endfacet
  facet normal -0.9659258262890699 0.2588190451025148 0
    outer loop
      vertex 55.06555719779858 70.62373507245327 7
      vertex 55.14683045111454 70.92705098312484 7
      vertex 55.06555719779858 70.62373507245327 3
    endloop
  endfacet
  facet normal -0.9335804264971985 0.3583679495453086 0
    outer loop
      vertex 55.14683045111454 70.92705098312484 7
      vertex 55.2593636270722 71.2202099292274 7
      vertex 55.14683045111454 70.92705098312484 3
    endloop
  endfacet
  facet normal -0.8910065241883721 0.4539904997395385 0
    outer loop
      vertex 55.2593636270722 71.2202099292274 7
      vertex 55.401923788646684 71.5 7
      vertex 55.2593636270722 71.2202099292274 3
    endloop
  endfacet
  facet normal -0.8386705679454227 0.5446390350150293 0
    outer loop
      vertex 55.401923788646684 71.5 7
      vertex 55.57294901687516 71.76335575687742 7
      vertex 55.401923788646684 71.5 3
    endloop
  endfacet
  facet normal -0.8386705679454227 0.5446390350150293 0
    outer loop
      vertex 55.57294901687516 71.76335575687742 7
      vertex 55.57294901687516 71.76335575687742 3
      vertex 55.401923788646684 71.5 3
    endloop
  endfacet
  facet normal -0.777145961456971 0.6293203910498374 0
    outer loop
      vertex 55.57294901687516 71.76335575687742 7
      vertex 55.77056552356782 72.00739181907657 7
      vertex 55.57294901687516 71.76335575687742 3
    endloop
  endfacet
  facet normal -0.6293203910498237 -0.7771459614569821 0
    outer loop
      vertex 56.23664424312258 67.57294901687516 7
      vertex 55.992608180923426 67.77056552356781 3
      vertex 56.23664424312258 67.57294901687516 3
    endloop
  endfacet
  facet normal -0.5446390350150293 -0.8386705679454227 0
    outer loop
      vertex 56.5 67.40192378864668 7
      vertex 56.23664424312258 67.57294901687516 3
      vertex 56.5 67.40192378864668 3
    endloop
  endfacet
  facet normal -0.7071067811865589 -0.7071067811865362 0
    outer loop
      vertex 55.77056552356782 67.99260818092343 7
      vertex 55.77056552356782 67.99260818092343 3
      vertex 55.992608180923426 67.77056552356781 3
    endloop
  endfacet
  facet normal -0.4539904997395656 -0.8910065241883584 0
    outer loop
      vertex 56.7797900707726 67.25936362707219 7
      vertex 56.5 67.40192378864668 3
      vertex 56.7797900707726 67.25936362707219 3
    endloop
  endfacet
  facet normal -0.3583679495452813 -0.933580426497209 0
    outer loop
      vertex 57.07294901687516 67.14683045111454 7
      vertex 56.7797900707726 67.25936362707219 3
      vertex 57.07294901687516 67.14683045111454 3
    endloop
  endfacet
  facet normal -0.2588190451025205 -0.9659258262890684 0
    outer loop
      vertex 57.37626492754672 67.06555719779858 7
      vertex 57.07294901687516 67.14683045111454 3
      vertex 57.37626492754672 67.06555719779858 3
    endloop
  endfacet
  facet normal -0.15643446504024494 -0.9876883405951354 0
    outer loop
      vertex 57.68641461019704 67.01643431389518 7
      vertex 57.37626492754672 67.06555719779858 3
      vertex 57.68641461019704 67.01643431389518 3
    endloop
  endfacet
  facet normal -0.052335956242928215 -0.9986295347545746 0
    outer loop
      vertex 58 67 7
      vertex 57.68641461019704 67.01643431389518 3
      vertex 58 67 3
    endloop
  endfacet
  facet normal 0.052335956242928215 -0.9986295347545746 0
    outer loop
      vertex 58.31358538980296 67.01643431389518 7
      vertex 58 67 3
      vertex 58.31358538980296 67.01643431389518 3
    endloop
  endfacet
  facet normal 0.15643446504024494 -0.9876883405951354 0
    outer loop
      vertex 58.62373507245328 67.06555719779858 7
      vertex 58.31358538980296 67.01643431389518 3
      vertex 58.62373507245328 67.06555719779858 3
    endloop
  endfacet
  facet normal -0.5446390350150293 -0.8386705679454227 0
    outer loop
      vertex 56.23664424312258 67.57294901687516 7
      vertex 56.23664424312258 67.57294901687516 3
      vertex 56.5 67.40192378864668 7
    endloop
  endfacet
  facet normal -0.7071067811865589 -0.7071067811865362 1.4855262577733346e-18
    outer loop
      vertex 55.77056552356782 67.99260818092343 7
      vertex 55.992608180923426 67.77056552356781 3
      vertex 55.992608180923426 67.77056552356781 7
    endloop
  endfacet
  facet normal -0.6293203910498237 -0.7771459614569821 8.348843779100962e-19
    outer loop
      vertex 56.23664424312258 67.57294901687516 7
      vertex 55.992608180923426 67.77056552356781 7
      vertex 55.992608180923426 67.77056552356781 3
    endloop
  endfacet
  facet normal -0.777145961456971 -0.6293203910498374 1.4263860903005903e-18
    outer loop
      vertex 55.57294901687516 68.23664424312258 7
      vertex 55.77056552356782 67.99260818092343 3
      vertex 55.77056552356782 67.99260818092343 7
    endloop
  endfacet
  facet normal -0.4539904997395656 -0.8910065241883584 0
    outer loop
      vertex 56.5 67.40192378864668 7
      vertex 56.5 67.40192378864668 3
      vertex 56.7797900707726 67.25936362707219 7
    endloop
  endfacet
  facet normal -0.3583679495452813 -0.933580426497209 0
    outer loop
      vertex 56.7797900707726 67.25936362707219 7
      vertex 56.7797900707726 67.25936362707219 3
      vertex 57.07294901687516 67.14683045111454 7
    endloop
  endfacet
  facet normal -0.2588190451025205 -0.9659258262890684 0
    outer loop
      vertex 57.07294901687516 67.14683045111454 7
      vertex 57.07294901687516 67.14683045111454 3
      vertex 57.37626492754672 67.06555719779858 7
    endloop
  endfacet
  facet normal -0.15643446504024494 -0.9876883405951354 0
    outer loop
      vertex 57.37626492754672 67.06555719779858 7
      vertex 57.37626492754672 67.06555719779858 3
      vertex 57.68641461019704 67.01643431389518 7
    endloop
  endfacet
  facet normal -0.052335956242928215 -0.9986295347545746 0
    outer loop
      vertex 57.68641461019704 67.01643431389518 7
      vertex 57.68641461019704 67.01643431389518 3
      vertex 58 67 7
    endloop
  endfacet
  facet normal 0.052335956242928215 -0.9986295347545746 0
    outer loop
      vertex 58 67 7
      vertex 58 67 3
      vertex 58.31358538980296 67.01643431389518 7
    endloop
  endfacet
  facet normal 0.15643446504024494 -0.9876883405951354 0
    outer loop
      vertex 58.31358538980296 67.01643431389518 7
      vertex 58.31358538980296 67.01643431389518 3
      vertex 58.62373507245328 67.06555719779858 7
    endloop
  endfacet
  facet normal 0.2588190451025205 -0.9659258262890684 0
    outer loop
      vertex 58.62373507245328 67.06555719779858 7
      vertex 58.62373507245328 67.06555719779858 3
      vertex 58.92705098312484 67.14683045111454 7
    endloop
  endfacet
  facet normal 0.2588190451025205 -0.9659258262890684 0
    outer loop
      vertex 58.92705098312484 67.14683045111454 7
      vertex 58.62373507245328 67.06555719779858 3
      vertex 58.92705098312484 67.14683045111454 3
    endloop
  endfacet
  facet normal 0.3583679495452813 -0.933580426497209 0
    outer loop
      vertex 59.2202099292274 67.25936362707219 7
      vertex 58.92705098312484 67.14683045111454 3
      vertex 59.2202099292274 67.25936362707219 3
    endloop
  endfacet
  facet normal 0.4539904997395656 -0.8910065241883584 0
    outer loop
      vertex 59.5 67.40192378864668 7
      vertex 59.2202099292274 67.25936362707219 3
      vertex 59.5 67.40192378864668 3
    endloop
  endfacet
  facet normal 0.5446390350150293 -0.8386705679454227 0
    outer loop
      vertex 59.76335575687742 67.57294901687516 7
      vertex 59.5 67.40192378864668 3
      vertex 59.76335575687742 67.57294901687516 3
    endloop
  endfacet
  facet normal 0.6293203910498237 -0.7771459614569821 0
    outer loop
      vertex 60.007391819076574 67.77056552356781 7
      vertex 59.76335575687742 67.57294901687516 3
      vertex 60.007391819076574 67.77056552356781 3
    endloop
  endfacet
  facet normal 0.7071067811865589 -0.7071067811865362 0
    outer loop
      vertex 60.007391819076574 67.77056552356781 7
      vertex 60.007391819076574 67.77056552356781 3
      vertex 60.22943447643218 67.99260818092343 3
    endloop
  endfacet
  facet normal 0.777145961456971 -0.6293203910498374 0
    outer loop
      vertex 60.22943447643218 67.99260818092343 7
      vertex 60.22943447643218 67.99260818092343 3
      vertex 60.42705098312484 68.23664424312258 3
    endloop
  endfacet
  facet normal 0.8386705679454227 -0.5446390350150293 0
    outer loop
      vertex 60.42705098312484 68.23664424312258 7
      vertex 60.42705098312484 68.23664424312258 3
      vertex 60.598076211353316 68.5 3
    endloop
  endfacet
  facet normal 0.3583679495452813 -0.933580426497209 0
    outer loop
      vertex 58.92705098312484 67.14683045111454 7
      vertex 58.92705098312484 67.14683045111454 3
      vertex 59.2202099292274 67.25936362707219 7
    endloop
  endfacet
  facet normal 0.4539904997395656 -0.8910065241883584 0
    outer loop
      vertex 59.2202099292274 67.25936362707219 7
      vertex 59.2202099292274 67.25936362707219 3
      vertex 59.5 67.40192378864668 7
    endloop
  endfacet
  facet normal 0.5446390350150293 -0.8386705679454227 0
    outer loop
      vertex 59.5 67.40192378864668 7
      vertex 59.5 67.40192378864668 3
      vertex 59.76335575687742 67.57294901687516 7
    endloop
  endfacet
  facet normal 0.6293203910498237 -0.7771459614569821 0
    outer loop
      vertex 59.76335575687742 67.57294901687516 7
      vertex 59.76335575687742 67.57294901687516 3
      vertex 60.007391819076574 67.77056552356781 7
    endloop
  endfacet
  facet normal 0.7071067811865589 -0.7071067811865362 -1.4855262577733346e-18
    outer loop
      vertex 60.007391819076574 67.77056552356781 7
      vertex 60.22943447643218 67.99260818092343 3
      vertex 60.22943447643218 67.99260818092343 7
    endloop
  endfacet
  facet normal 0.777145961456971 -0.6293203910498374 -1.4263860903005903e-18
    outer loop
      vertex 60.22943447643218 67.99260818092343 7
      vertex 60.42705098312484 68.23664424312258 3
      vertex 60.42705098312484 68.23664424312258 7
    endloop
  endfacet
  facet normal 0.8386705679454227 -0.5446390350150293 -1.3564319129863851e-18
    outer loop
      vertex 60.42705098312484 68.23664424312258 7
      vertex 60.598076211353316 68.5 3
      vertex 60.598076211353316 68.5 7
    endloop
  endfacet
  facet normal -0.777145961456971 0.6293203910498374 0
    outer loop
      vertex 55.77056552356782 72.00739181907657 7
      vertex 55.77056552356782 72.00739181907657 3
      vertex 55.57294901687516 71.76335575687742 3
    endloop
  endfacet
  facet normal -0.7071067811865589 0.7071067811865362 0
    outer loop
      vertex 55.992608180923426 72.22943447643219 7
      vertex 55.992608180923426 72.22943447643219 3
      vertex 55.77056552356782 72.00739181907657 3
    endloop
  endfacet
  facet normal -0.6293203910498237 0.7771459614569821 0
    outer loop
      vertex 55.992608180923426 72.22943447643219 7
      vertex 56.23664424312258 72.42705098312484 3
      vertex 55.992608180923426 72.22943447643219 3
    endloop
  endfacet
  facet normal -0.5446390350150293 0.8386705679454227 0
    outer loop
      vertex 56.23664424312258 72.42705098312484 7
      vertex 56.5 72.59807621135332 3
      vertex 56.23664424312258 72.42705098312484 3
    endloop
  endfacet
  facet normal -0.4539904997395656 0.8910065241883584 0
    outer loop
      vertex 56.5 72.59807621135332 7
      vertex 56.7797900707726 72.74063637292781 3
      vertex 56.5 72.59807621135332 3
    endloop
  endfacet
  facet normal -0.3583679495452813 0.933580426497209 0
    outer loop
      vertex 56.7797900707726 72.74063637292781 7
      vertex 57.07294901687516 72.85316954888546 3
      vertex 56.7797900707726 72.74063637292781 3
    endloop
  endfacet
  facet normal -0.2588190451025205 0.9659258262890684 0
    outer loop
      vertex 57.07294901687516 72.85316954888546 7
      vertex 57.37626492754672 72.93444280220142 3
      vertex 57.07294901687516 72.85316954888546 3
    endloop
  endfacet
  facet normal -0.15643446504024494 0.9876883405951354 0
    outer loop
      vertex 57.37626492754672 72.93444280220142 7
      vertex 57.68641461019704 72.98356568610482 3
      vertex 57.37626492754672 72.93444280220142 3
    endloop
  endfacet
  facet normal -0.052335956242928215 0.9986295347545746 0
    outer loop
      vertex 57.68641461019704 72.98356568610482 7
      vertex 58 73 3
      vertex 57.68641461019704 72.98356568610482 3
    endloop
  endfacet
  facet normal 0.052335956242928215 0.9986295347545746 0
    outer loop
      vertex 58 73 7
      vertex 58.31358538980296 72.98356568610482 3
      vertex 58 73 3
    endloop
  endfacet
  facet normal 0.15643446504024494 0.9876883405951354 0
    outer loop
      vertex 58.31358538980296 72.98356568610482 7
      vertex 58.62373507245328 72.93444280220142 3
      vertex 58.31358538980296 72.98356568610482 3
    endloop
  endfacet
  facet normal 0.2588190451025205 0.9659258262890684 0
    outer loop
      vertex 58.62373507245328 72.93444280220142 7
      vertex 58.92705098312484 72.85316954888546 3
      vertex 58.62373507245328 72.93444280220142 3
    endloop
  endfacet
  facet normal -0.7071067811865589 0.7071067811865362 0
    outer loop
      vertex 55.77056552356782 72.00739181907657 7
      vertex 55.992608180923426 72.22943447643219 7
      vertex 55.77056552356782 72.00739181907657 3
    endloop
  endfacet
  facet normal -0.6293203910498237 0.7771459614569821 -8.348843779100962e-19
    outer loop
      vertex 55.992608180923426 72.22943447643219 7
      vertex 56.23664424312258 72.42705098312484 7
      vertex 56.23664424312258 72.42705098312484 3
    endloop
  endfacet
  facet normal -0.5446390350150293 0.8386705679454227 -1.3564319129863851e-18
    outer loop
      vertex 56.23664424312258 72.42705098312484 7
      vertex 56.5 72.59807621135332 7
      vertex 56.5 72.59807621135332 3
    endloop
  endfacet
  facet normal -0.4539904997395656 0.8910065241883584 -6.680858133387885e-19
    outer loop
      vertex 56.5 72.59807621135332 7
      vertex 56.7797900707726 72.74063637292781 7
      vertex 56.7797900707726 72.74063637292781 3
    endloop
  endfacet
  facet normal -0.3583679495452813 0.933580426497209 -4.593459643669121e-19
    outer loop
      vertex 56.7797900707726 72.74063637292781 7
      vertex 57.07294901687516 72.85316954888546 7
      vertex 57.07294901687516 72.85316954888546 3
    endloop
  endfacet
  facet normal -0.2588190451025205 0.9659258262890684 -6.827278850617213e-19
    outer loop
      vertex 57.07294901687516 72.85316954888546 7
      vertex 57.37626492754672 72.93444280220142 7
      vertex 57.37626492754672 72.93444280220142 3
    endloop
  endfacet
  facet normal -0.15643446504024494 0.9876883405951354 -3.9773939303538954e-20
    outer loop
      vertex 57.37626492754672 72.93444280220142 7
      vertex 57.68641461019704 72.98356568610482 7
      vertex 57.68641461019704 72.98356568610482 3
    endloop
  endfacet
  facet normal -0.052335956242928215 0.9986295347545746 -8.790437855576469e-20
    outer loop
      vertex 57.68641461019704 72.98356568610482 7
      vertex 58 73 7
      vertex 58 73 3
    endloop
  endfacet
  facet normal 0.052335956242928215 0.9986295347545746 8.790437855576469e-20
    outer loop
      vertex 58 73 7
      vertex 58.31358538980296 72.98356568610482 7
      vertex 58.31358538980296 72.98356568610482 3
    endloop
  endfacet
  facet normal 0.15643446504024494 0.9876883405951354 3.9773939303538954e-20
    outer loop
      vertex 58.31358538980296 72.98356568610482 7
      vertex 58.62373507245328 72.93444280220142 7
      vertex 58.62373507245328 72.93444280220142 3
    endloop
  endfacet
  facet normal 0.8910065241883721 -0.4539904997395385 0
    outer loop
      vertex 60.598076211353316 68.5 7
      vertex 60.598076211353316 68.5 3
      vertex 60.7406363729278 68.7797900707726 3
    endloop
  endfacet
  facet normal 0.9335804264971985 -0.3583679495453086 0
    outer loop
      vertex 60.7406363729278 68.7797900707726 7
      vertex 60.7406363729278 68.7797900707726 3
      vertex 60.85316954888546 69.07294901687516 3
    endloop
  endfacet
  facet normal 0.9659258262890699 -0.2588190451025148 0
    outer loop
      vertex 60.85316954888546 69.07294901687516 7
      vertex 60.85316954888546 69.07294901687516 3
      vertex 60.93444280220142 69.37626492754673 3
    endloop
  endfacet
  facet normal 0.9876883405951379 -0.15643446504022984 0
    outer loop
      vertex 60.93444280220142 69.37626492754673 7
      vertex 60.93444280220142 69.37626492754673 3
      vertex 60.98356568610482 69.68641461019703 3
    endloop
  endfacet
  facet normal 0.9986295347545736 -0.0523359562429496 0
    outer loop
      vertex 60.98356568610482 69.68641461019703 7
      vertex 60.98356568610482 69.68641461019703 3
      vertex 61 70 3
    endloop
  endfacet
  facet normal 0.9986295347545736 0.0523359562429496 0
    outer loop
      vertex 61 70 7
      vertex 61 70 3
      vertex 60.98356568610482 70.31358538980297 3
    endloop
  endfacet
  facet normal 0.9659258262890699 0.2588190451025148 0
    outer loop
      vertex 60.93444280220142 70.62373507245327 7
      vertex 60.93444280220142 70.62373507245327 3
      vertex 60.85316954888546 70.92705098312484 3
    endloop
  endfacet
  facet normal 0.9876883405951379 0.15643446504022984 0
    outer loop
      vertex 60.98356568610482 70.31358538980297 7
      vertex 60.98356568610482 70.31358538980297 3
      vertex 60.93444280220142 70.62373507245327 3
    endloop
  endfacet
  facet normal 0.8910065241883721 0.4539904997395385 0
    outer loop
      vertex 60.7406363729278 71.2202099292274 7
      vertex 60.7406363729278 71.2202099292274 3
      vertex 60.598076211353316 71.5 3
    endloop
  endfacet
  facet normal 0.8386705679454227 0.5446390350150293 0
    outer loop
      vertex 60.598076211353316 71.5 7
      vertex 60.598076211353316 71.5 3
      vertex 60.42705098312484 71.76335575687742 3
    endloop
  endfacet
  facet normal 0.9335804264971985 0.3583679495453086 0
    outer loop
      vertex 60.85316954888546 70.92705098312484 7
      vertex 60.85316954888546 70.92705098312484 3
      vertex 60.7406363729278 71.2202099292274 3
    endloop
  endfacet
  facet normal 0.8910065241883721 -0.4539904997395385 1.9646559246441325e-18
    outer loop
      vertex 60.598076211353316 68.5 7
      vertex 60.7406363729278 68.7797900707726 3
      vertex 60.7406363729278 68.7797900707726 7
    endloop
  endfacet
  facet normal 0.9335804264971985 -0.3583679495453086 -6.759621359942975e-19
    outer loop
      vertex 60.7406363729278 68.7797900707726 7
      vertex 60.85316954888546 69.07294901687516 3
      vertex 60.85316954888546 69.07294901687516 7
    endloop
  endfacet
  facet normal 0.9659258262890699 -0.2588190451025148 5.536779243290494e-19
    outer loop
      vertex 60.85316954888546 69.07294901687516 7
      vertex 60.93444280220142 69.37626492754673 3
      vertex 60.93444280220142 69.37626492754673 7
    endloop
  endfacet
  facet normal 0.9876883405951379 -0.15643446504022984 2.533394842201621e-19
    outer loop
      vertex 60.93444280220142 69.37626492754673 7
      vertex 60.98356568610482 69.68641461019703 3
      vertex 60.98356568610482 69.68641461019703 7
    endloop
  endfacet
  facet normal 0.9986295347545736 -0.0523359562429496 2.7215195584850527e-19
    outer loop
      vertex 60.98356568610482 69.68641461019703 7
      vertex 61 70 3
      vertex 61 70 7
    endloop
  endfacet
  facet normal 0.9986295347545736 0.0523359562429496 -2.7215195584850527e-19
    outer loop
      vertex 61 70 7
      vertex 60.98356568610482 70.31358538980297 3
      vertex 60.98356568610482 70.31358538980297 7
    endloop
  endfacet
  facet normal 0.9876883405951379 0.15643446504022984 -2.533394842201621e-19
    outer loop
      vertex 60.98356568610482 70.31358538980297 7
      vertex 60.93444280220142 70.62373507245327 3
      vertex 60.93444280220142 70.62373507245327 7
    endloop
  endfacet
  facet normal 0.8910065241883721 0.4539904997395385 0
    outer loop
      vertex 60.598076211353316 71.5 7
      vertex 60.7406363729278 71.2202099292274 7
      vertex 60.598076211353316 71.5 3
    endloop
  endfacet
  facet normal 0.9659258262890699 0.2588190451025148 -5.536779243290494e-19
    outer loop
      vertex 60.93444280220142 70.62373507245327 7
      vertex 60.85316954888546 70.92705098312484 3
      vertex 60.85316954888546 70.92705098312484 7
    endloop
  endfacet
  facet normal 0.9335804264971985 0.3583679495453086 0
    outer loop
      vertex 60.7406363729278 71.2202099292274 7
      vertex 60.85316954888546 70.92705098312484 7
      vertex 60.7406363729278 71.2202099292274 3
    endloop
  endfacet
  facet normal 0.3583679495452813 0.933580426497209 0
    outer loop
      vertex 58.92705098312484 72.85316954888546 7
      vertex 59.2202099292274 72.74063637292781 3
      vertex 58.92705098312484 72.85316954888546 3
    endloop
  endfacet
  facet normal 0.4539904997395656 0.8910065241883584 0
    outer loop
      vertex 59.2202099292274 72.74063637292781 7
      vertex 59.5 72.59807621135332 3
      vertex 59.2202099292274 72.74063637292781 3
    endloop
  endfacet
  facet normal 0.6293203910498237 0.7771459614569821 0
    outer loop
      vertex 59.76335575687742 72.42705098312484 7
      vertex 60.007391819076574 72.22943447643219 3
      vertex 59.76335575687742 72.42705098312484 3
    endloop
  endfacet
  facet normal 0.7071067811865589 0.7071067811865362 0
    outer loop
      vertex 60.22943447643218 72.00739181907657 7
      vertex 60.22943447643218 72.00739181907657 3
      vertex 60.007391819076574 72.22943447643219 3
    endloop
  endfacet
  facet normal 0.5446390350150293 0.8386705679454227 0
    outer loop
      vertex 59.5 72.59807621135332 7
      vertex 59.76335575687742 72.42705098312484 3
      vertex 59.5 72.59807621135332 3
    endloop
  endfacet
  facet normal 0.777145961456971 0.6293203910498374 0
    outer loop
      vertex 60.42705098312484 71.76335575687742 7
      vertex 60.42705098312484 71.76335575687742 3
      vertex 60.22943447643218 72.00739181907657 3
    endloop
  endfacet
  facet normal 0.2588190451025205 0.9659258262890684 6.827278850617213e-19
    outer loop
      vertex 58.62373507245328 72.93444280220142 7
      vertex 58.92705098312484 72.85316954888546 7
      vertex 58.92705098312484 72.85316954888546 3
    endloop
  endfacet
  facet normal 0.3583679495452813 0.933580426497209 4.593459643669121e-19
    outer loop
      vertex 58.92705098312484 72.85316954888546 7
      vertex 59.2202099292274 72.74063637292781 7
      vertex 59.2202099292274 72.74063637292781 3
    endloop
  endfacet
  facet normal 0.4539904997395656 0.8910065241883584 6.680858133387885e-19
    outer loop
      vertex 59.2202099292274 72.74063637292781 7
      vertex 59.5 72.59807621135332 7
      vertex 59.5 72.59807621135332 3
    endloop
  endfacet
  facet normal 0.6293203910498237 0.7771459614569821 8.348843779100962e-19
    outer loop
      vertex 59.76335575687742 72.42705098312484 7
      vertex 60.007391819076574 72.22943447643219 7
      vertex 60.007391819076574 72.22943447643219 3
    endloop
  endfacet
  facet normal 0.777145961456971 0.6293203910498374 0
    outer loop
      vertex 60.22943447643218 72.00739181907657 7
      vertex 60.42705098312484 71.76335575687742 7
      vertex 60.22943447643218 72.00739181907657 3
    endloop
  endfacet
  facet normal 0.7071067811865589 0.7071067811865362 0
    outer loop
      vertex 60.007391819076574 72.22943447643219 7
      vertex 60.22943447643218 72.00739181907657 7
      vertex 60.007391819076574 72.22943447643219 3
    endloop
  endfacet
  facet normal 0.5446390350150293 0.8386705679454227 1.3564319129863851e-18
    outer loop
      vertex 59.5 72.59807621135332 7
      vertex 59.76335575687742 72.42705098312484 7
      vertex 59.76335575687742 72.42705098312484 3
    endloop
  endfacet
  facet normal 0.8386705679454227 0.5446390350150293 1.3564319129863851e-18
    outer loop
      vertex 60.598076211353316 71.5 7
      vertex 60.42705098312484 71.76335575687742 3
      vertex 60.42705098312484 71.76335575687742 7
    endloop
  endfacet
  facet normal 0 0 1
    outer loop
      vertex 55.2593636270722 68.7797900707726 7
      vertex 55.14683045111454 70.92705098312484 7
      vertex 55.14683045111454 69.07294901687516 7
    endloop
  endfacet
  facet normal 0 0 1
    outer loop
      vertex 55.14683045111454 69.07294901687516 7
      vertex 55.06555719779858 70.62373507245327 7
      vertex 55.06555719779858 69.37626492754673 7
    endloop
  endfacet
  facet normal 0 0 1
    outer loop
      vertex 55.01643431389518 69.68641461019703 7
      vertex 55.06555719779858 69.37626492754673 7
      vertex 55.01643431389518 70.31358538980297 7
    endloop
  endfacet
  facet normal 0 0 1
    outer loop
      vertex 55.01643431389518 69.68641461019703 7
      vertex 55.01643431389518 70.31358538980297 7
      vertex 55 70 7
    endloop
  endfacet
  facet normal 0 0 1
    outer loop
      vertex 55.57294901687516 68.23664424312258 7
      vertex 55.401923788646684 71.5 7
      vertex 55.401923788646684 68.5 7
    endloop
  endfacet
  facet normal 0 0 1
    outer loop
      vertex 55.2593636270722 68.7797900707726 7
      vertex 55.401923788646684 68.5 7
      vertex 55.2593636270722 71.2202099292274 7
    endloop
  endfacet
  facet normal 0 0 1
    outer loop
      vertex 55.57294901687516 68.23664424312258 7
      vertex 55.77056552356782 67.99260818092343 7
      vertex 55.57294901687516 71.76335575687742 7
    endloop
  endfacet
  facet normal 0 0 1
    outer loop
      vertex 55.06555719779858 69.37626492754673 7
      vertex 55.06555719779858 70.62373507245327 7
      vertex 55.01643431389518 70.31358538980297 7
    endloop
  endfacet
  facet normal 0 0 1
    outer loop
      vertex 55.14683045111454 69.07294901687516 7
      vertex 55.14683045111454 70.92705098312484 7
      vertex 55.06555719779858 70.62373507245327 7
    endloop
  endfacet
  facet normal 0 0 1
    outer loop
      vertex 55.2593636270722 68.7797900707726 7
      vertex 55.2593636270722 71.2202099292274 7
      vertex 55.14683045111454 70.92705098312484 7
    endloop
  endfacet
  facet normal 0 0 1
    outer loop
      vertex 55.401923788646684 68.5 7
      vertex 55.401923788646684 71.5 7
      vertex 55.2593636270722 71.2202099292274 7
    endloop
  endfacet
  facet normal 0 0 1
    outer loop
      vertex 55.57294901687516 68.23664424312258 7
      vertex 55.57294901687516 71.76335575687742 7
      vertex 55.401923788646684 71.5 7
    endloop
  endfacet
  facet normal 0 0 1
    outer loop
      vertex 56.7797900707726 67.25936362707219 7
      vertex 57.07294901687516 67.14683045111454 7
      vertex 56.90374545082888 69.51191602830905 7
    endloop
  endfacet
  facet normal 0 0 1
    outer loop
      vertex 57.07294901687516 67.14683045111454 7
      vertex 57.37626492754672 67.06555719779858 7
      vertex 57.19704327236937 69.10822620942713 7
    endloop
  endfacet
  facet normal 0 0 1
    outer loop
      vertex 57.68641461019704 67.01643431389518 7
      vertex 58 67 7
      vertex 57.874565844078816 68.80657372555807 7
    endloop
  endfacet
  facet normal 0 0 1
    outer loop
      vertex 57.37626492754672 67.06555719779858 7
      vertex 57.68641461019704 67.01643431389518 7
      vertex 57.51191602830904 68.90374545082888 7
    endloop
  endfacet
  facet normal 0 0 1
    outer loop
      vertex 57.37626492754672 67.06555719779858 7
      vertex 57.29465769724903 69.02917960675006 7
      vertex 57.19704327236937 69.10822620942713 7
    endloop
  endfacet
  facet normal 0 0 1
    outer loop
      vertex 57.37626492754672 67.06555719779858 7
      vertex 57.4 68.96076951545868 7
      vertex 57.29465769724903 69.02917960675006 7
    endloop
  endfacet
  facet normal 0 0 1
    outer loop
      vertex 57.37626492754672 67.06555719779858 7
      vertex 57.51191602830904 68.90374545082888 7
      vertex 57.4 68.96076951545868 7
    endloop
  endfacet
  facet normal 0 0 1
    outer loop
      vertex 57.68641461019704 67.01643431389518 7
      vertex 57.629179606750064 68.85873218044581 7
      vertex 57.51191602830904 68.90374545082888 7
    endloop
  endfacet
  facet normal 0 0 1
    outer loop
      vertex 57.68641461019704 67.01643431389518 7
      vertex 57.75050597101869 68.82622287911943 7
      vertex 57.629179606750064 68.85873218044581 7
    endloop
  endfacet
  facet normal 0 0 1
    outer loop
      vertex 57.68641461019704 67.01643431389518 7
      vertex 57.874565844078816 68.80657372555807 7
      vertex 57.75050597101869 68.82622287911943 7
    endloop
  endfacet
  facet normal 0 0 1
    outer loop
      vertex 58 67 7
      vertex 58 68.8 7
      vertex 57.874565844078816 68.80657372555807 7
    endloop
  endfacet
  facet normal 0 0 1
    outer loop
      vertex 58 67 7
      vertex 58.31358538980296 67.01643431389518 7
      vertex 58.125434155921184 68.80657372555807 7
    endloop
  endfacet
  facet normal 0 0 1
    outer loop
      vertex 58.31358538980296 67.01643431389518 7
      vertex 58.62373507245328 67.06555719779858 7
      vertex 58.24949402898131 68.82622287911943 7
    endloop
  endfacet
  facet normal 0 0 1
    outer loop
      vertex 58 67 7
      vertex 58.125434155921184 68.80657372555807 7
      vertex 58 68.8 7
    endloop
  endfacet
  facet normal 0 0 1
    outer loop
      vertex 58.31358538980296 67.01643431389518 7
      vertex 58.24949402898131 68.82622287911943 7
      vertex 58.125434155921184 68.80657372555807 7
    endloop
  endfacet
  facet normal 0 0 1
    outer loop
      vertex 58.62373507245328 67.06555719779858 7
      vertex 58.92705098312484 67.14683045111454 7
      vertex 58.6 68.96076951545868 7
    endloop
  endfacet
  facet normal 0 0 1
    outer loop
      vertex 58.62373507245328 67.06555719779858 7
      vertex 58.370820393249936 68.85873218044581 7
      vertex 58.24949402898131 68.82622287911943 7
    endloop
  endfacet
  facet normal 0 0 1
    outer loop
      vertex 58.62373507245328 67.06555719779858 7
      vertex 58.48808397169096 68.90374545082888 7
      vertex 58.370820393249936 68.85873218044581 7
    endloop
  endfacet
  facet normal 0 0 1
    outer loop
      vertex 58.62373507245328 67.06555719779858 7
      vertex 58.6 68.96076951545868 7
      vertex 58.48808397169096 68.90374545082888 7
    endloop
  endfacet
  facet normal 0 0 1
    outer loop
      vertex 58.92705098312484 67.14683045111454 7
      vertex 58.70534230275097 69.02917960675006 7
      vertex 58.6 68.96076951545868 7
    endloop
  endfacet
  facet normal 0 0 1
    outer loop
      vertex 58.92705098312484 67.14683045111454 7
      vertex 59.2202099292274 67.25936362707219 7
      vertex 58.89177379057287 69.19704327236937 7
    endloop
  endfacet
  facet normal 0 0 1
    outer loop
      vertex 58.92705098312484 67.14683045111454 7
      vertex 58.80295672763063 69.10822620942713 7
      vertex 58.70534230275097 69.02917960675006 7
    endloop
  endfacet
  facet normal 0 0 1
    outer loop
      vertex 56.23664424312258 67.57294901687516 7
      vertex 55.992608180923426 72.22943447643219 7
      vertex 55.992608180923426 67.77056552356781 7
    endloop
  endfacet
  facet normal 0 0 1
    outer loop
      vertex 56.23664424312258 67.57294901687516 7
      vertex 56.5 67.40192378864668 7
      vertex 56.23664424312258 72.42705098312484 7
    endloop
  endfacet
  facet normal 0 0 1
    outer loop
      vertex 55.77056552356782 67.99260818092343 7
      vertex 55.992608180923426 67.77056552356781 7
      vertex 55.77056552356782 72.00739181907657 7
    endloop
  endfacet
  facet normal 0 0 1
    outer loop
      vertex 56.7797900707726 67.25936362707219 7
      vertex 56.90374545082888 69.51191602830905 7
      vertex 56.85873218044581 69.62917960675006 7
    endloop
  endfacet
  facet normal 0 0 1
    outer loop
      vertex 56.5 67.40192378864668 7
      vertex 56.7797900707726 67.25936362707219 7
      vertex 56.5 72.59807621135332 7
    endloop
  endfacet
  facet normal 0 0 1
    outer loop
      vertex 56.7797900707726 67.25936362707219 7
      vertex 56.85873218044581 69.62917960675006 7
      vertex 56.826222879119435 69.75050597101868 7
    endloop
  endfacet
  facet normal 0 0 1
    outer loop
      vertex 56.7797900707726 67.25936362707219 7
      vertex 56.826222879119435 69.75050597101868 7
      vertex 56.806573725558074 69.87456584407882 7
    endloop
  endfacet
  facet normal 0 0 1
    outer loop
      vertex 56.7797900707726 67.25936362707219 7
      vertex 56.806573725558074 69.87456584407882 7
      vertex 56.8 70 7
    endloop
  endfacet
  facet normal 0 0 1
    outer loop
      vertex 56.96076951545867 69.4 7
      vertex 57.07294901687516 67.14683045111454 7
      vertex 57.02917960675006 69.29465769724904 7
    endloop
  endfacet
  facet normal 0 0 1
    outer loop
      vertex 56.96076951545867 69.4 7
      vertex 56.90374545082888 69.51191602830905 7
      vertex 57.07294901687516 67.14683045111454 7
    endloop
  endfacet
  facet normal 0 0 1
    outer loop
      vertex 57.07294901687516 67.14683045111454 7
      vertex 57.19704327236937 69.10822620942713 7
      vertex 57.10822620942713 69.19704327236937 7
    endloop
  endfacet
  facet normal 0 0 1
    outer loop
      vertex 57.02917960675006 69.29465769724904 7
      vertex 57.07294901687516 67.14683045111454 7
      vertex 57.10822620942713 69.19704327236937 7
    endloop
  endfacet
  facet normal 0 0 1
    outer loop
      vertex 56.7797900707726 67.25936362707219 7
      vertex 56.8 70 7
      vertex 56.7797900707726 72.74063637292781 7
    endloop
  endfacet
  facet normal 0 0 1
    outer loop
      vertex 55.77056552356782 67.99260818092343 7
      vertex 55.77056552356782 72.00739181907657 7
      vertex 55.57294901687516 71.76335575687742 7
    endloop
  endfacet
  facet normal 0 0 1
    outer loop
      vertex 55.992608180923426 67.77056552356781 7
      vertex 55.992608180923426 72.22943447643219 7
      vertex 55.77056552356782 72.00739181907657 7
    endloop
  endfacet
  facet normal 0 0 1
    outer loop
      vertex 56.23664424312258 67.57294901687516 7
      vertex 56.23664424312258 72.42705098312484 7
      vertex 55.992608180923426 72.22943447643219 7
    endloop
  endfacet
  facet normal 0 0 1
    outer loop
      vertex 56.5 67.40192378864668 7
      vertex 56.5 72.59807621135332 7
      vertex 56.23664424312258 72.42705098312484 7
    endloop
  endfacet
  facet normal 0 0 1
    outer loop
      vertex 56.7797900707726 67.25936362707219 7
      vertex 56.7797900707726 72.74063637292781 7
      vertex 56.5 72.59807621135332 7
    endloop
  endfacet
  facet normal 0 0 1
    outer loop
      vertex 56.8 70 7
      vertex 56.806573725558074 70.12543415592118 7
      vertex 56.7797900707726 72.74063637292781 7
    endloop
  endfacet
  facet normal 0 0 1
    outer loop
      vertex 56.806573725558074 70.12543415592118 7
      vertex 56.826222879119435 70.24949402898132 7
      vertex 56.7797900707726 72.74063637292781 7
    endloop
  endfacet
  facet normal 0 0 1
    outer loop
      vertex 56.826222879119435 70.24949402898132 7
      vertex 56.85873218044581 70.37082039324994 7
      vertex 56.7797900707726 72.74063637292781 7
    endloop
  endfacet
  facet normal 0 0 1
    outer loop
      vertex 56.85873218044581 70.37082039324994 7
      vertex 56.90374545082888 70.48808397169095 7
      vertex 56.7797900707726 72.74063637292781 7
    endloop
  endfacet
  facet normal 0 0 1
    outer loop
      vertex 56.90374545082888 70.48808397169095 7
      vertex 56.96076951545867 70.6 7
      vertex 56.7797900707726 72.74063637292781 7
    endloop
  endfacet
  facet normal 0 0 1
    outer loop
      vertex 56.96076951545867 70.6 7
      vertex 57.02917960675006 70.70534230275096 7
      vertex 56.7797900707726 72.74063637292781 7
    endloop
  endfacet
  facet normal 0 0 1
    outer loop
      vertex 57.02917960675006 70.70534230275096 7
      vertex 57.10822620942713 70.80295672763063 7
      vertex 56.7797900707726 72.74063637292781 7
    endloop
  endfacet
  facet normal 0 0 1
    outer loop
      vertex 57.10822620942713 70.80295672763063 7
      vertex 57.19704327236937 70.89177379057287 7
      vertex 57.07294901687516 72.85316954888546 7
    endloop
  endfacet
  facet normal 0 0 1
    outer loop
      vertex 57.19704327236937 70.89177379057287 7
      vertex 57.29465769724903 70.97082039324994 7
      vertex 57.07294901687516 72.85316954888546 7
    endloop
  endfacet
  facet normal 0 0 1
    outer loop
      vertex 56.7797900707726 72.74063637292781 7
      vertex 57.10822620942713 70.80295672763063 7
      vertex 57.07294901687516 72.85316954888546 7
    endloop
  endfacet
  facet normal 0 0 1
    outer loop
      vertex 57.29465769724903 70.97082039324994 7
      vertex 57.4 71.03923048454132 7
      vertex 57.07294901687516 72.85316954888546 7
    endloop
  endfacet
  facet normal 0 0 1
    outer loop
      vertex 57.4 71.03923048454132 7
      vertex 57.51191602830904 71.09625454917112 7
      vertex 57.37626492754672 72.93444280220142 7
    endloop
  endfacet
  facet normal 0 0 1
    outer loop
      vertex 57.51191602830904 71.09625454917112 7
      vertex 57.629179606750064 71.14126781955419 7
      vertex 57.37626492754672 72.93444280220142 7
    endloop
  endfacet
  facet normal 0 0 1
    outer loop
      vertex 57.629179606750064 71.14126781955419 7
      vertex 57.75050597101869 71.17377712088057 7
      vertex 57.37626492754672 72.93444280220142 7
    endloop
  endfacet
  facet normal 0 0 1
    outer loop
      vertex 57.4 71.03923048454132 7
      vertex 57.37626492754672 72.93444280220142 7
      vertex 57.07294901687516 72.85316954888546 7
    endloop
  endfacet
  facet normal 0 0 1
    outer loop
      vertex 57.75050597101869 71.17377712088057 7
      vertex 57.68641461019704 72.98356568610482 7
      vertex 57.37626492754672 72.93444280220142 7
    endloop
  endfacet
  facet normal 0 0 1
    outer loop
      vertex 57.75050597101869 71.17377712088057 7
      vertex 57.874565844078816 71.19342627444193 7
      vertex 57.68641461019704 72.98356568610482 7
    endloop
  endfacet
  facet normal 0 0 1
    outer loop
      vertex 57.874565844078816 71.19342627444193 7
      vertex 58 71.2 7
      vertex 58 73 7
    endloop
  endfacet
  facet normal 0 0 1
    outer loop
      vertex 57.874565844078816 71.19342627444193 7
      vertex 58 73 7
      vertex 57.68641461019704 72.98356568610482 7
    endloop
  endfacet
  facet normal 0 0 1
    outer loop
      vertex 58.125434155921184 71.19342627444193 7
      vertex 58 73 7
      vertex 58 71.2 7
    endloop
  endfacet
  facet normal 0 0 1
    outer loop
      vertex 58.125434155921184 71.19342627444193 7
      vertex 58.24949402898131 71.17377712088057 7
      vertex 58.31358538980296 72.98356568610482 7
    endloop
  endfacet
  facet normal 0 0 1
    outer loop
      vertex 58.24949402898131 71.17377712088057 7
      vertex 58.370820393249936 71.14126781955419 7
      vertex 58.31358538980296 72.98356568610482 7
    endloop
  endfacet
  facet normal 0 0 1
    outer loop
      vertex 58.370820393249936 71.14126781955419 7
      vertex 58.48808397169096 71.09625454917112 7
      vertex 58.31358538980296 72.98356568610482 7
    endloop
  endfacet
  facet normal 0 0 1
    outer loop
      vertex 58.48808397169096 71.09625454917112 7
      vertex 58.6 71.03923048454132 7
      vertex 58.62373507245328 72.93444280220142 7
    endloop
  endfacet
  facet normal 0 0 1
    outer loop
      vertex 58.6 71.03923048454132 7
      vertex 58.70534230275097 70.97082039324994 7
      vertex 58.62373507245328 72.93444280220142 7
    endloop
  endfacet
  facet normal 0 0 1
    outer loop
      vertex 58.70534230275097 70.97082039324994 7
      vertex 58.80295672763063 70.89177379057287 7
      vertex 58.62373507245328 72.93444280220142 7
    endloop
  endfacet
  facet normal 0 0 1
    outer loop
      vertex 58.48808397169096 71.09625454917112 7
      vertex 58.62373507245328 72.93444280220142 7
      vertex 58.31358538980296 72.98356568610482 7
    endloop
  endfacet
  facet normal 0 0 1
    outer loop
      vertex 58.125434155921184 71.19342627444193 7
      vertex 58.31358538980296 72.98356568610482 7
      vertex 58 73 7
    endloop
  endfacet
  facet normal 0 0 1
    outer loop
      vertex 58.92705098312484 67.14683045111454 7
      vertex 58.89177379057287 69.19704327236937 7
      vertex 58.80295672763063 69.10822620942713 7
    endloop
  endfacet
  facet normal 0 0 1
    outer loop
      vertex 59.2202099292274 67.25936362707219 7
      vertex 58.97082039324994 69.29465769724904 7
      vertex 58.89177379057287 69.19704327236937 7
    endloop
  endfacet
  facet normal 0 0 1
    outer loop
      vertex 59.2202099292274 67.25936362707219 7
      vertex 59.03923048454133 69.4 7
      vertex 58.97082039324994 69.29465769724904 7
    endloop
  endfacet
  facet normal 0 0 1
    outer loop
      vertex 59.2202099292274 67.25936362707219 7
      vertex 59.09625454917112 69.51191602830905 7
      vertex 59.03923048454133 69.4 7
    endloop
  endfacet
  facet normal 0 0 1
    outer loop
      vertex 59.2202099292274 67.25936362707219 7
      vertex 59.14126781955419 69.62917960675006 7
      vertex 59.09625454917112 69.51191602830905 7
    endloop
  endfacet
  facet normal 0 0 1
    outer loop
      vertex 59.2202099292274 67.25936362707219 7
      vertex 59.173777120880565 69.75050597101868 7
      vertex 59.14126781955419 69.62917960675006 7
    endloop
  endfacet
  facet normal 0 0 1
    outer loop
      vertex 59.2202099292274 67.25936362707219 7
      vertex 59.193426274441926 69.87456584407882 7
      vertex 59.173777120880565 69.75050597101868 7
    endloop
  endfacet
  facet normal 0 0 1
    outer loop
      vertex 59.2202099292274 67.25936362707219 7
      vertex 59.2 70 7
      vertex 59.193426274441926 69.87456584407882 7
    endloop
  endfacet
  facet normal 0 0 1
    outer loop
      vertex 59.2202099292274 67.25936362707219 7
      vertex 59.5 67.40192378864668 7
      vertex 59.2202099292274 72.74063637292781 7
    endloop
  endfacet
  facet normal 0 0 1
    outer loop
      vertex 59.2202099292274 67.25936362707219 7
      vertex 59.2202099292274 72.74063637292781 7
      vertex 59.2 70 7
    endloop
  endfacet
  facet normal 0 0 1
    outer loop
      vertex 59.5 67.40192378864668 7
      vertex 59.76335575687742 67.57294901687516 7
      vertex 59.5 72.59807621135332 7
    endloop
  endfacet
  facet normal 0 0 1
    outer loop
      vertex 59.76335575687742 67.57294901687516 7
      vertex 60.007391819076574 67.77056552356781 7
      vertex 59.76335575687742 72.42705098312484 7
    endloop
  endfacet
  facet normal 0 0 1
    outer loop
      vertex 60.007391819076574 67.77056552356781 7
      vertex 60.22943447643218 67.99260818092343 7
      vertex 60.007391819076574 72.22943447643219 7
    endloop
  endfacet
  facet normal 0 0 1
    outer loop
      vertex 60.22943447643218 67.99260818092343 7
      vertex 60.42705098312484 68.23664424312258 7
      vertex 60.22943447643218 72.00739181907657 7
    endloop
  endfacet
  facet normal 0 0 1
    outer loop
      vertex 58.89177379057287 70.80295672763063 7
      vertex 58.92705098312484 72.85316954888546 7
      vertex 58.80295672763063 70.89177379057287 7
    endloop
  endfacet
  facet normal 0 0 1
    outer loop
      vertex 58.89177379057287 70.80295672763063 7
      vertex 58.97082039324994 70.70534230275096 7
      vertex 58.92705098312484 72.85316954888546 7
    endloop
  endfacet
  facet normal 0 0 1
    outer loop
      vertex 59.03923048454133 70.6 7
      vertex 58.92705098312484 72.85316954888546 7
      vertex 58.97082039324994 70.70534230275096 7
    endloop
  endfacet
  facet normal 0 0 1
    outer loop
      vertex 59.03923048454133 70.6 7
      vertex 59.09625454917112 70.48808397169095 7
      vertex 58.92705098312484 72.85316954888546 7
    endloop
  endfacet
  facet normal 0 0 1
    outer loop
      vertex 59.14126781955419 70.37082039324994 7
      vertex 59.2202099292274 72.74063637292781 7
      vertex 59.09625454917112 70.48808397169095 7
    endloop
  endfacet
  facet normal 0 0 1
    outer loop
      vertex 59.2 70 7
      vertex 59.2202099292274 72.74063637292781 7
      vertex 59.193426274441926 70.12543415592118 7
    endloop
  endfacet
  facet normal 0 0 1
    outer loop
      vertex 59.193426274441926 70.12543415592118 7
      vertex 59.2202099292274 72.74063637292781 7
      vertex 59.173777120880565 70.24949402898132 7
    endloop
  endfacet
  facet normal 0 0 1
    outer loop
      vertex 59.14126781955419 70.37082039324994 7
      vertex 59.173777120880565 70.24949402898132 7
      vertex 59.2202099292274 72.74063637292781 7
    endloop
  endfacet
  facet normal 0 0 1
    outer loop
      vertex 59.5 67.40192378864668 7
      vertex 59.5 72.59807621135332 7
      vertex 59.2202099292274 72.74063637292781 7
    endloop
  endfacet
  facet normal 0 0 1
    outer loop
      vertex 60.22943447643218 67.99260818092343 7
      vertex 60.22943447643218 72.00739181907657 7
      vertex 60.007391819076574 72.22943447643219 7
    endloop
  endfacet
  facet normal 0 0 1
    outer loop
      vertex 59.76335575687742 67.57294901687516 7
      vertex 59.76335575687742 72.42705098312484 7
      vertex 59.5 72.59807621135332 7
    endloop
  endfacet
  facet normal 0 0 1
    outer loop
      vertex 60.007391819076574 67.77056552356781 7
      vertex 60.007391819076574 72.22943447643219 7
      vertex 59.76335575687742 72.42705098312484 7
    endloop
  endfacet
  facet normal 0 0 1
    outer loop
      vertex 60.42705098312484 68.23664424312258 7
      vertex 60.598076211353316 68.5 7
      vertex 60.42705098312484 71.76335575687742 7
    endloop
  endfacet
  facet normal 0 0 1
    outer loop
      vertex 60.598076211353316 68.5 7
      vertex 60.7406363729278 68.7797900707726 7
      vertex 60.598076211353316 71.5 7
    endloop
  endfacet
  facet normal 0 0 1
    outer loop
      vertex 60.7406363729278 68.7797900707726 7
      vertex 60.85316954888546 69.07294901687516 7
      vertex 60.7406363729278 71.2202099292274 7
    endloop
  endfacet
  facet normal 0 0 1
    outer loop
      vertex 60.85316954888546 69.07294901687516 7
      vertex 60.93444280220142 69.37626492754673 7
      vertex 60.85316954888546 70.92705098312484 7
    endloop
  endfacet
  facet normal 0 0 1
    outer loop
      vertex 60.93444280220142 69.37626492754673 7
      vertex 60.98356568610482 69.68641461019703 7
      vertex 60.93444280220142 70.62373507245327 7
    endloop
  endfacet
  facet normal 0 0 1
    outer loop
      vertex 60.98356568610482 69.68641461019703 7
      vertex 61 70 7
      vertex 60.98356568610482 70.31358538980297 7
    endloop
  endfacet
  facet normal 0 0 1
    outer loop
      vertex 60.42705098312484 68.23664424312258 7
      vertex 60.42705098312484 71.76335575687742 7
      vertex 60.22943447643218 72.00739181907657 7
    endloop
  endfacet
  facet normal 0 0 1
    outer loop
      vertex 60.598076211353316 68.5 7
      vertex 60.598076211353316 71.5 7
      vertex 60.42705098312484 71.76335575687742 7
    endloop
  endfacet
  facet normal 0 0 1
    outer loop
      vertex 60.7406363729278 68.7797900707726 7
      vertex 60.7406363729278 71.2202099292274 7
      vertex 60.598076211353316 71.5 7
    endloop
  endfacet
  facet normal 0 0 1
    outer loop
      vertex 60.93444280220142 69.37626492754673 7
      vertex 60.93444280220142 70.62373507245327 7
      vertex 60.85316954888546 70.92705098312484 7
    endloop
  endfacet
  facet normal 0 0 1
    outer loop
      vertex 60.85316954888546 69.07294901687516 7
      vertex 60.85316954888546 70.92705098312484 7
      vertex 60.7406363729278 71.2202099292274 7
    endloop
  endfacet
  facet normal 0 0 1
    outer loop
      vertex 60.98356568610482 69.68641461019703 7
      vertex 60.98356568610482 70.31358538980297 7
      vertex 60.93444280220142 70.62373507245327 7
    endloop
  endfacet
  facet normal 0 0 1
    outer loop
      vertex 58.80295672763063 70.89177379057287 7
      vertex 58.92705098312484 72.85316954888546 7
      vertex 58.62373507245328 72.93444280220142 7
    endloop
  endfacet
  facet normal 0 0 1
    outer loop
      vertex 59.09625454917112 70.48808397169095 7
      vertex 59.2202099292274 72.74063637292781 7
      vertex 58.92705098312484 72.85316954888546 7
    endloop
  endfacet
  facet normal -0.8386705679454259 -0.5446390350150241 0
    outer loop
      vertex 55.401923788646684 10.5 7
      vertex 55.401923788646684 10.5 3
      vertex 55.57294901687516 10.23664424312258 3
    endloop
  endfacet
  facet normal -0.7771459614569663 -0.6293203910498428 0
    outer loop
      vertex 55.57294901687516 10.23664424312258 7
      vertex 55.57294901687516 10.23664424312258 3
      vertex 55.77056552356782 9.992608180923426 3
    endloop
  endfacet
  facet normal -0.8910065241883675 -0.45399049973954764 0
    outer loop
      vertex 55.2593636270722 10.779790070772599 7
      vertex 55.2593636270722 10.779790070772599 3
      vertex 55.401923788646684 10.5 3
    endloop
  endfacet
  facet normal -0.9335804264972022 -0.35836794954529916 0
    outer loop
      vertex 55.14683045111454 11.072949016875159 7
      vertex 55.14683045111454 11.072949016875159 3
      vertex 55.2593636270722 10.779790070772599 3
    endloop
  endfacet
  facet normal -0.965925826289068 -0.2588190451025219 0
    outer loop
      vertex 55.06555719779858 11.376264927546721 7
      vertex 55.06555719779858 11.376264927546721 3
      vertex 55.14683045111454 11.072949016875159 3
    endloop
  endfacet
  facet normal -0.9876883405951389 -0.15643446504022374 0
    outer loop
      vertex 55.01643431389518 11.686414610197039 7
      vertex 55.01643431389518 11.686414610197039 3
      vertex 55.06555719779858 11.376264927546721 3
    endloop
  endfacet
  facet normal -0.8386705679454259 -0.5446390350150241 0
    outer loop
      vertex 55.57294901687516 10.23664424312258 7
      vertex 55.401923788646684 10.5 7
      vertex 55.57294901687516 10.23664424312258 3
    endloop
  endfacet
  facet normal -0.8910065241883675 -0.45399049973954764 -2.0662732958879028e-18
    outer loop
      vertex 55.2593636270722 10.779790070772599 7
      vertex 55.401923788646684 10.5 3
      vertex 55.401923788646684 10.5 7
    endloop
  endfacet
  facet normal -0.9335804264972022 -0.35836794954529916 0
    outer loop
      vertex 55.2593636270722 10.779790070772599 7
      vertex 55.14683045111454 11.072949016875159 7
      vertex 55.2593636270722 10.779790070772599 3
    endloop
  endfacet
  facet normal -0.965925826289068 -0.2588190451025219 0
    outer loop
      vertex 55.14683045111454 11.072949016875159 7
      vertex 55.06555719779858 11.376264927546721 7
      vertex 55.14683045111454 11.072949016875159 3
    endloop
  endfacet
  facet normal -0.9876883405951389 -0.15643446504022374 0
    outer loop
      vertex 55.06555719779858 11.376264927546721 7
      vertex 55.01643431389518 11.686414610197039 7
      vertex 55.06555719779858 11.376264927546721 3
    endloop
  endfacet
  facet normal -0.7071067811865475 -0.7071067811865475 0
    outer loop
      vertex 55.77056552356782 9.992608180923426 7
      vertex 55.77056552356782 9.992608180923426 3
      vertex 55.992608180923426 9.770565523567818 3
    endloop
  endfacet
  facet normal -0.6293203910498374 -0.777145961456971 0
    outer loop
      vertex 56.23664424312258 9.572949016875157 7
      vertex 55.992608180923426 9.770565523567818 3
      vertex 56.23664424312258 9.572949016875157 3
    endloop
  endfacet
  facet normal -0.5446390350150293 -0.8386705679454227 0
    outer loop
      vertex 56.5 9.401923788646684 7
      vertex 56.23664424312258 9.572949016875157 3
      vertex 56.5 9.401923788646684 3
    endloop
  endfacet
  facet normal -0.358367949545301 -0.9335804264972013 0
    outer loop
      vertex 57.07294901687516 9.146830451114539 7
      vertex 56.7797900707726 9.259363627072197 3
      vertex 57.07294901687516 9.146830451114539 3
    endloop
  endfacet
  facet normal -0.45399049973954764 -0.8910065241883675 0
    outer loop
      vertex 56.7797900707726 9.259363627072197 7
      vertex 56.5 9.401923788646684 3
      vertex 56.7797900707726 9.259363627072197 3
    endloop
  endfacet
  facet normal -0.2588190451025205 -0.9659258262890684 0
    outer loop
      vertex 57.37626492754672 9.065557197798583 7
      vertex 57.07294901687516 9.146830451114539 3
      vertex 57.37626492754672 9.065557197798583 3
    endloop
  endfacet
  facet normal -0.15643446504022837 -0.9876883405951381 0
    outer loop
      vertex 57.68641461019704 9.01643431389518 7
      vertex 57.37626492754672 9.065557197798583 3
      vertex 57.68641461019704 9.01643431389518 3
    endloop
  endfacet
  facet normal -0.05233595624294514 -0.9986295347545737 0
    outer loop
      vertex 58 9 7
      vertex 57.68641461019704 9.01643431389518 3
      vertex 58 9 3
    endloop
  endfacet
  facet normal 0.05233595624294514 -0.9986295347545737 0
    outer loop
      vertex 58.31358538980296 9.01643431389518 7
      vertex 58 9 3
      vertex 58.31358538980296 9.01643431389518 3
    endloop
  endfacet
  facet normal 0.15643446504022837 -0.9876883405951381 0
    outer loop
      vertex 58.62373507245328 9.065557197798583 7
      vertex 58.31358538980296 9.01643431389518 3
      vertex 58.62373507245328 9.065557197798583 3
    endloop
  endfacet
  facet normal -0.7071067811865475 -0.7071067811865475 -1.9855083448090612e-18
    outer loop
      vertex 55.77056552356782 9.992608180923426 7
      vertex 55.992608180923426 9.770565523567818 3
      vertex 55.992608180923426 9.770565523567818 7
    endloop
  endfacet
  facet normal -0.6293203910498374 -0.777145961456971 0
    outer loop
      vertex 55.992608180923426 9.770565523567818 7
      vertex 55.992608180923426 9.770565523567818 3
      vertex 56.23664424312258 9.572949016875157 7
    endloop
  endfacet
  facet normal -0.5446390350150293 -0.8386705679454227 0
    outer loop
      vertex 56.23664424312258 9.572949016875157 7
      vertex 56.23664424312258 9.572949016875157 3
      vertex 56.5 9.401923788646684 7
    endloop
  endfacet
  facet normal -0.358367949545301 -0.9335804264972013 0
    outer loop
      vertex 56.7797900707726 9.259363627072197 7
      vertex 56.7797900707726 9.259363627072197 3
      vertex 57.07294901687516 9.146830451114539 7
    endloop
  endfacet
  facet normal -0.2588190451025205 -0.9659258262890684 0
    outer loop
      vertex 57.07294901687516 9.146830451114539 7
      vertex 57.07294901687516 9.146830451114539 3
      vertex 57.37626492754672 9.065557197798583 7
    endloop
  endfacet
  facet normal -0.45399049973954764 -0.8910065241883675 0
    outer loop
      vertex 56.5 9.401923788646684 7
      vertex 56.5 9.401923788646684 3
      vertex 56.7797900707726 9.259363627072197 7
    endloop
  endfacet
  facet normal -0.7771459614569663 -0.6293203910498428 0
    outer loop
      vertex 55.77056552356782 9.992608180923426 7
      vertex 55.57294901687516 10.23664424312258 7
      vertex 55.77056552356782 9.992608180923426 3
    endloop
  endfacet
  facet normal -0.15643446504022837 -0.9876883405951381 0
    outer loop
      vertex 57.37626492754672 9.065557197798583 7
      vertex 57.37626492754672 9.065557197798583 3
      vertex 57.68641461019704 9.01643431389518 7
    endloop
  endfacet
  facet normal -0.05233595624294514 -0.9986295347545737 0
    outer loop
      vertex 57.68641461019704 9.01643431389518 7
      vertex 57.68641461019704 9.01643431389518 3
      vertex 58 9 7
    endloop
  endfacet
  facet normal 0.05233595624294514 -0.9986295347545737 0
    outer loop
      vertex 58 9 7
      vertex 58 9 3
      vertex 58.31358538980296 9.01643431389518 7
    endloop
  endfacet
  facet normal 0.15643446504022837 -0.9876883405951381 0
    outer loop
      vertex 58.31358538980296 9.01643431389518 7
      vertex 58.31358538980296 9.01643431389518 3
      vertex 58.62373507245328 9.065557197798583 7
    endloop
  endfacet
  facet normal 0.2588190451025205 -0.9659258262890684 0
    outer loop
      vertex 58.62373507245328 9.065557197798583 7
      vertex 58.62373507245328 9.065557197798583 3
      vertex 58.92705098312484 9.146830451114539 7
    endloop
  endfacet
  facet normal 0.2588190451025205 -0.9659258262890684 0
    outer loop
      vertex 58.92705098312484 9.146830451114539 7
      vertex 58.62373507245328 9.065557197798583 3
      vertex 58.92705098312484 9.146830451114539 3
    endloop
  endfacet
  facet normal 0.358367949545301 -0.9335804264972013 0
    outer loop
      vertex 59.2202099292274 9.259363627072197 7
      vertex 58.92705098312484 9.146830451114539 3
      vertex 59.2202099292274 9.259363627072197 3
    endloop
  endfacet
  facet normal 0.45399049973954764 -0.8910065241883675 0
    outer loop
      vertex 59.5 9.401923788646684 7
      vertex 59.2202099292274 9.259363627072197 3
      vertex 59.5 9.401923788646684 3
    endloop
  endfacet
  facet normal 0.5446390350150293 -0.8386705679454227 0
    outer loop
      vertex 59.76335575687742 9.572949016875157 7
      vertex 59.5 9.401923788646684 3
      vertex 59.76335575687742 9.572949016875157 3
    endloop
  endfacet
  facet normal 0.6293203910498374 -0.777145961456971 0
    outer loop
      vertex 60.007391819076574 9.770565523567818 7
      vertex 59.76335575687742 9.572949016875157 3
      vertex 60.007391819076574 9.770565523567818 3
    endloop
  endfacet
  facet normal 0.7071067811865475 -0.7071067811865475 0
    outer loop
      vertex 60.007391819076574 9.770565523567818 7
      vertex 60.007391819076574 9.770565523567818 3
      vertex 60.22943447643218 9.992608180923426 3
    endloop
  endfacet
  facet normal 0.7771459614569663 -0.6293203910498428 0
    outer loop
      vertex 60.22943447643218 9.992608180923426 7
      vertex 60.22943447643218 9.992608180923426 3
      vertex 60.42705098312484 10.23664424312258 3
    endloop
  endfacet
  facet normal 0.8386705679454259 -0.5446390350150241 0
    outer loop
      vertex 60.42705098312484 10.23664424312258 7
      vertex 60.42705098312484 10.23664424312258 3
      vertex 60.598076211353316 10.5 3
    endloop
  endfacet
  facet normal 0.8910065241883675 -0.45399049973954764 0
    outer loop
      vertex 60.598076211353316 10.5 7
      vertex 60.598076211353316 10.5 3
      vertex 60.7406363729278 10.779790070772599 3
    endloop
  endfacet
  facet normal 0.9335804264972022 -0.35836794954529916 0
    outer loop
      vertex 60.7406363729278 10.779790070772599 7
      vertex 60.7406363729278 10.779790070772599 3
      vertex 60.85316954888546 11.072949016875159 3
    endloop
  endfacet
  facet normal 0.965925826289068 -0.2588190451025219 0
    outer loop
      vertex 60.85316954888546 11.072949016875159 7
      vertex 60.85316954888546 11.072949016875159 3
      vertex 60.93444280220142 11.376264927546721 3
    endloop
  endfacet
  facet normal 0.9876883405951389 -0.15643446504022374 0
    outer loop
      vertex 60.93444280220142 11.376264927546721 7
      vertex 60.93444280220142 11.376264927546721 3
      vertex 60.98356568610482 11.686414610197039 3
    endloop
  endfacet
  facet normal 0.358367949545301 -0.9335804264972013 0
    outer loop
      vertex 58.92705098312484 9.146830451114539 7
      vertex 58.92705098312484 9.146830451114539 3
      vertex 59.2202099292274 9.259363627072197 7
    endloop
  endfacet
  facet normal 0.45399049973954764 -0.8910065241883675 0
    outer loop
      vertex 59.2202099292274 9.259363627072197 7
      vertex 59.2202099292274 9.259363627072197 3
      vertex 59.5 9.401923788646684 7
    endloop
  endfacet
  facet normal 0.5446390350150293 -0.8386705679454227 0
    outer loop
      vertex 59.5 9.401923788646684 7
      vertex 59.5 9.401923788646684 3
      vertex 59.76335575687742 9.572949016875157 7
    endloop
  endfacet
  facet normal 0.6293203910498374 -0.777145961456971 0
    outer loop
      vertex 59.76335575687742 9.572949016875157 7
      vertex 59.76335575687742 9.572949016875157 3
      vertex 60.007391819076574 9.770565523567818 7
    endloop
  endfacet
  facet normal 0.7071067811865475 -0.7071067811865475 1.9855083448090612e-18
    outer loop
      vertex 60.007391819076574 9.770565523567818 7
      vertex 60.22943447643218 9.992608180923426 3
      vertex 60.22943447643218 9.992608180923426 7
    endloop
  endfacet
  facet normal 0.7771459614569663 -0.6293203910498428 -2.4188380922692164e-18
    outer loop
      vertex 60.22943447643218 9.992608180923426 7
      vertex 60.42705098312484 10.23664424312258 3
      vertex 60.42705098312484 10.23664424312258 7
    endloop
  endfacet
  facet normal 0.8386705679454259 -0.5446390350150241 1.764349659205054e-18
    outer loop
      vertex 60.42705098312484 10.23664424312258 7
      vertex 60.598076211353316 10.5 3
      vertex 60.598076211353316 10.5 7
    endloop
  endfacet
  facet normal 0.8910065241883675 -0.45399049973954764 2.0662732958879028e-18
    outer loop
      vertex 60.598076211353316 10.5 7
      vertex 60.7406363729278 10.779790070772599 3
      vertex 60.7406363729278 10.779790070772599 7
    endloop
  endfacet
  facet normal 0.9335804264972022 -0.35836794954529916 -4.413706320502697e-19
    outer loop
      vertex 60.7406363729278 10.779790070772599 7
      vertex 60.85316954888546 11.072949016875159 3
      vertex 60.85316954888546 11.072949016875159 7
    endloop
  endfacet
  facet normal 0.965925826289068 -0.2588190451025219 3.892507081493605e-19
    outer loop
      vertex 60.85316954888546 11.072949016875159 7
      vertex 60.93444280220142 11.376264927546721 3
      vertex 60.93444280220142 11.376264927546721 7
    endloop
  endfacet
  facet normal 0.9876883405951389 -0.15643446504022374 4.091692587419909e-19
    outer loop
      vertex 60.93444280220142 11.376264927546721 7
      vertex 60.98356568610482 11.686414610197039 3
      vertex 60.98356568610482 11.686414610197039 7
    endloop
  endfacet
  facet normal 0 0 1
    outer loop
      vertex 55.2593636270722 10.779790070772599 7
      vertex 55.14683045111454 12.927050983124841 7
      vertex 55.14683045111454 11.072949016875159 7
    endloop
  endfacet
  facet normal 0 0 1
    outer loop
      vertex 55.57294901687516 10.23664424312258 7
      vertex 55.401923788646684 13.5 7
      vertex 55.401923788646684 10.5 7
    endloop
  endfacet
  facet normal 0 0 1
    outer loop
      vertex 55.2593636270722 10.779790070772599 7
      vertex 55.401923788646684 10.5 7
      vertex 55.2593636270722 13.220209929227401 7
    endloop
  endfacet
  facet normal 0 0 1
    outer loop
      vertex 55.77056552356782 9.992608180923426 7
      vertex 55.57294901687516 13.76335575687742 7
      vertex 55.57294901687516 10.23664424312258 7
    endloop
  endfacet
  facet normal 0 0 1
    outer loop
      vertex 56.7797900707726 9.259363627072197 7
      vertex 57.07294901687516 9.146830451114539 7
      vertex 56.90374545082888 11.51191602830904 7
    endloop
  endfacet
  facet normal 0 0 1
    outer loop
      vertex 57.07294901687516 9.146830451114539 7
      vertex 57.37626492754672 9.065557197798583 7
      vertex 57.19704327236937 11.108226209427126 7
    endloop
  endfacet
  facet normal 0 0 1
    outer loop
      vertex 55.992608180923426 9.770565523567818 7
      vertex 56.23664424312258 9.572949016875157 7
      vertex 55.992608180923426 14.229434476432182 7
    endloop
  endfacet
  facet normal 0 0 1
    outer loop
      vertex 55.77056552356782 9.992608180923426 7
      vertex 55.992608180923426 9.770565523567818 7
      vertex 55.77056552356782 14.007391819076574 7
    endloop
  endfacet
  facet normal 0 0 1
    outer loop
      vertex 56.23664424312258 9.572949016875157 7
      vertex 56.5 9.401923788646684 7
      vertex 56.23664424312258 14.427050983124843 7
    endloop
  endfacet
  facet normal 0 0 1
    outer loop
      vertex 56.7797900707726 9.259363627072197 7
      vertex 56.90374545082888 11.51191602830904 7
      vertex 56.85873218044581 11.629179606750062 7
    endloop
  endfacet
  facet normal 0 0 1
    outer loop
      vertex 56.96076951545867 11.4 7
      vertex 57.07294901687516 9.146830451114539 7
      vertex 57.02917960675006 11.294657697249033 7
    endloop
  endfacet
  facet normal 0 0 1
    outer loop
      vertex 56.96076951545867 11.4 7
      vertex 56.90374545082888 11.51191602830904 7
      vertex 57.07294901687516 9.146830451114539 7
    endloop
  endfacet
  facet normal 0 0 1
    outer loop
      vertex 57.07294901687516 9.146830451114539 7
      vertex 57.19704327236937 11.108226209427126 7
      vertex 57.10822620942713 11.19704327236937 7
    endloop
  endfacet
  facet normal 0 0 1
    outer loop
      vertex 57.02917960675006 11.294657697249033 7
      vertex 57.07294901687516 9.146830451114539 7
      vertex 57.10822620942713 11.19704327236937 7
    endloop
  endfacet
  facet normal 0 0 1
    outer loop
      vertex 56.5 9.401923788646684 7
      vertex 56.7797900707726 9.259363627072197 7
      vertex 56.5 14.598076211353316 7
    endloop
  endfacet
  facet normal 0 0 1
    outer loop
      vertex 56.7797900707726 9.259363627072197 7
      vertex 56.85873218044581 11.629179606750062 7
      vertex 56.826222879119435 11.750505971018688 7
    endloop
  endfacet
  facet normal 0 0 1
    outer loop
      vertex 56.7797900707726 9.259363627072197 7
      vertex 56.826222879119435 11.750505971018688 7
      vertex 56.806573725558074 11.874565844078816 7
    endloop
  endfacet
  facet normal 0 0 1
    outer loop
      vertex 56.7797900707726 9.259363627072197 7
      vertex 56.806573725558074 11.874565844078816 7
      vertex 56.8 12 7
    endloop
  endfacet
  facet normal 0 0 1
    outer loop
      vertex 57.37626492754672 9.065557197798583 7
      vertex 57.68641461019704 9.01643431389518 7
      vertex 57.51191602830904 10.903745450828879 7
    endloop
  endfacet
  facet normal 0 0 1
    outer loop
      vertex 57.68641461019704 9.01643431389518 7
      vertex 58 9 7
      vertex 57.874565844078816 10.806573725558072 7
    endloop
  endfacet
  facet normal 0 0 1
    outer loop
      vertex 58 9 7
      vertex 58.31358538980296 9.01643431389518 7
      vertex 58.125434155921184 10.806573725558072 7
    endloop
  endfacet
  facet normal 0 0 1
    outer loop
      vertex 58.31358538980296 9.01643431389518 7
      vertex 58.62373507245328 9.065557197798583 7
      vertex 58.24949402898131 10.826222879119433 7
    endloop
  endfacet
  facet normal 0 0 1
    outer loop
      vertex 58.62373507245328 9.065557197798583 7
      vertex 58.92705098312484 9.146830451114539 7
      vertex 58.6 10.960769515458674 7
    endloop
  endfacet
  facet normal 0 0 1
    outer loop
      vertex 57.37626492754672 9.065557197798583 7
      vertex 57.29465769724903 11.029179606750063 7
      vertex 57.19704327236937 11.108226209427126 7
    endloop
  endfacet
  facet normal 0 0 1
    outer loop
      vertex 57.37626492754672 9.065557197798583 7
      vertex 57.4 10.960769515458674 7
      vertex 57.29465769724903 11.029179606750063 7
    endloop
  endfacet
  facet normal 0 0 1
    outer loop
      vertex 57.37626492754672 9.065557197798583 7
      vertex 57.51191602830904 10.903745450828879 7
      vertex 57.4 10.960769515458674 7
    endloop
  endfacet
  facet normal 0 0 1
    outer loop
      vertex 57.68641461019704 9.01643431389518 7
      vertex 57.629179606750064 10.858732180445816 7
      vertex 57.51191602830904 10.903745450828879 7
    endloop
  endfacet
  facet normal 0 0 1
    outer loop
      vertex 57.68641461019704 9.01643431389518 7
      vertex 57.75050597101869 10.826222879119433 7
      vertex 57.629179606750064 10.858732180445816 7
    endloop
  endfacet
  facet normal 0 0 1
    outer loop
      vertex 57.68641461019704 9.01643431389518 7
      vertex 57.874565844078816 10.806573725558072 7
      vertex 57.75050597101869 10.826222879119433 7
    endloop
  endfacet
  facet normal 0 0 1
    outer loop
      vertex 58 9 7
      vertex 58 10.8 7
      vertex 57.874565844078816 10.806573725558072 7
    endloop
  endfacet
  facet normal 0 0 1
    outer loop
      vertex 58 9 7
      vertex 58.125434155921184 10.806573725558072 7
      vertex 58 10.8 7
    endloop
  endfacet
  facet normal 0 0 1
    outer loop
      vertex 58.125434155921184 10.806573725558072 7
      vertex 58.31358538980296 9.01643431389518 7
      vertex 58.24949402898131 10.826222879119433 7
    endloop
  endfacet
  facet normal 0 0 1
    outer loop
      vertex 58.62373507245328 9.065557197798583 7
      vertex 58.370820393249936 10.858732180445816 7
      vertex 58.24949402898131 10.826222879119433 7
    endloop
  endfacet
  facet normal 0 0 1
    outer loop
      vertex 58.62373507245328 9.065557197798583 7
      vertex 58.48808397169096 10.903745450828879 7
      vertex 58.370820393249936 10.858732180445816 7
    endloop
  endfacet
  facet normal 0 0 1
    outer loop
      vertex 58.62373507245328 9.065557197798583 7
      vertex 58.6 10.960769515458674 7
      vertex 58.48808397169096 10.903745450828879 7
    endloop
  endfacet
  facet normal 0 0 1
    outer loop
      vertex 58.92705098312484 9.146830451114539 7
      vertex 58.70534230275097 11.029179606750063 7
      vertex 58.6 10.960769515458674 7
    endloop
  endfacet
  facet normal 0 0 1
    outer loop
      vertex 58.92705098312484 9.146830451114539 7
      vertex 59.2202099292274 9.259363627072197 7
      vertex 58.89177379057287 11.19704327236937 7
    endloop
  endfacet
  facet normal 0 0 1
    outer loop
      vertex 58.92705098312484 9.146830451114539 7
      vertex 58.80295672763063 11.108226209427126 7
      vertex 58.70534230275097 11.029179606750063 7
    endloop
  endfacet
  facet normal 0 0 1
    outer loop
      vertex 58.92705098312484 9.146830451114539 7
      vertex 58.89177379057287 11.19704327236937 7
      vertex 58.80295672763063 11.108226209427126 7
    endloop
  endfacet
  facet normal 0 0 1
    outer loop
      vertex 59.2202099292274 9.259363627072197 7
      vertex 58.97082039324994 11.294657697249033 7
      vertex 58.89177379057287 11.19704327236937 7
    endloop
  endfacet
  facet normal 0 0 1
    outer loop
      vertex 59.2202099292274 9.259363627072197 7
      vertex 59.03923048454133 11.4 7
      vertex 58.97082039324994 11.294657697249033 7
    endloop
  endfacet
  facet normal 0 0 1
    outer loop
      vertex 59.2202099292274 9.259363627072197 7
      vertex 59.09625454917112 11.51191602830904 7
      vertex 59.03923048454133 11.4 7
    endloop
  endfacet
  facet normal 0 0 1
    outer loop
      vertex 59.2202099292274 9.259363627072197 7
      vertex 59.14126781955419 11.629179606750062 7
      vertex 59.09625454917112 11.51191602830904 7
    endloop
  endfacet
  facet normal 0 0 1
    outer loop
      vertex 59.2202099292274 9.259363627072197 7
      vertex 59.173777120880565 11.750505971018688 7
      vertex 59.14126781955419 11.629179606750062 7
    endloop
  endfacet
  facet normal 0 0 1
    outer loop
      vertex 59.2202099292274 9.259363627072197 7
      vertex 59.193426274441926 11.874565844078816 7
      vertex 59.173777120880565 11.750505971018688 7
    endloop
  endfacet
  facet normal 0 0 1
    outer loop
      vertex 59.2202099292274 9.259363627072197 7
      vertex 59.2 12 7
      vertex 59.193426274441926 11.874565844078816 7
    endloop
  endfacet
  facet normal 0 0 1
    outer loop
      vertex 59.2202099292274 9.259363627072197 7
      vertex 59.5 9.401923788646684 7
      vertex 59.2202099292274 14.740636372927803 7
    endloop
  endfacet
  facet normal 0 0 1
    outer loop
      vertex 59.5 9.401923788646684 7
      vertex 59.76335575687742 9.572949016875157 7
      vertex 59.5 14.598076211353316 7
    endloop
  endfacet
  facet normal 0 0 1
    outer loop
      vertex 59.76335575687742 9.572949016875157 7
      vertex 60.007391819076574 9.770565523567818 7
      vertex 59.76335575687742 14.427050983124843 7
    endloop
  endfacet
  facet normal 0 0 1
    outer loop
      vertex 60.007391819076574 9.770565523567818 7
      vertex 60.22943447643218 9.992608180923426 7
      vertex 60.007391819076574 14.229434476432182 7
    endloop
  endfacet
  facet normal 0 0 1
    outer loop
      vertex 60.22943447643218 9.992608180923426 7
      vertex 60.42705098312484 10.23664424312258 7
      vertex 60.22943447643218 14.007391819076574 7
    endloop
  endfacet
  facet normal 0 0 1
    outer loop
      vertex 60.42705098312484 10.23664424312258 7
      vertex 60.598076211353316 10.5 7
      vertex 60.42705098312484 13.76335575687742 7
    endloop
  endfacet
  facet normal 0 0 1
    outer loop
      vertex 60.598076211353316 10.5 7
      vertex 60.7406363729278 10.779790070772599 7
      vertex 60.598076211353316 13.5 7
    endloop
  endfacet
  facet normal -0.9986295347545736 -0.05233595624295049 0
    outer loop
      vertex 55 12 7
      vertex 55 12 3
      vertex 55.01643431389518 11.686414610197039 3
    endloop
  endfacet
  facet normal -0.9986295347545736 0.05233595624295049 0
    outer loop
      vertex 55.01643431389518 12.313585389802961 7
      vertex 55.01643431389518 12.313585389802961 3
      vertex 55 12 3
    endloop
  endfacet
  facet normal -0.9876883405951389 0.15643446504022374 0
    outer loop
      vertex 55.06555719779858 12.623735072453279 7
      vertex 55.06555719779858 12.623735072453279 3
      vertex 55.01643431389518 12.313585389802961 3
    endloop
  endfacet
  facet normal -0.965925826289068 0.2588190451025219 0
    outer loop
      vertex 55.14683045111454 12.927050983124841 7
      vertex 55.14683045111454 12.927050983124841 3
      vertex 55.06555719779858 12.623735072453279 3
    endloop
  endfacet
  facet normal -0.9335804264972022 0.35836794954529916 0
    outer loop
      vertex 55.2593636270722 13.220209929227401 7
      vertex 55.2593636270722 13.220209929227401 3
      vertex 55.14683045111454 12.927050983124841 3
    endloop
  endfacet
  facet normal -0.8910065241883675 0.45399049973954764 0
    outer loop
      vertex 55.401923788646684 13.5 7
      vertex 55.401923788646684 13.5 3
      vertex 55.2593636270722 13.220209929227401 3
    endloop
  endfacet
  facet normal -0.8386705679454259 0.5446390350150241 0
    outer loop
      vertex 55.57294901687516 13.76335575687742 7
      vertex 55.57294901687516 13.76335575687742 3
      vertex 55.401923788646684 13.5 3
    endloop
  endfacet
  facet normal -0.9986295347545736 -0.05233595624295049 0
    outer loop
      vertex 55.01643431389518 11.686414610197039 7
      vertex 55 12 7
      vertex 55.01643431389518 11.686414610197039 3
    endloop
  endfacet
  facet normal -0.9986295347545736 0.05233595624295049 0
    outer loop
      vertex 55 12 7
      vertex 55.01643431389518 12.313585389802961 7
      vertex 55 12 3
    endloop
  endfacet
  facet normal -0.9876883405951389 0.15643446504022374 0
    outer loop
      vertex 55.01643431389518 12.313585389802961 7
      vertex 55.06555719779858 12.623735072453279 7
      vertex 55.01643431389518 12.313585389802961 3
    endloop
  endfacet
  facet normal -0.965925826289068 0.2588190451025219 0
    outer loop
      vertex 55.06555719779858 12.623735072453279 7
      vertex 55.14683045111454 12.927050983124841 7
      vertex 55.06555719779858 12.623735072453279 3
    endloop
  endfacet
  facet normal -0.9335804264972022 0.35836794954529916 0
    outer loop
      vertex 55.14683045111454 12.927050983124841 7
      vertex 55.2593636270722 13.220209929227401 7
      vertex 55.14683045111454 12.927050983124841 3
    endloop
  endfacet
  facet normal -0.8910065241883675 0.45399049973954764 0
    outer loop
      vertex 55.2593636270722 13.220209929227401 7
      vertex 55.401923788646684 13.5 7
      vertex 55.2593636270722 13.220209929227401 3
    endloop
  endfacet
  facet normal -0.8386705679454259 0.5446390350150241 0
    outer loop
      vertex 55.401923788646684 13.5 7
      vertex 55.57294901687516 13.76335575687742 7
      vertex 55.401923788646684 13.5 3
    endloop
  endfacet
  facet normal -0.7771459614569663 0.6293203910498428 0
    outer loop
      vertex 55.57294901687516 13.76335575687742 7
      vertex 55.77056552356782 14.007391819076574 7
      vertex 55.57294901687516 13.76335575687742 3
    endloop
  endfacet
  facet normal -0.7771459614569663 0.6293203910498428 0
    outer loop
      vertex 55.77056552356782 14.007391819076574 7
      vertex 55.77056552356782 14.007391819076574 3
      vertex 55.57294901687516 13.76335575687742 3
    endloop
  endfacet
  facet normal -0.7071067811865475 0.7071067811865475 0
    outer loop
      vertex 55.992608180923426 14.229434476432182 7
      vertex 55.992608180923426 14.229434476432182 3
      vertex 55.77056552356782 14.007391819076574 3
    endloop
  endfacet
  facet normal -0.6293203910498374 0.777145961456971 0
    outer loop
      vertex 55.992608180923426 14.229434476432182 7
      vertex 56.23664424312258 14.427050983124843 3
      vertex 55.992608180923426 14.229434476432182 3
    endloop
  endfacet
  facet normal -0.5446390350150293 0.8386705679454227 0
    outer loop
      vertex 56.23664424312258 14.427050983124843 7
      vertex 56.5 14.598076211353316 3
      vertex 56.23664424312258 14.427050983124843 3
    endloop
  endfacet
  facet normal -0.45399049973954764 0.8910065241883675 0
    outer loop
      vertex 56.5 14.598076211353316 7
      vertex 56.7797900707726 14.740636372927803 3
      vertex 56.5 14.598076211353316 3
    endloop
  endfacet
  facet normal -0.358367949545301 0.9335804264972013 0
    outer loop
      vertex 56.7797900707726 14.740636372927803 7
      vertex 57.07294901687516 14.853169548885461 3
      vertex 56.7797900707726 14.740636372927803 3
    endloop
  endfacet
  facet normal -0.7071067811865475 0.7071067811865475 0
    outer loop
      vertex 55.77056552356782 14.007391819076574 7
      vertex 55.992608180923426 14.229434476432182 7
      vertex 55.77056552356782 14.007391819076574 3
    endloop
  endfacet
  facet normal -0.6293203910498374 0.777145961456971 -1.4263860903005903e-18
    outer loop
      vertex 55.992608180923426 14.229434476432182 7
      vertex 56.23664424312258 14.427050983124843 7
      vertex 56.23664424312258 14.427050983124843 3
    endloop
  endfacet
  facet normal -0.5446390350150293 0.8386705679454227 -1.3564319129863851e-18
    outer loop
      vertex 56.23664424312258 14.427050983124843 7
      vertex 56.5 14.598076211353316 7
      vertex 56.5 14.598076211353316 3
    endloop
  endfacet
  facet normal -0.45399049973954764 0.8910065241883675 2.0662732958879028e-18
    outer loop
      vertex 56.5 14.598076211353316 7
      vertex 56.7797900707726 14.740636372927803 7
      vertex 56.7797900707726 14.740636372927803 3
    endloop
  endfacet
  facet normal -0.2588190451025205 0.9659258262890684 0
    outer loop
      vertex 57.07294901687516 14.853169548885461 7
      vertex 57.37626492754672 14.934442802201417 3
      vertex 57.07294901687516 14.853169548885461 3
    endloop
  endfacet
  facet normal -0.15643446504022837 0.9876883405951381 0
    outer loop
      vertex 57.37626492754672 14.934442802201417 7
      vertex 57.68641461019704 14.98356568610482 3
      vertex 57.37626492754672 14.934442802201417 3
    endloop
  endfacet
  facet normal -0.05233595624294514 0.9986295347545737 0
    outer loop
      vertex 57.68641461019704 14.98356568610482 7
      vertex 58 15 3
      vertex 57.68641461019704 14.98356568610482 3
    endloop
  endfacet
  facet normal 0.05233595624294514 0.9986295347545737 0
    outer loop
      vertex 58 15 7
      vertex 58.31358538980296 14.98356568610482 3
      vertex 58 15 3
    endloop
  endfacet
  facet normal 0.15643446504022837 0.9876883405951381 0
    outer loop
      vertex 58.31358538980296 14.98356568610482 7
      vertex 58.62373507245328 14.934442802201417 3
      vertex 58.31358538980296 14.98356568610482 3
    endloop
  endfacet
  facet normal 0.2588190451025205 0.9659258262890684 0
    outer loop
      vertex 58.62373507245328 14.934442802201417 7
      vertex 58.92705098312484 14.853169548885461 3
      vertex 58.62373507245328 14.934442802201417 3
    endloop
  endfacet
  facet normal -0.358367949545301 0.9335804264972013 6.165751036079469e-19
    outer loop
      vertex 56.7797900707726 14.740636372927803 7
      vertex 57.07294901687516 14.853169548885461 7
      vertex 57.07294901687516 14.853169548885461 3
    endloop
  endfacet
  facet normal -0.2588190451025205 0.9659258262890684 -6.827278850617213e-19
    outer loop
      vertex 57.07294901687516 14.853169548885461 7
      vertex 57.37626492754672 14.934442802201417 7
      vertex 57.37626492754672 14.934442802201417 3
    endloop
  endfacet
  facet normal -0.15643446504022837 0.9876883405951381 2.6430521915941873e-19
    outer loop
      vertex 57.37626492754672 14.934442802201417 7
      vertex 57.68641461019704 14.98356568610482 7
      vertex 57.68641461019704 14.98356568610482 3
    endloop
  endfacet
  facet normal -0.05233595624294514 0.9986295347545737 -3.167252081571376e-19
    outer loop
      vertex 57.68641461019704 14.98356568610482 7
      vertex 58 15 7
      vertex 58 15 3
    endloop
  endfacet
  facet normal 0.05233595624294514 0.9986295347545737 3.167252081571376e-19
    outer loop
      vertex 58 15 7
      vertex 58.31358538980296 14.98356568610482 7
      vertex 58.31358538980296 14.98356568610482 3
    endloop
  endfacet
  facet normal 0.15643446504022837 0.9876883405951381 -2.6430521915941873e-19
    outer loop
      vertex 58.31358538980296 14.98356568610482 7
      vertex 58.62373507245328 14.934442802201417 7
      vertex 58.62373507245328 14.934442802201417 3
    endloop
  endfacet
  facet normal 0.45399049973954764 0.8910065241883675 0
    outer loop
      vertex 59.2202099292274 14.740636372927803 7
      vertex 59.5 14.598076211353316 3
      vertex 59.2202099292274 14.740636372927803 3
    endloop
  endfacet
  facet normal 0.6293203910498374 0.777145961456971 0
    outer loop
      vertex 59.76335575687742 14.427050983124843 7
      vertex 60.007391819076574 14.229434476432182 3
      vertex 59.76335575687742 14.427050983124843 3
    endloop
  endfacet
  facet normal 0.5446390350150293 0.8386705679454227 0
    outer loop
      vertex 59.5 14.598076211353316 7
      vertex 59.76335575687742 14.427050983124843 3
      vertex 59.5 14.598076211353316 3
    endloop
  endfacet
  facet normal 0.7071067811865475 0.7071067811865475 0
    outer loop
      vertex 60.22943447643218 14.007391819076574 7
      vertex 60.22943447643218 14.007391819076574 3
      vertex 60.007391819076574 14.229434476432182 3
    endloop
  endfacet
  facet normal 0.9986295347545736 -0.05233595624295049 0
    outer loop
      vertex 60.98356568610482 11.686414610197039 7
      vertex 60.98356568610482 11.686414610197039 3
      vertex 61 12 3
    endloop
  endfacet
  facet normal 0.9986295347545736 0.05233595624295049 0
    outer loop
      vertex 61 12 7
      vertex 61 12 3
      vertex 60.98356568610482 12.313585389802961 3
    endloop
  endfacet
  facet normal 0.965925826289068 0.2588190451025219 0
    outer loop
      vertex 60.93444280220142 12.623735072453279 7
      vertex 60.93444280220142 12.623735072453279 3
      vertex 60.85316954888546 12.927050983124841 3
    endloop
  endfacet
  facet normal 0.9876883405951389 0.15643446504022374 0
    outer loop
      vertex 60.98356568610482 12.313585389802961 7
      vertex 60.98356568610482 12.313585389802961 3
      vertex 60.93444280220142 12.623735072453279 3
    endloop
  endfacet
  facet normal 0.9335804264972022 0.35836794954529916 0
    outer loop
      vertex 60.85316954888546 12.927050983124841 7
      vertex 60.85316954888546 12.927050983124841 3
      vertex 60.7406363729278 13.220209929227401 3
    endloop
  endfacet
  facet normal 0.8910065241883675 0.45399049973954764 0
    outer loop
      vertex 60.7406363729278 13.220209929227401 7
      vertex 60.7406363729278 13.220209929227401 3
      vertex 60.598076211353316 13.5 3
    endloop
  endfacet
  facet normal 0.8386705679454259 0.5446390350150241 0
    outer loop
      vertex 60.598076211353316 13.5 7
      vertex 60.598076211353316 13.5 3
      vertex 60.42705098312484 13.76335575687742 3
    endloop
  endfacet
  facet normal 0.7771459614569663 0.6293203910498428 0
    outer loop
      vertex 60.42705098312484 13.76335575687742 7
      vertex 60.42705098312484 13.76335575687742 3
      vertex 60.22943447643218 14.007391819076574 3
    endloop
  endfacet
  facet normal 0.358367949545301 0.9335804264972013 0
    outer loop
      vertex 59.2202099292274 14.740636372927803 7
      vertex 59.2202099292274 14.740636372927803 3
      vertex 58.92705098312484 14.853169548885461 7
    endloop
  endfacet
  facet normal 0.45399049973954764 0.8910065241883675 -2.0662732958879028e-18
    outer loop
      vertex 59.2202099292274 14.740636372927803 7
      vertex 59.5 14.598076211353316 7
      vertex 59.5 14.598076211353316 3
    endloop
  endfacet
  facet normal 0.7771459614569663 0.6293203910498428 2.4188380922692164e-18
    outer loop
      vertex 60.42705098312484 13.76335575687742 7
      vertex 60.22943447643218 14.007391819076574 3
      vertex 60.22943447643218 14.007391819076574 7
    endloop
  endfacet
  facet normal 0.6293203910498374 0.777145961456971 1.4263860903005903e-18
    outer loop
      vertex 59.76335575687742 14.427050983124843 7
      vertex 60.007391819076574 14.229434476432182 7
      vertex 60.007391819076574 14.229434476432182 3
    endloop
  endfacet
  facet normal 0.5446390350150293 0.8386705679454227 1.3564319129863851e-18
    outer loop
      vertex 59.5 14.598076211353316 7
      vertex 59.76335575687742 14.427050983124843 7
      vertex 59.76335575687742 14.427050983124843 3
    endloop
  endfacet
  facet normal 0.7071067811865475 0.7071067811865475 0
    outer loop
      vertex 60.007391819076574 14.229434476432182 7
      vertex 60.22943447643218 14.007391819076574 7
      vertex 60.007391819076574 14.229434476432182 3
    endloop
  endfacet
  facet normal 0.9986295347545736 -0.05233595624295049 2.911938925284721e-19
    outer loop
      vertex 60.98356568610482 11.686414610197039 7
      vertex 61 12 3
      vertex 61 12 7
    endloop
  endfacet
  facet normal 0.9986295347545736 0.05233595624295049 -2.911938925284721e-19
    outer loop
      vertex 61 12 7
      vertex 60.98356568610482 12.313585389802961 3
      vertex 60.98356568610482 12.313585389802961 7
    endloop
  endfacet
  facet normal 0.9876883405951389 0.15643446504022374 -4.091692587419909e-19
    outer loop
      vertex 60.98356568610482 12.313585389802961 7
      vertex 60.93444280220142 12.623735072453279 3
      vertex 60.93444280220142 12.623735072453279 7
    endloop
  endfacet
  facet normal 0.965925826289068 0.2588190451025219 -3.892507081493605e-19
    outer loop
      vertex 60.93444280220142 12.623735072453279 7
      vertex 60.85316954888546 12.927050983124841 3
      vertex 60.85316954888546 12.927050983124841 7
    endloop
  endfacet
  facet normal 0.9335804264972022 0.35836794954529916 4.413706320502697e-19
    outer loop
      vertex 60.85316954888546 12.927050983124841 7
      vertex 60.7406363729278 13.220209929227401 3
      vertex 60.7406363729278 13.220209929227401 7
    endloop
  endfacet
  facet normal 0.8910065241883675 0.45399049973954764 0
    outer loop
      vertex 60.598076211353316 13.5 7
      vertex 60.7406363729278 13.220209929227401 7
      vertex 60.598076211353316 13.5 3
    endloop
  endfacet
  facet normal 0.8386705679454259 0.5446390350150241 0
    outer loop
      vertex 60.42705098312484 13.76335575687742 7
      vertex 60.598076211353316 13.5 7
      vertex 60.42705098312484 13.76335575687742 3
    endloop
  endfacet
  facet normal 0.358367949545301 0.9335804264972013 0
    outer loop
      vertex 58.92705098312484 14.853169548885461 7
      vertex 59.2202099292274 14.740636372927803 3
      vertex 58.92705098312484 14.853169548885461 3
    endloop
  endfacet
  facet normal 0.2588190451025205 0.9659258262890684 6.827278850617213e-19
    outer loop
      vertex 58.62373507245328 14.934442802201417 7
      vertex 58.92705098312484 14.853169548885461 7
      vertex 58.92705098312484 14.853169548885461 3
    endloop
  endfacet
  facet normal 0 0 1
    outer loop
      vertex 55.14683045111454 11.072949016875159 7
      vertex 55.06555719779858 12.623735072453279 7
      vertex 55.06555719779858 11.376264927546721 7
    endloop
  endfacet
  facet normal 0 0 1
    outer loop
      vertex 55.06555719779858 11.376264927546721 7
      vertex 55.01643431389518 12.313585389802961 7
      vertex 55.01643431389518 11.686414610197039 7
    endloop
  endfacet
  facet normal 0 0 1
    outer loop
      vertex 55.01643431389518 11.686414610197039 7
      vertex 55.01643431389518 12.313585389802961 7
      vertex 55 12 7
    endloop
  endfacet
  facet normal 0 0 1
    outer loop
      vertex 55.06555719779858 11.376264927546721 7
      vertex 55.06555719779858 12.623735072453279 7
      vertex 55.01643431389518 12.313585389802961 7
    endloop
  endfacet
  facet normal 0 0 1
    outer loop
      vertex 55.14683045111454 11.072949016875159 7
      vertex 55.14683045111454 12.927050983124841 7
      vertex 55.06555719779858 12.623735072453279 7
    endloop
  endfacet
  facet normal 0 0 1
    outer loop
      vertex 55.2593636270722 10.779790070772599 7
      vertex 55.2593636270722 13.220209929227401 7
      vertex 55.14683045111454 12.927050983124841 7
    endloop
  endfacet
  facet normal 0 0 1
    outer loop
      vertex 55.401923788646684 10.5 7
      vertex 55.401923788646684 13.5 7
      vertex 55.2593636270722 13.220209929227401 7
    endloop
  endfacet
  facet normal 0 0 1
    outer loop
      vertex 55.57294901687516 10.23664424312258 7
      vertex 55.57294901687516 13.76335575687742 7
      vertex 55.401923788646684 13.5 7
    endloop
  endfacet
  facet normal 0 0 1
    outer loop
      vertex 55.77056552356782 9.992608180923426 7
      vertex 55.77056552356782 14.007391819076574 7
      vertex 55.57294901687516 13.76335575687742 7
    endloop
  endfacet
  facet normal 0 0 1
    outer loop
      vertex 55.992608180923426 9.770565523567818 7
      vertex 55.992608180923426 14.229434476432182 7
      vertex 55.77056552356782 14.007391819076574 7
    endloop
  endfacet
  facet normal 0 0 1
    outer loop
      vertex 56.23664424312258 9.572949016875157 7
      vertex 56.23664424312258 14.427050983124843 7
      vertex 55.992608180923426 14.229434476432182 7
    endloop
  endfacet
  facet normal 0 0 1
    outer loop
      vertex 56.5 9.401923788646684 7
      vertex 56.5 14.598076211353316 7
      vertex 56.23664424312258 14.427050983124843 7
    endloop
  endfacet
  facet normal 0 0 1
    outer loop
      vertex 56.7797900707726 9.259363627072197 7
      vertex 56.8 12 7
      vertex 56.7797900707726 14.740636372927803 7
    endloop
  endfacet
  facet normal 0 0 1
    outer loop
      vertex 56.7797900707726 9.259363627072197 7
      vertex 56.7797900707726 14.740636372927803 7
      vertex 56.5 14.598076211353316 7
    endloop
  endfacet
  facet normal 0 0 1
    outer loop
      vertex 56.8 12 7
      vertex 56.806573725558074 12.125434155921184 7
      vertex 56.7797900707726 14.740636372927803 7
    endloop
  endfacet
  facet normal 0 0 1
    outer loop
      vertex 56.806573725558074 12.125434155921184 7
      vertex 56.826222879119435 12.249494028981312 7
      vertex 56.7797900707726 14.740636372927803 7
    endloop
  endfacet
  facet normal 0 0 1
    outer loop
      vertex 56.826222879119435 12.249494028981312 7
      vertex 56.85873218044581 12.370820393249938 7
      vertex 56.7797900707726 14.740636372927803 7
    endloop
  endfacet
  facet normal 0 0 1
    outer loop
      vertex 56.85873218044581 12.370820393249938 7
      vertex 56.90374545082888 12.48808397169096 7
      vertex 56.7797900707726 14.740636372927803 7
    endloop
  endfacet
  facet normal 0 0 1
    outer loop
      vertex 56.90374545082888 12.48808397169096 7
      vertex 56.96076951545867 12.6 7
      vertex 56.7797900707726 14.740636372927803 7
    endloop
  endfacet
  facet normal 0 0 1
    outer loop
      vertex 56.96076951545867 12.6 7
      vertex 57.02917960675006 12.705342302750967 7
      vertex 56.7797900707726 14.740636372927803 7
    endloop
  endfacet
  facet normal 0 0 1
    outer loop
      vertex 57.02917960675006 12.705342302750967 7
      vertex 57.10822620942713 12.80295672763063 7
      vertex 56.7797900707726 14.740636372927803 7
    endloop
  endfacet
  facet normal 0 0 1
    outer loop
      vertex 57.10822620942713 12.80295672763063 7
      vertex 57.19704327236937 12.891773790572874 7
      vertex 57.07294901687516 14.853169548885461 7
    endloop
  endfacet
  facet normal 0 0 1
    outer loop
      vertex 57.19704327236937 12.891773790572874 7
      vertex 57.29465769724903 12.970820393249937 7
      vertex 57.07294901687516 14.853169548885461 7
    endloop
  endfacet
  facet normal 0 0 1
    outer loop
      vertex 56.7797900707726 14.740636372927803 7
      vertex 57.10822620942713 12.80295672763063 7
      vertex 57.07294901687516 14.853169548885461 7
    endloop
  endfacet
  facet normal 0 0 1
    outer loop
      vertex 57.29465769724903 12.970820393249937 7
      vertex 57.4 13.039230484541326 7
      vertex 57.07294901687516 14.853169548885461 7
    endloop
  endfacet
  facet normal 0 0 1
    outer loop
      vertex 57.4 13.039230484541326 7
      vertex 57.51191602830904 13.096254549171121 7
      vertex 57.37626492754672 14.934442802201417 7
    endloop
  endfacet
  facet normal 0 0 1
    outer loop
      vertex 57.51191602830904 13.096254549171121 7
      vertex 57.629179606750064 13.141267819554184 7
      vertex 57.37626492754672 14.934442802201417 7
    endloop
  endfacet
  facet normal 0 0 1
    outer loop
      vertex 57.629179606750064 13.141267819554184 7
      vertex 57.75050597101869 13.173777120880567 7
      vertex 57.37626492754672 14.934442802201417 7
    endloop
  endfacet
  facet normal 0 0 1
    outer loop
      vertex 57.75050597101869 13.173777120880567 7
      vertex 57.874565844078816 13.193426274441928 7
      vertex 57.68641461019704 14.98356568610482 7
    endloop
  endfacet
  facet normal 0 0 1
    outer loop
      vertex 57.874565844078816 13.193426274441928 7
      vertex 58 13.2 7
      vertex 58 15 7
    endloop
  endfacet
  facet normal 0 0 1
    outer loop
      vertex 57.4 13.039230484541326 7
      vertex 57.37626492754672 14.934442802201417 7
      vertex 57.07294901687516 14.853169548885461 7
    endloop
  endfacet
  facet normal 0 0 1
    outer loop
      vertex 57.75050597101869 13.173777120880567 7
      vertex 57.68641461019704 14.98356568610482 7
      vertex 57.37626492754672 14.934442802201417 7
    endloop
  endfacet
  facet normal 0 0 1
    outer loop
      vertex 57.874565844078816 13.193426274441928 7
      vertex 58 15 7
      vertex 57.68641461019704 14.98356568610482 7
    endloop
  endfacet
  facet normal 0 0 1
    outer loop
      vertex 58 13.2 7
      vertex 58.125434155921184 13.193426274441928 7
      vertex 58 15 7
    endloop
  endfacet
  facet normal 0 0 1
    outer loop
      vertex 58.125434155921184 13.193426274441928 7
      vertex 58.24949402898131 13.173777120880567 7
      vertex 58.31358538980296 14.98356568610482 7
    endloop
  endfacet
  facet normal 0 0 1
    outer loop
      vertex 58.24949402898131 13.173777120880567 7
      vertex 58.370820393249936 13.141267819554184 7
      vertex 58.31358538980296 14.98356568610482 7
    endloop
  endfacet
  facet normal 0 0 1
    outer loop
      vertex 58.370820393249936 13.141267819554184 7
      vertex 58.48808397169096 13.096254549171121 7
      vertex 58.31358538980296 14.98356568610482 7
    endloop
  endfacet
  facet normal 0 0 1
    outer loop
      vertex 58.48808397169096 13.096254549171121 7
      vertex 58.6 13.039230484541326 7
      vertex 58.62373507245328 14.934442802201417 7
    endloop
  endfacet
  facet normal 0 0 1
    outer loop
      vertex 58.6 13.039230484541326 7
      vertex 58.70534230275097 12.970820393249937 7
      vertex 58.62373507245328 14.934442802201417 7
    endloop
  endfacet
  facet normal 0 0 1
    outer loop
      vertex 58.70534230275097 12.970820393249937 7
      vertex 58.80295672763063 12.891773790572874 7
      vertex 58.62373507245328 14.934442802201417 7
    endloop
  endfacet
  facet normal 0 0 1
    outer loop
      vertex 58.125434155921184 13.193426274441928 7
      vertex 58.31358538980296 14.98356568610482 7
      vertex 58 15 7
    endloop
  endfacet
  facet normal 0 0 1
    outer loop
      vertex 58.48808397169096 13.096254549171121 7
      vertex 58.62373507245328 14.934442802201417 7
      vertex 58.31358538980296 14.98356568610482 7
    endloop
  endfacet
  facet normal 0 0 1
    outer loop
      vertex 59.2202099292274 9.259363627072197 7
      vertex 59.2202099292274 14.740636372927803 7
      vertex 59.2 12 7
    endloop
  endfacet
  facet normal 0 0 1
    outer loop
      vertex 59.14126781955419 12.370820393249938 7
      vertex 59.2202099292274 14.740636372927803 7
      vertex 59.09625454917112 12.48808397169096 7
    endloop
  endfacet
  facet normal 0 0 1
    outer loop
      vertex 59.2 12 7
      vertex 59.2202099292274 14.740636372927803 7
      vertex 59.193426274441926 12.125434155921184 7
    endloop
  endfacet
  facet normal 0 0 1
    outer loop
      vertex 59.193426274441926 12.125434155921184 7
      vertex 59.2202099292274 14.740636372927803 7
      vertex 59.173777120880565 12.249494028981312 7
    endloop
  endfacet
  facet normal 0 0 1
    outer loop
      vertex 59.14126781955419 12.370820393249938 7
      vertex 59.173777120880565 12.249494028981312 7
      vertex 59.2202099292274 14.740636372927803 7
    endloop
  endfacet
  facet normal 0 0 1
    outer loop
      vertex 59.5 9.401923788646684 7
      vertex 59.5 14.598076211353316 7
      vertex 59.2202099292274 14.740636372927803 7
    endloop
  endfacet
  facet normal 0 0 1
    outer loop
      vertex 59.76335575687742 9.572949016875157 7
      vertex 59.76335575687742 14.427050983124843 7
      vertex 59.5 14.598076211353316 7
    endloop
  endfacet
  facet normal 0 0 1
    outer loop
      vertex 60.007391819076574 9.770565523567818 7
      vertex 60.007391819076574 14.229434476432182 7
      vertex 59.76335575687742 14.427050983124843 7
    endloop
  endfacet
  facet normal 0 0 1
    outer loop
      vertex 60.22943447643218 9.992608180923426 7
      vertex 60.22943447643218 14.007391819076574 7
      vertex 60.007391819076574 14.229434476432182 7
    endloop
  endfacet
  facet normal 0 0 1
    outer loop
      vertex 58.89177379057287 12.80295672763063 7
      vertex 58.92705098312484 14.853169548885461 7
      vertex 58.80295672763063 12.891773790572874 7
    endloop
  endfacet
  facet normal 0 0 1
    outer loop
      vertex 58.89177379057287 12.80295672763063 7
      vertex 58.97082039324994 12.705342302750967 7
      vertex 58.92705098312484 14.853169548885461 7
    endloop
  endfacet
  facet normal 0 0 1
    outer loop
      vertex 59.03923048454133 12.6 7
      vertex 58.92705098312484 14.853169548885461 7
      vertex 58.97082039324994 12.705342302750967 7
    endloop
  endfacet
  facet normal 0 0 1
    outer loop
      vertex 59.03923048454133 12.6 7
      vertex 59.09625454917112 12.48808397169096 7
      vertex 58.92705098312484 14.853169548885461 7
    endloop
  endfacet
  facet normal 0 0 1
    outer loop
      vertex 58.80295672763063 12.891773790572874 7
      vertex 58.92705098312484 14.853169548885461 7
      vertex 58.62373507245328 14.934442802201417 7
    endloop
  endfacet
  facet normal 0 0 1
    outer loop
      vertex 59.09625454917112 12.48808397169096 7
      vertex 59.2202099292274 14.740636372927803 7
      vertex 58.92705098312484 14.853169548885461 7
    endloop
  endfacet
  facet normal 0 0 1
    outer loop
      vertex 60.7406363729278 10.779790070772599 7
      vertex 60.85316954888546 11.072949016875159 7
      vertex 60.7406363729278 13.220209929227401 7
    endloop
  endfacet
  facet normal 0 0 1
    outer loop
      vertex 60.85316954888546 11.072949016875159 7
      vertex 60.93444280220142 11.376264927546721 7
      vertex 60.85316954888546 12.927050983124841 7
    endloop
  endfacet
  facet normal 0 0 1
    outer loop
      vertex 60.93444280220142 11.376264927546721 7
      vertex 60.98356568610482 11.686414610197039 7
      vertex 60.93444280220142 12.623735072453279 7
    endloop
  endfacet
  facet normal 0 0 1
    outer loop
      vertex 60.98356568610482 11.686414610197039 7
      vertex 61 12 7
      vertex 60.98356568610482 12.313585389802961 7
    endloop
  endfacet
  facet normal 0 0 1
    outer loop
      vertex 60.93444280220142 11.376264927546721 7
      vertex 60.93444280220142 12.623735072453279 7
      vertex 60.85316954888546 12.927050983124841 7
    endloop
  endfacet
  facet normal 0 0 1
    outer loop
      vertex 60.85316954888546 11.072949016875159 7
      vertex 60.85316954888546 12.927050983124841 7
      vertex 60.7406363729278 13.220209929227401 7
    endloop
  endfacet
  facet normal 0 0 1
    outer loop
      vertex 60.98356568610482 11.686414610197039 7
      vertex 60.98356568610482 12.313585389802961 7
      vertex 60.93444280220142 12.623735072453279 7
    endloop
  endfacet
  facet normal 0 0 1
    outer loop
      vertex 60.42705098312484 10.23664424312258 7
      vertex 60.42705098312484 13.76335575687742 7
      vertex 60.22943447643218 14.007391819076574 7
    endloop
  endfacet
  facet normal 0 0 1
    outer loop
      vertex 60.598076211353316 10.5 7
      vertex 60.598076211353316 13.5 7
      vertex 60.42705098312484 13.76335575687742 7
    endloop
  endfacet
  facet normal 0 0 1
    outer loop
      vertex 60.7406363729278 10.779790070772599 7
      vertex 60.7406363729278 13.220209929227401 7
      vertex 60.598076211353316 13.5 7
    endloop
  endfacet
  facet normal -0.9335804264972022 -0.35836794954529916 0
    outer loop
      vertex 6.146830451114539 11.072949016875159 7
      vertex 6.146830451114539 11.072949016875159 3
      vertex 6.259363627072197 10.779790070772599 3
    endloop
  endfacet
  facet normal -0.965925826289068 -0.2588190451025219 0
    outer loop
      vertex 6.065557197798583 11.376264927546721 7
      vertex 6.065557197798583 11.376264927546721 3
      vertex 6.146830451114539 11.072949016875159 3
    endloop
  endfacet
  facet normal -0.987688340595138 -0.15643446504022926 0
    outer loop
      vertex 6.01643431389518 11.686414610197039 7
      vertex 6.01643431389518 11.686414610197039 3
      vertex 6.065557197798583 11.376264927546721 3
    endloop
  endfacet
  facet normal -0.965925826289068 -0.2588190451025219 0
    outer loop
      vertex 6.146830451114539 11.072949016875159 7
      vertex 6.065557197798583 11.376264927546721 7
      vertex 6.146830451114539 11.072949016875159 3
    endloop
  endfacet
  facet normal -0.987688340595138 -0.15643446504022926 0
    outer loop
      vertex 6.065557197798583 11.376264927546721 7
      vertex 6.01643431389518 11.686414610197039 7
      vertex 6.065557197798583 11.376264927546721 3
    endloop
  endfacet
  facet normal -0.7071067811865475 -0.7071067811865475 0
    outer loop
      vertex 6.770565523567817 9.992608180923426 7
      vertex 6.770565523567817 9.992608180923426 3
      vertex 6.992608180923425 9.770565523567818 3
    endloop
  endfacet
  facet normal -0.6293203910498402 -0.7771459614569688 0
    outer loop
      vertex 7.236644243122581 9.572949016875157 7
      vertex 6.992608180923425 9.770565523567818 3
      vertex 7.236644243122581 9.572949016875157 3
    endloop
  endfacet
  facet normal -0.5446390350150254 -0.8386705679454253 0
    outer loop
      vertex 7.5 9.401923788646684 7
      vertex 7.236644243122581 9.572949016875157 3
      vertex 7.5 9.401923788646684 3
    endloop
  endfacet
  facet normal -0.4539904997395464 -0.891006524188368 0
    outer loop
      vertex 7.7797900707725995 9.259363627072197 7
      vertex 7.5 9.401923788646684 3
      vertex 7.7797900707725995 9.259363627072197 3
    endloop
  endfacet
  facet normal -0.8386705679454246 -0.544639035015026 0
    outer loop
      vertex 6.401923788646684 10.5 7
      vertex 6.401923788646684 10.5 3
      vertex 6.572949016875158 10.23664424312258 3
    endloop
  endfacet
  facet normal -0.8910065241883675 -0.45399049973954764 0
    outer loop
      vertex 6.259363627072197 10.779790070772599 7
      vertex 6.259363627072197 10.779790070772599 3
      vertex 6.401923788646684 10.5 3
    endloop
  endfacet
  facet normal -0.7771459614569692 -0.6293203910498395 0
    outer loop
      vertex 6.572949016875158 10.23664424312258 7
      vertex 6.572949016875158 10.23664424312258 3
      vertex 6.770565523567817 9.992608180923426 3
    endloop
  endfacet
  facet normal -0.35836794954530204 -0.9335804264972012 0
    outer loop
      vertex 8.072949016875157 9.146830451114539 7
      vertex 7.7797900707725995 9.259363627072197 3
      vertex 8.072949016875157 9.146830451114539 3
    endloop
  endfacet
  facet normal -0.2588190451025205 -0.9659258262890684 0
    outer loop
      vertex 8.376264927546721 9.065557197798583 7
      vertex 8.072949016875157 9.146830451114539 3
      vertex 8.376264927546721 9.065557197798583 3
    endloop
  endfacet
  facet normal -0.15643446504022837 -0.9876883405951381 0
    outer loop
      vertex 8.68641461019704 9.01643431389518 7
      vertex 8.376264927546721 9.065557197798583 3
      vertex 8.68641461019704 9.01643431389518 3
    endloop
  endfacet
  facet normal -0.05233595624294514 -0.9986295347545737 0
    outer loop
      vertex 9 9 7
      vertex 8.68641461019704 9.01643431389518 3
      vertex 9 9 3
    endloop
  endfacet
  facet normal 0.05233595624294514 -0.9986295347545737 0
    outer loop
      vertex 9.31358538980296 9.01643431389518 7
      vertex 9 9 3
      vertex 9.31358538980296 9.01643431389518 3
    endloop
  endfacet
  facet normal -0.7071067811865475 -0.7071067811865475 -1.9855083448090612e-18
    outer loop
      vertex 6.770565523567817 9.992608180923426 7
      vertex 6.992608180923425 9.770565523567818 3
      vertex 6.992608180923425 9.770565523567818 7
    endloop
  endfacet
  facet normal -0.5446390350150254 -0.8386705679454253 0
    outer loop
      vertex 7.236644243122581 9.572949016875157 7
      vertex 7.236644243122581 9.572949016875157 3
      vertex 7.5 9.401923788646684 7
    endloop
  endfacet
  facet normal -0.6293203910498402 -0.7771459614569688 0
    outer loop
      vertex 6.992608180923425 9.770565523567818 7
      vertex 6.992608180923425 9.770565523567818 3
      vertex 7.236644243122581 9.572949016875157 7
    endloop
  endfacet
  facet normal -0.4539904997395464 -0.891006524188368 0
    outer loop
      vertex 7.5 9.401923788646684 7
      vertex 7.5 9.401923788646684 3
      vertex 7.7797900707725995 9.259363627072197 7
    endloop
  endfacet
  facet normal -0.8386705679454246 -0.544639035015026 0
    outer loop
      vertex 6.572949016875158 10.23664424312258 7
      vertex 6.401923788646684 10.5 7
      vertex 6.572949016875158 10.23664424312258 3
    endloop
  endfacet
  facet normal -0.8910065241883675 -0.45399049973954764 -2.0662732958879028e-18
    outer loop
      vertex 6.259363627072197 10.779790070772599 7
      vertex 6.401923788646684 10.5 3
      vertex 6.401923788646684 10.5 7
    endloop
  endfacet
  facet normal -0.7771459614569692 -0.6293203910498395 0
    outer loop
      vertex 6.770565523567817 9.992608180923426 7
      vertex 6.572949016875158 10.23664424312258 7
      vertex 6.770565523567817 9.992608180923426 3
    endloop
  endfacet
  facet normal -0.9335804264972022 -0.35836794954529916 0
    outer loop
      vertex 6.259363627072197 10.779790070772599 7
      vertex 6.146830451114539 11.072949016875159 7
      vertex 6.259363627072197 10.779790070772599 3
    endloop
  endfacet
  facet normal -0.35836794954530204 -0.9335804264972012 1.616612119680501e-18
    outer loop
      vertex 8.072949016875157 9.146830451114539 7
      vertex 7.7797900707725995 9.259363627072197 7
      vertex 7.7797900707725995 9.259363627072197 3
    endloop
  endfacet
  facet normal -0.2588190451025205 -0.9659258262890684 0
    outer loop
      vertex 8.072949016875157 9.146830451114539 7
      vertex 8.072949016875157 9.146830451114539 3
      vertex 8.376264927546721 9.065557197798583 7
    endloop
  endfacet
  facet normal -0.15643446504022837 -0.9876883405951381 0
    outer loop
      vertex 8.376264927546721 9.065557197798583 7
      vertex 8.376264927546721 9.065557197798583 3
      vertex 8.68641461019704 9.01643431389518 7
    endloop
  endfacet
  facet normal -0.05233595624294514 -0.9986295347545737 0
    outer loop
      vertex 8.68641461019704 9.01643431389518 7
      vertex 8.68641461019704 9.01643431389518 3
      vertex 9 9 7
    endloop
  endfacet
  facet normal 0.05233595624294514 -0.9986295347545737 0
    outer loop
      vertex 9 9 7
      vertex 9 9 3
      vertex 9.31358538980296 9.01643431389518 7
    endloop
  endfacet
  facet normal 0.15643446504022837 -0.9876883405951381 0
    outer loop
      vertex 9.623735072453279 9.065557197798583 7
      vertex 9.31358538980296 9.01643431389518 3
      vertex 9.623735072453279 9.065557197798583 3
    endloop
  endfacet
  facet normal 0.2588190451025205 -0.9659258262890684 0
    outer loop
      vertex 9.927050983124843 9.146830451114539 7
      vertex 9.623735072453279 9.065557197798583 3
      vertex 9.927050983124843 9.146830451114539 3
    endloop
  endfacet
  facet normal 0.358367949545301 -0.9335804264972013 0
    outer loop
      vertex 10.220209929227401 9.259363627072197 7
      vertex 9.927050983124843 9.146830451114539 3
      vertex 10.220209929227401 9.259363627072197 3
    endloop
  endfacet
  facet normal 0.45399049973954764 -0.8910065241883675 0
    outer loop
      vertex 10.5 9.401923788646684 7
      vertex 10.220209929227401 9.259363627072197 3
      vertex 10.5 9.401923788646684 3
    endloop
  endfacet
  facet normal 0.5446390350150241 -0.8386705679454259 0
    outer loop
      vertex 10.76335575687742 9.572949016875157 7
      vertex 10.5 9.401923788646684 3
      vertex 10.76335575687742 9.572949016875157 3
    endloop
  endfacet
  facet normal 0.6293203910498428 -0.7771459614569663 0
    outer loop
      vertex 11.007391819076574 9.770565523567818 7
      vertex 10.76335575687742 9.572949016875157 3
      vertex 11.007391819076574 9.770565523567818 3
    endloop
  endfacet
  facet normal 0.7071067811865475 -0.7071067811865475 0
    outer loop
      vertex 11.007391819076574 9.770565523567818 7
      vertex 11.007391819076574 9.770565523567818 3
      vertex 11.229434476432182 9.992608180923426 3
    endloop
  endfacet
  facet normal 0.7771459614569663 -0.6293203910498428 0
    outer loop
      vertex 11.229434476432182 9.992608180923426 7
      vertex 11.229434476432182 9.992608180923426 3
      vertex 11.427050983124843 10.23664424312258 3
    endloop
  endfacet
  facet normal 0.8386705679454259 -0.5446390350150241 0
    outer loop
      vertex 11.427050983124843 10.23664424312258 7
      vertex 11.427050983124843 10.23664424312258 3
      vertex 11.598076211353316 10.5 3
    endloop
  endfacet
  facet normal 0.8910065241883675 -0.45399049973954764 0
    outer loop
      vertex 11.598076211353316 10.5 7
      vertex 11.598076211353316 10.5 3
      vertex 11.740636372927803 10.779790070772599 3
    endloop
  endfacet
  facet normal 0.9335804264972022 -0.35836794954529916 0
    outer loop
      vertex 11.740636372927803 10.779790070772599 7
      vertex 11.740636372927803 10.779790070772599 3
      vertex 11.853169548885461 11.072949016875159 3
    endloop
  endfacet
  facet normal 0.965925826289068 -0.2588190451025219 0
    outer loop
      vertex 11.853169548885461 11.072949016875159 7
      vertex 11.853169548885461 11.072949016875159 3
      vertex 11.934442802201417 11.376264927546721 3
    endloop
  endfacet
  facet normal 0.987688340595138 -0.15643446504022926 0
    outer loop
      vertex 11.934442802201417 11.376264927546721 7
      vertex 11.934442802201417 11.376264927546721 3
      vertex 11.98356568610482 11.686414610197039 3
    endloop
  endfacet
  facet normal 0.15643446504022837 -0.9876883405951381 0
    outer loop
      vertex 9.31358538980296 9.01643431389518 7
      vertex 9.31358538980296 9.01643431389518 3
      vertex 9.623735072453279 9.065557197798583 7
    endloop
  endfacet
  facet normal 0.2588190451025205 -0.9659258262890684 0
    outer loop
      vertex 9.623735072453279 9.065557197798583 7
      vertex 9.623735072453279 9.065557197798583 3
      vertex 9.927050983124843 9.146830451114539 7
    endloop
  endfacet
  facet normal 0.358367949545301 -0.9335804264972013 0
    outer loop
      vertex 9.927050983124843 9.146830451114539 7
      vertex 9.927050983124843 9.146830451114539 3
      vertex 10.220209929227401 9.259363627072197 7
    endloop
  endfacet
  facet normal 0.45399049973954764 -0.8910065241883675 0
    outer loop
      vertex 10.220209929227401 9.259363627072197 7
      vertex 10.220209929227401 9.259363627072197 3
      vertex 10.5 9.401923788646684 7
    endloop
  endfacet
  facet normal 0.5446390350150241 -0.8386705679454259 0
    outer loop
      vertex 10.5 9.401923788646684 7
      vertex 10.5 9.401923788646684 3
      vertex 10.76335575687742 9.572949016875157 7
    endloop
  endfacet
  facet normal 0.6293203910498428 -0.7771459614569663 0
    outer loop
      vertex 10.76335575687742 9.572949016875157 7
      vertex 10.76335575687742 9.572949016875157 3
      vertex 11.007391819076574 9.770565523567818 7
    endloop
  endfacet
  facet normal 0.7071067811865475 -0.7071067811865475 1.9855083448090612e-18
    outer loop
      vertex 11.007391819076574 9.770565523567818 7
      vertex 11.229434476432182 9.992608180923426 3
      vertex 11.229434476432182 9.992608180923426 7
    endloop
  endfacet
  facet normal 0.7771459614569663 -0.6293203910498428 -2.4188380922692164e-18
    outer loop
      vertex 11.229434476432182 9.992608180923426 7
      vertex 11.427050983124843 10.23664424312258 3
      vertex 11.427050983124843 10.23664424312258 7
    endloop
  endfacet
  facet normal 0.8386705679454259 -0.5446390350150241 1.764349659205054e-18
    outer loop
      vertex 11.427050983124843 10.23664424312258 7
      vertex 11.598076211353316 10.5 3
      vertex 11.598076211353316 10.5 7
    endloop
  endfacet
  facet normal 0.8910065241883675 -0.45399049973954764 2.0662732958879028e-18
    outer loop
      vertex 11.598076211353316 10.5 7
      vertex 11.740636372927803 10.779790070772599 3
      vertex 11.740636372927803 10.779790070772599 7
    endloop
  endfacet
  facet normal 0.9335804264972022 -0.35836794954529916 -4.413706320502697e-19
    outer loop
      vertex 11.740636372927803 10.779790070772599 7
      vertex 11.853169548885461 11.072949016875159 3
      vertex 11.853169548885461 11.072949016875159 7
    endloop
  endfacet
  facet normal 0.965925826289068 -0.2588190451025219 3.892507081493605e-19
    outer loop
      vertex 11.853169548885461 11.072949016875159 7
      vertex 11.934442802201417 11.376264927546721 3
      vertex 11.934442802201417 11.376264927546721 7
    endloop
  endfacet
  facet normal 0.987688340595138 -0.15643446504022926 -1.5255047593443347e-19
    outer loop
      vertex 11.934442802201417 11.376264927546721 7
      vertex 11.98356568610482 11.686414610197039 3
      vertex 11.98356568610482 11.686414610197039 7
    endloop
  endfacet
  facet normal 0 0 1
    outer loop
      vertex 6.259363627072197 10.779790070772599 7
      vertex 6.146830451114539 12.927050983124841 7
      vertex 6.146830451114539 11.072949016875159 7
    endloop
  endfacet
  facet normal 0 0 1
    outer loop
      vertex 6.259363627072197 10.779790070772599 7
      vertex 6.401923788646684 10.5 7
      vertex 6.259363627072197 13.220209929227401 7
    endloop
  endfacet
  facet normal 0 0 1
    outer loop
      vertex 6.572949016875158 10.23664424312258 7
      vertex 6.401923788646684 13.5 7
      vertex 6.401923788646684 10.5 7
    endloop
  endfacet
  facet normal 0 0 1
    outer loop
      vertex 6.770565523567817 9.992608180923426 7
      vertex 6.572949016875158 13.76335575687742 7
      vertex 6.572949016875158 10.23664424312258 7
    endloop
  endfacet
  facet normal 0 0 1
    outer loop
      vertex 6.770565523567817 9.992608180923426 7
      vertex 6.992608180923425 9.770565523567818 7
      vertex 6.770565523567817 14.007391819076574 7
    endloop
  endfacet
  facet normal 0 0 1
    outer loop
      vertex 6.992608180923425 9.770565523567818 7
      vertex 7.236644243122581 9.572949016875157 7
      vertex 6.992608180923425 14.229434476432182 7
    endloop
  endfacet
  facet normal 0 0 1
    outer loop
      vertex 7.236644243122581 9.572949016875157 7
      vertex 7.5 9.401923788646684 7
      vertex 7.236644243122581 14.427050983124843 7
    endloop
  endfacet
  facet normal 0 0 1
    outer loop
      vertex 7.5 9.401923788646684 7
      vertex 7.7797900707725995 9.259363627072197 7
      vertex 7.5 14.598076211353316 7
    endloop
  endfacet
  facet normal 0 0 1
    outer loop
      vertex 8.072949016875157 9.146830451114539 7
      vertex 7.903745450828879 11.51191602830904 7
      vertex 7.7797900707725995 9.259363627072197 7
    endloop
  endfacet
  facet normal 0 0 1
    outer loop
      vertex 8.072949016875157 9.146830451114539 7
      vertex 8.376264927546721 9.065557197798583 7
      vertex 8.19704327236937 11.108226209427126 7
    endloop
  endfacet
  facet normal 0 0 1
    outer loop
      vertex 8.68641461019704 9.01643431389518 7
      vertex 9 9 7
      vertex 8.874565844078816 10.806573725558072 7
    endloop
  endfacet
  facet normal 0 0 1
    outer loop
      vertex 8.376264927546721 9.065557197798583 7
      vertex 8.68641461019704 9.01643431389518 7
      vertex 8.51191602830904 10.903745450828879 7
    endloop
  endfacet
  facet normal 0 0 1
    outer loop
      vertex 9 9 7
      vertex 9.31358538980296 9.01643431389518 7
      vertex 9.125434155921184 10.806573725558072 7
    endloop
  endfacet
  facet normal 0 0 1
    outer loop
      vertex 7.7797900707725995 9.259363627072197 7
      vertex 7.903745450828879 11.51191602830904 7
      vertex 7.858732180445816 11.629179606750062 7
    endloop
  endfacet
  facet normal 0 0 1
    outer loop
      vertex 8.072949016875157 9.146830451114539 7
      vertex 8.029179606750063 11.294657697249033 7
      vertex 7.960769515458674 11.4 7
    endloop
  endfacet
  facet normal 0 0 1
    outer loop
      vertex 8.072949016875157 9.146830451114539 7
      vertex 8.108226209427126 11.19704327236937 7
      vertex 8.029179606750063 11.294657697249033 7
    endloop
  endfacet
  facet normal 0 0 1
    outer loop
      vertex 8.072949016875157 9.146830451114539 7
      vertex 7.960769515458674 11.4 7
      vertex 7.903745450828879 11.51191602830904 7
    endloop
  endfacet
  facet normal 0 0 1
    outer loop
      vertex 8.294657697249033 11.029179606750063 7
      vertex 8.19704327236937 11.108226209427126 7
      vertex 8.376264927546721 9.065557197798583 7
    endloop
  endfacet
  facet normal 0 0 1
    outer loop
      vertex 8.294657697249033 11.029179606750063 7
      vertex 8.376264927546721 9.065557197798583 7
      vertex 8.4 10.960769515458674 7
    endloop
  endfacet
  facet normal 0 0 1
    outer loop
      vertex 8.376264927546721 9.065557197798583 7
      vertex 8.51191602830904 10.903745450828879 7
      vertex 8.4 10.960769515458674 7
    endloop
  endfacet
  facet normal 0 0 1
    outer loop
      vertex 8.072949016875157 9.146830451114539 7
      vertex 8.19704327236937 11.108226209427126 7
      vertex 8.108226209427126 11.19704327236937 7
    endloop
  endfacet
  facet normal 0 0 1
    outer loop
      vertex 7.7797900707725995 9.259363627072197 7
      vertex 7.858732180445816 11.629179606750062 7
      vertex 7.826222879119433 11.750505971018688 7
    endloop
  endfacet
  facet normal 0 0 1
    outer loop
      vertex 7.7797900707725995 9.259363627072197 7
      vertex 7.826222879119433 11.750505971018688 7
      vertex 7.8065737255580725 11.874565844078816 7
    endloop
  endfacet
  facet normal 0 0 1
    outer loop
      vertex 7.7797900707725995 9.259363627072197 7
      vertex 7.8065737255580725 11.874565844078816 7
      vertex 7.8 12 7
    endloop
  endfacet
  facet normal 0 0 1
    outer loop
      vertex 8.68641461019704 9.01643431389518 7
      vertex 8.75050597101869 10.826222879119433 7
      vertex 8.629179606750064 10.858732180445816 7
    endloop
  endfacet
  facet normal 0 0 1
    outer loop
      vertex 8.68641461019704 9.01643431389518 7
      vertex 8.629179606750064 10.858732180445816 7
      vertex 8.51191602830904 10.903745450828879 7
    endloop
  endfacet
  facet normal 0 0 1
    outer loop
      vertex 8.68641461019704 9.01643431389518 7
      vertex 8.874565844078816 10.806573725558072 7
      vertex 8.75050597101869 10.826222879119433 7
    endloop
  endfacet
  facet normal 0 0 1
    outer loop
      vertex 9 9 7
      vertex 9 10.8 7
      vertex 8.874565844078816 10.806573725558072 7
    endloop
  endfacet
  facet normal 0 0 1
    outer loop
      vertex 9 9 7
      vertex 9.125434155921184 10.806573725558072 7
      vertex 9 10.8 7
    endloop
  endfacet
  facet normal 0 0 1
    outer loop
      vertex 9.31358538980296 9.01643431389518 7
      vertex 9.24949402898131 10.826222879119433 7
      vertex 9.125434155921184 10.806573725558072 7
    endloop
  endfacet
  facet normal 0 0 1
    outer loop
      vertex 9.31358538980296 9.01643431389518 7
      vertex 9.623735072453279 9.065557197798583 7
      vertex 9.24949402898131 10.826222879119433 7
    endloop
  endfacet
  facet normal 0 0 1
    outer loop
      vertex 9.623735072453279 9.065557197798583 7
      vertex 9.927050983124843 9.146830451114539 7
      vertex 9.6 10.960769515458674 7
    endloop
  endfacet
  facet normal 0 0 1
    outer loop
      vertex 9.927050983124843 9.146830451114539 7
      vertex 10.220209929227401 9.259363627072197 7
      vertex 9.891773790572874 11.19704327236937 7
    endloop
  endfacet
  facet normal 0 0 1
    outer loop
      vertex 9.24949402898131 10.826222879119433 7
      vertex 9.623735072453279 9.065557197798583 7
      vertex 9.370820393249936 10.858732180445816 7
    endloop
  endfacet
  facet normal 0 0 1
    outer loop
      vertex 9.370820393249936 10.858732180445816 7
      vertex 9.623735072453279 9.065557197798583 7
      vertex 9.48808397169096 10.903745450828879 7
    endloop
  endfacet
  facet normal 0 0 1
    outer loop
      vertex 9.623735072453279 9.065557197798583 7
      vertex 9.6 10.960769515458674 7
      vertex 9.48808397169096 10.903745450828879 7
    endloop
  endfacet
  facet normal 0 0 1
    outer loop
      vertex 9.927050983124843 9.146830451114539 7
      vertex 9.705342302750967 11.029179606750063 7
      vertex 9.6 10.960769515458674 7
    endloop
  endfacet
  facet normal 0 0 1
    outer loop
      vertex 9.927050983124843 9.146830451114539 7
      vertex 9.80295672763063 11.108226209427126 7
      vertex 9.705342302750967 11.029179606750063 7
    endloop
  endfacet
  facet normal 0 0 1
    outer loop
      vertex 9.927050983124843 9.146830451114539 7
      vertex 9.891773790572874 11.19704327236937 7
      vertex 9.80295672763063 11.108226209427126 7
    endloop
  endfacet
  facet normal 0 0 1
    outer loop
      vertex 10.220209929227401 9.259363627072197 7
      vertex 9.970820393249937 11.294657697249033 7
      vertex 9.891773790572874 11.19704327236937 7
    endloop
  endfacet
  facet normal 0 0 1
    outer loop
      vertex 10.220209929227401 9.259363627072197 7
      vertex 10.039230484541326 11.4 7
      vertex 9.970820393249937 11.294657697249033 7
    endloop
  endfacet
  facet normal 0 0 1
    outer loop
      vertex 10.220209929227401 9.259363627072197 7
      vertex 10.096254549171121 11.51191602830904 7
      vertex 10.039230484541326 11.4 7
    endloop
  endfacet
  facet normal 0 0 1
    outer loop
      vertex 10.220209929227401 9.259363627072197 7
      vertex 10.141267819554184 11.629179606750062 7
      vertex 10.096254549171121 11.51191602830904 7
    endloop
  endfacet
  facet normal 0 0 1
    outer loop
      vertex 10.220209929227401 9.259363627072197 7
      vertex 10.173777120880567 11.750505971018688 7
      vertex 10.141267819554184 11.629179606750062 7
    endloop
  endfacet
  facet normal 0 0 1
    outer loop
      vertex 10.220209929227401 9.259363627072197 7
      vertex 10.193426274441928 11.874565844078816 7
      vertex 10.173777120880567 11.750505971018688 7
    endloop
  endfacet
  facet normal 0 0 1
    outer loop
      vertex 10.220209929227401 9.259363627072197 7
      vertex 10.2 12 7
      vertex 10.193426274441928 11.874565844078816 7
    endloop
  endfacet
  facet normal 0 0 1
    outer loop
      vertex 10.220209929227401 9.259363627072197 7
      vertex 10.5 9.401923788646684 7
      vertex 10.220209929227401 14.740636372927803 7
    endloop
  endfacet
  facet normal 0 0 1
    outer loop
      vertex 10.5 9.401923788646684 7
      vertex 10.76335575687742 9.572949016875157 7
      vertex 10.5 14.598076211353316 7
    endloop
  endfacet
  facet normal 0 0 1
    outer loop
      vertex 10.76335575687742 9.572949016875157 7
      vertex 11.007391819076574 9.770565523567818 7
      vertex 10.76335575687742 14.427050983124843 7
    endloop
  endfacet
  facet normal 0 0 1
    outer loop
      vertex 11.007391819076574 9.770565523567818 7
      vertex 11.229434476432182 9.992608180923426 7
      vertex 11.007391819076574 14.229434476432182 7
    endloop
  endfacet
  facet normal 0 0 1
    outer loop
      vertex 11.229434476432182 9.992608180923426 7
      vertex 11.427050983124843 10.23664424312258 7
      vertex 11.229434476432182 14.007391819076574 7
    endloop
  endfacet
  facet normal 0 0 1
    outer loop
      vertex 11.427050983124843 10.23664424312258 7
      vertex 11.598076211353316 10.5 7
      vertex 11.427050983124843 13.76335575687742 7
    endloop
  endfacet
  facet normal 0 0 1
    outer loop
      vertex 11.598076211353316 10.5 7
      vertex 11.740636372927803 10.779790070772599 7
      vertex 11.598076211353316 13.5 7
    endloop
  endfacet
  facet normal -0.9986295347545739 -0.052335956242944855 0
    outer loop
      vertex 6 12 7
      vertex 6 12 3
      vertex 6.01643431389518 11.686414610197039 3
    endloop
  endfacet
  facet normal -0.9986295347545739 0.052335956242944855 0
    outer loop
      vertex 6.01643431389518 12.313585389802961 7
      vertex 6.01643431389518 12.313585389802961 3
      vertex 6 12 3
    endloop
  endfacet
  facet normal -0.987688340595138 0.15643446504022926 0
    outer loop
      vertex 6.065557197798583 12.623735072453279 7
      vertex 6.065557197798583 12.623735072453279 3
      vertex 6.01643431389518 12.313585389802961 3
    endloop
  endfacet
  facet normal -0.965925826289068 0.2588190451025219 0
    outer loop
      vertex 6.146830451114539 12.927050983124841 7
      vertex 6.146830451114539 12.927050983124841 3
      vertex 6.065557197798583 12.623735072453279 3
    endloop
  endfacet
  facet normal -0.9986295347545739 -0.052335956242944855 0
    outer loop
      vertex 6.01643431389518 11.686414610197039 7
      vertex 6 12 7
      vertex 6.01643431389518 11.686414610197039 3
    endloop
  endfacet
  facet normal -0.9986295347545739 0.052335956242944855 0
    outer loop
      vertex 6 12 7
      vertex 6.01643431389518 12.313585389802961 7
      vertex 6 12 3
    endloop
  endfacet
  facet normal -0.987688340595138 0.15643446504022926 0
    outer loop
      vertex 6.01643431389518 12.313585389802961 7
      vertex 6.065557197798583 12.623735072453279 7
      vertex 6.01643431389518 12.313585389802961 3
    endloop
  endfacet
  facet normal -0.965925826289068 0.2588190451025219 0
    outer loop
      vertex 6.065557197798583 12.623735072453279 7
      vertex 6.146830451114539 12.927050983124841 7
      vertex 6.065557197798583 12.623735072453279 3
    endloop
  endfacet
  facet normal -0.9335804264972022 0.35836794954529916 0
    outer loop
      vertex 6.146830451114539 12.927050983124841 7
      vertex 6.259363627072197 13.220209929227401 7
      vertex 6.146830451114539 12.927050983124841 3
    endloop
  endfacet
  facet normal -0.9335804264972022 0.35836794954529916 0
    outer loop
      vertex 6.259363627072197 13.220209929227401 7
      vertex 6.259363627072197 13.220209929227401 3
      vertex 6.146830451114539 12.927050983124841 3
    endloop
  endfacet
  facet normal -0.8910065241883675 0.45399049973954764 0
    outer loop
      vertex 6.401923788646684 13.5 7
      vertex 6.401923788646684 13.5 3
      vertex 6.259363627072197 13.220209929227401 3
    endloop
  endfacet
  facet normal -0.8386705679454246 0.544639035015026 0
    outer loop
      vertex 6.572949016875158 13.76335575687742 7
      vertex 6.572949016875158 13.76335575687742 3
      vertex 6.401923788646684 13.5 3
    endloop
  endfacet
  facet normal -0.7771459614569692 0.6293203910498395 0
    outer loop
      vertex 6.770565523567817 14.007391819076574 7
      vertex 6.770565523567817 14.007391819076574 3
      vertex 6.572949016875158 13.76335575687742 3
    endloop
  endfacet
  facet normal -0.7071067811865475 0.7071067811865475 0
    outer loop
      vertex 6.992608180923425 14.229434476432182 7
      vertex 6.992608180923425 14.229434476432182 3
      vertex 6.770565523567817 14.007391819076574 3
    endloop
  endfacet
  facet normal -0.6293203910498402 0.7771459614569688 0
    outer loop
      vertex 6.992608180923425 14.229434476432182 7
      vertex 7.236644243122581 14.427050983124843 3
      vertex 6.992608180923425 14.229434476432182 3
    endloop
  endfacet
  facet normal -0.5446390350150254 0.8386705679454253 0
    outer loop
      vertex 7.236644243122581 14.427050983124843 7
      vertex 7.5 14.598076211353316 3
      vertex 7.236644243122581 14.427050983124843 3
    endloop
  endfacet
  facet normal -0.4539904997395464 0.891006524188368 0
    outer loop
      vertex 7.5 14.598076211353316 7
      vertex 7.7797900707725995 14.740636372927803 3
      vertex 7.5 14.598076211353316 3
    endloop
  endfacet
  facet normal -0.35836794954530204 0.9335804264972012 0
    outer loop
      vertex 7.7797900707725995 14.740636372927803 7
      vertex 8.072949016875157 14.853169548885461 3
      vertex 7.7797900707725995 14.740636372927803 3
    endloop
  endfacet
  facet normal -0.8910065241883675 0.45399049973954764 0
    outer loop
      vertex 6.259363627072197 13.220209929227401 7
      vertex 6.401923788646684 13.5 7
      vertex 6.259363627072197 13.220209929227401 3
    endloop
  endfacet
  facet normal -0.8386705679454246 0.544639035015026 0
    outer loop
      vertex 6.401923788646684 13.5 7
      vertex 6.572949016875158 13.76335575687742 7
      vertex 6.401923788646684 13.5 3
    endloop
  endfacet
  facet normal -0.7771459614569692 0.6293203910498395 0
    outer loop
      vertex 6.572949016875158 13.76335575687742 7
      vertex 6.770565523567817 14.007391819076574 7
      vertex 6.572949016875158 13.76335575687742 3
    endloop
  endfacet
  facet normal -0.7071067811865475 0.7071067811865475 0
    outer loop
      vertex 6.770565523567817 14.007391819076574 7
      vertex 6.992608180923425 14.229434476432182 7
      vertex 6.770565523567817 14.007391819076574 3
    endloop
  endfacet
  facet normal -0.6293203910498402 0.7771459614569688 8.395479998326395e-19
    outer loop
      vertex 6.992608180923425 14.229434476432182 7
      vertex 7.236644243122581 14.427050983124843 7
      vertex 7.236644243122581 14.427050983124843 3
    endloop
  endfacet
  facet normal -0.5446390350150254 0.8386705679454253 2.3652343117159784e-18
    outer loop
      vertex 7.236644243122581 14.427050983124843 7
      vertex 7.5 14.598076211353316 7
      vertex 7.5 14.598076211353316 3
    endloop
  endfacet
  facet normal -0.4539904997395464 0.891006524188368 -2.0896690121938943e-18
    outer loop
      vertex 7.5 14.598076211353316 7
      vertex 7.7797900707725995 14.740636372927803 7
      vertex 7.7797900707725995 14.740636372927803 3
    endloop
  endfacet
  facet normal -0.2588190451025205 0.9659258262890684 0
    outer loop
      vertex 8.072949016875157 14.853169548885461 7
      vertex 8.376264927546721 14.934442802201417 3
      vertex 8.072949016875157 14.853169548885461 3
    endloop
  endfacet
  facet normal -0.15643446504022837 0.9876883405951381 0
    outer loop
      vertex 8.376264927546721 14.934442802201417 7
      vertex 8.68641461019704 14.98356568610482 3
      vertex 8.376264927546721 14.934442802201417 3
    endloop
  endfacet
  facet normal -0.05233595624294514 0.9986295347545737 0
    outer loop
      vertex 8.68641461019704 14.98356568610482 7
      vertex 9 15 3
      vertex 8.68641461019704 14.98356568610482 3
    endloop
  endfacet
  facet normal 0.05233595624294514 0.9986295347545737 0
    outer loop
      vertex 9 15 7
      vertex 9.31358538980296 14.98356568610482 3
      vertex 9 15 3
    endloop
  endfacet
  facet normal -0.35836794954530204 0.9335804264972012 -1.616612119680501e-18
    outer loop
      vertex 7.7797900707725995 14.740636372927803 7
      vertex 8.072949016875157 14.853169548885461 7
      vertex 8.072949016875157 14.853169548885461 3
    endloop
  endfacet
  facet normal -0.2588190451025205 0.9659258262890684 -6.827278850617213e-19
    outer loop
      vertex 8.072949016875157 14.853169548885461 7
      vertex 8.376264927546721 14.934442802201417 7
      vertex 8.376264927546721 14.934442802201417 3
    endloop
  endfacet
  facet normal -0.15643446504022837 0.9876883405951381 2.6430521915941873e-19
    outer loop
      vertex 8.376264927546721 14.934442802201417 7
      vertex 8.68641461019704 14.98356568610482 7
      vertex 8.68641461019704 14.98356568610482 3
    endloop
  endfacet
  facet normal -0.05233595624294514 0.9986295347545737 -3.167252081571376e-19
    outer loop
      vertex 8.68641461019704 14.98356568610482 7
      vertex 9 15 7
      vertex 9 15 3
    endloop
  endfacet
  facet normal 0.05233595624294514 0.9986295347545737 3.167252081571376e-19
    outer loop
      vertex 9 15 7
      vertex 9.31358538980296 14.98356568610482 7
      vertex 9.31358538980296 14.98356568610482 3
    endloop
  endfacet
  facet normal 0.45399049973954764 0.8910065241883675 0
    outer loop
      vertex 10.220209929227401 14.740636372927803 7
      vertex 10.5 14.598076211353316 3
      vertex 10.220209929227401 14.740636372927803 3
    endloop
  endfacet
  facet normal 0.5446390350150241 0.8386705679454259 0
    outer loop
      vertex 10.5 14.598076211353316 7
      vertex 10.76335575687742 14.427050983124843 3
      vertex 10.5 14.598076211353316 3
    endloop
  endfacet
  facet normal 0.9986295347545739 -0.052335956242944855 0
    outer loop
      vertex 11.98356568610482 11.686414610197039 7
      vertex 11.98356568610482 11.686414610197039 3
      vertex 12 12 3
    endloop
  endfacet
  facet normal 0.9986295347545739 0.052335956242944855 0
    outer loop
      vertex 12 12 7
      vertex 12 12 3
      vertex 11.98356568610482 12.313585389802961 3
    endloop
  endfacet
  facet normal 0.987688340595138 0.15643446504022926 0
    outer loop
      vertex 11.98356568610482 12.313585389802961 7
      vertex 11.98356568610482 12.313585389802961 3
      vertex 11.934442802201417 12.623735072453279 3
    endloop
  endfacet
  facet normal 0.965925826289068 0.2588190451025219 0
    outer loop
      vertex 11.934442802201417 12.623735072453279 7
      vertex 11.934442802201417 12.623735072453279 3
      vertex 11.853169548885461 12.927050983124841 3
    endloop
  endfacet
  facet normal 0.9335804264972022 0.35836794954529916 0
    outer loop
      vertex 11.853169548885461 12.927050983124841 7
      vertex 11.853169548885461 12.927050983124841 3
      vertex 11.740636372927803 13.220209929227401 3
    endloop
  endfacet
  facet normal 0.8386705679454259 0.5446390350150241 0
    outer loop
      vertex 11.598076211353316 13.5 7
      vertex 11.598076211353316 13.5 3
      vertex 11.427050983124843 13.76335575687742 3
    endloop
  endfacet
  facet normal 0.7771459614569663 0.6293203910498428 0
    outer loop
      vertex 11.427050983124843 13.76335575687742 7
      vertex 11.427050983124843 13.76335575687742 3
      vertex 11.229434476432182 14.007391819076574 3
    endloop
  endfacet
  facet normal 0.6293203910498428 0.7771459614569663 0
    outer loop
      vertex 10.76335575687742 14.427050983124843 7
      vertex 11.007391819076574 14.229434476432182 3
      vertex 10.76335575687742 14.427050983124843 3
    endloop
  endfacet
  facet normal 0.7071067811865475 0.7071067811865475 0
    outer loop
      vertex 11.229434476432182 14.007391819076574 7
      vertex 11.229434476432182 14.007391819076574 3
      vertex 11.007391819076574 14.229434476432182 3
    endloop
  endfacet
  facet normal 0.8910065241883675 0.45399049973954764 0
    outer loop
      vertex 11.740636372927803 13.220209929227401 7
      vertex 11.740636372927803 13.220209929227401 3
      vertex 11.598076211353316 13.5 3
    endloop
  endfacet
  facet normal 0.358367949545301 0.9335804264972013 0
    outer loop
      vertex 10.220209929227401 14.740636372927803 7
      vertex 10.220209929227401 14.740636372927803 3
      vertex 9.927050983124843 14.853169548885461 7
    endloop
  endfacet
  facet normal 0.45399049973954764 0.8910065241883675 -2.0662732958879028e-18
    outer loop
      vertex 10.220209929227401 14.740636372927803 7
      vertex 10.5 14.598076211353316 7
      vertex 10.5 14.598076211353316 3
    endloop
  endfacet
  facet normal 0.5446390350150241 0.8386705679454259 -1.764349659205054e-18
    outer loop
      vertex 10.5 14.598076211353316 7
      vertex 10.76335575687742 14.427050983124843 7
      vertex 10.76335575687742 14.427050983124843 3
    endloop
  endfacet
  facet normal 0.9986295347545739 -0.052335956242944855 1.3728749479995527e-19
    outer loop
      vertex 11.98356568610482 11.686414610197039 7
      vertex 12 12 3
      vertex 12 12 7
    endloop
  endfacet
  facet normal 0.9986295347545739 0.052335956242944855 -1.3728749479995527e-19
    outer loop
      vertex 12 12 7
      vertex 11.98356568610482 12.313585389802961 3
      vertex 11.98356568610482 12.313585389802961 7
    endloop
  endfacet
  facet normal 0.987688340595138 0.15643446504022926 1.5255047593443347e-19
    outer loop
      vertex 11.98356568610482 12.313585389802961 7
      vertex 11.934442802201417 12.623735072453279 3
      vertex 11.934442802201417 12.623735072453279 7
    endloop
  endfacet
  facet normal 0.9335804264972022 0.35836794954529916 0
    outer loop
      vertex 11.740636372927803 13.220209929227401 7
      vertex 11.853169548885461 12.927050983124841 7
      vertex 11.740636372927803 13.220209929227401 3
    endloop
  endfacet
  facet normal 0.965925826289068 0.2588190451025219 -3.892507081493605e-19
    outer loop
      vertex 11.934442802201417 12.623735072453279 7
      vertex 11.853169548885461 12.927050983124841 3
      vertex 11.853169548885461 12.927050983124841 7
    endloop
  endfacet
  facet normal 0.7771459614569663 0.6293203910498428 2.4188380922692164e-18
    outer loop
      vertex 11.427050983124843 13.76335575687742 7
      vertex 11.229434476432182 14.007391819076574 3
      vertex 11.229434476432182 14.007391819076574 7
    endloop
  endfacet
  facet normal 0.8386705679454259 0.5446390350150241 0
    outer loop
      vertex 11.427050983124843 13.76335575687742 7
      vertex 11.598076211353316 13.5 7
      vertex 11.427050983124843 13.76335575687742 3
    endloop
  endfacet
  facet normal 0.6293203910498428 0.7771459614569663 2.4188380922692164e-18
    outer loop
      vertex 10.76335575687742 14.427050983124843 7
      vertex 11.007391819076574 14.229434476432182 7
      vertex 11.007391819076574 14.229434476432182 3
    endloop
  endfacet
  facet normal 0.7071067811865475 0.7071067811865475 0
    outer loop
      vertex 11.007391819076574 14.229434476432182 7
      vertex 11.229434476432182 14.007391819076574 7
      vertex 11.007391819076574 14.229434476432182 3
    endloop
  endfacet
  facet normal 0.8910065241883675 0.45399049973954764 0
    outer loop
      vertex 11.598076211353316 13.5 7
      vertex 11.740636372927803 13.220209929227401 7
      vertex 11.598076211353316 13.5 3
    endloop
  endfacet
  facet normal 0.15643446504022837 0.9876883405951381 0
    outer loop
      vertex 9.31358538980296 14.98356568610482 7
      vertex 9.623735072453279 14.934442802201417 3
      vertex 9.31358538980296 14.98356568610482 3
    endloop
  endfacet
  facet normal 0.2588190451025205 0.9659258262890684 0
    outer loop
      vertex 9.623735072453279 14.934442802201417 7
      vertex 9.927050983124843 14.853169548885461 3
      vertex 9.623735072453279 14.934442802201417 3
    endloop
  endfacet
  facet normal 0.358367949545301 0.9335804264972013 0
    outer loop
      vertex 9.927050983124843 14.853169548885461 7
      vertex 10.220209929227401 14.740636372927803 3
      vertex 9.927050983124843 14.853169548885461 3
    endloop
  endfacet
  facet normal 0.15643446504022837 0.9876883405951381 -2.6430521915941873e-19
    outer loop
      vertex 9.31358538980296 14.98356568610482 7
      vertex 9.623735072453279 14.934442802201417 7
      vertex 9.623735072453279 14.934442802201417 3
    endloop
  endfacet
  facet normal 0.2588190451025205 0.9659258262890684 6.827278850617213e-19
    outer loop
      vertex 9.623735072453279 14.934442802201417 7
      vertex 9.927050983124843 14.853169548885461 7
      vertex 9.927050983124843 14.853169548885461 3
    endloop
  endfacet
  facet normal 0 0 1
    outer loop
      vertex 6.065557197798583 11.376264927546721 7
      vertex 6.01643431389518 12.313585389802961 7
      vertex 6.01643431389518 11.686414610197039 7
    endloop
  endfacet
  facet normal 0 0 1
    outer loop
      vertex 6.146830451114539 11.072949016875159 7
      vertex 6.065557197798583 12.623735072453279 7
      vertex 6.065557197798583 11.376264927546721 7
    endloop
  endfacet
  facet normal 0 0 1
    outer loop
      vertex 6.01643431389518 11.686414610197039 7
      vertex 6.01643431389518 12.313585389802961 7
      vertex 6 12 7
    endloop
  endfacet
  facet normal 0 0 1
    outer loop
      vertex 6.065557197798583 11.376264927546721 7
      vertex 6.065557197798583 12.623735072453279 7
      vertex 6.01643431389518 12.313585389802961 7
    endloop
  endfacet
  facet normal 0 0 1
    outer loop
      vertex 6.146830451114539 11.072949016875159 7
      vertex 6.146830451114539 12.927050983124841 7
      vertex 6.065557197798583 12.623735072453279 7
    endloop
  endfacet
  facet normal 0 0 1
    outer loop
      vertex 6.259363627072197 10.779790070772599 7
      vertex 6.259363627072197 13.220209929227401 7
      vertex 6.146830451114539 12.927050983124841 7
    endloop
  endfacet
  facet normal 0 0 1
    outer loop
      vertex 6.401923788646684 10.5 7
      vertex 6.401923788646684 13.5 7
      vertex 6.259363627072197 13.220209929227401 7
    endloop
  endfacet
  facet normal 0 0 1
    outer loop
      vertex 6.572949016875158 10.23664424312258 7
      vertex 6.572949016875158 13.76335575687742 7
      vertex 6.401923788646684 13.5 7
    endloop
  endfacet
  facet normal 0 0 1
    outer loop
      vertex 6.770565523567817 9.992608180923426 7
      vertex 6.770565523567817 14.007391819076574 7
      vertex 6.572949016875158 13.76335575687742 7
    endloop
  endfacet
  facet normal 0 0 1
    outer loop
      vertex 6.992608180923425 9.770565523567818 7
      vertex 6.992608180923425 14.229434476432182 7
      vertex 6.770565523567817 14.007391819076574 7
    endloop
  endfacet
  facet normal 0 0 1
    outer loop
      vertex 7.236644243122581 9.572949016875157 7
      vertex 7.236644243122581 14.427050983124843 7
      vertex 6.992608180923425 14.229434476432182 7
    endloop
  endfacet
  facet normal 0 0 1
    outer loop
      vertex 7.5 9.401923788646684 7
      vertex 7.5 14.598076211353316 7
      vertex 7.236644243122581 14.427050983124843 7
    endloop
  endfacet
  facet normal 0 0 1
    outer loop
      vertex 7.7797900707725995 9.259363627072197 7
      vertex 7.7797900707725995 14.740636372927803 7
      vertex 7.5 14.598076211353316 7
    endloop
  endfacet
  facet normal 0 0 1
    outer loop
      vertex 7.7797900707725995 9.259363627072197 7
      vertex 7.8 12 7
      vertex 7.7797900707725995 14.740636372927803 7
    endloop
  endfacet
  facet normal 0 0 1
    outer loop
      vertex 7.8 12 7
      vertex 7.8065737255580725 12.125434155921184 7
      vertex 7.7797900707725995 14.740636372927803 7
    endloop
  endfacet
  facet normal 0 0 1
    outer loop
      vertex 7.8065737255580725 12.125434155921184 7
      vertex 7.826222879119433 12.249494028981312 7
      vertex 7.7797900707725995 14.740636372927803 7
    endloop
  endfacet
  facet normal 0 0 1
    outer loop
      vertex 7.826222879119433 12.249494028981312 7
      vertex 7.858732180445816 12.370820393249938 7
      vertex 7.7797900707725995 14.740636372927803 7
    endloop
  endfacet
  facet normal 0 0 1
    outer loop
      vertex 7.858732180445816 12.370820393249938 7
      vertex 7.903745450828879 12.48808397169096 7
      vertex 7.7797900707725995 14.740636372927803 7
    endloop
  endfacet
  facet normal 0 0 1
    outer loop
      vertex 7.903745450828879 12.48808397169096 7
      vertex 7.960769515458674 12.6 7
      vertex 7.7797900707725995 14.740636372927803 7
    endloop
  endfacet
  facet normal 0 0 1
    outer loop
      vertex 7.960769515458674 12.6 7
      vertex 8.029179606750063 12.705342302750967 7
      vertex 7.7797900707725995 14.740636372927803 7
    endloop
  endfacet
  facet normal 0 0 1
    outer loop
      vertex 8.029179606750063 12.705342302750967 7
      vertex 8.108226209427126 12.80295672763063 7
      vertex 7.7797900707725995 14.740636372927803 7
    endloop
  endfacet
  facet normal 0 0 1
    outer loop
      vertex 8.108226209427126 12.80295672763063 7
      vertex 8.19704327236937 12.891773790572874 7
      vertex 8.072949016875157 14.853169548885461 7
    endloop
  endfacet
  facet normal 0 0 1
    outer loop
      vertex 8.19704327236937 12.891773790572874 7
      vertex 8.294657697249033 12.970820393249937 7
      vertex 8.072949016875157 14.853169548885461 7
    endloop
  endfacet
  facet normal 0 0 1
    outer loop
      vertex 8.294657697249033 12.970820393249937 7
      vertex 8.4 13.039230484541326 7
      vertex 8.072949016875157 14.853169548885461 7
    endloop
  endfacet
  facet normal 0 0 1
    outer loop
      vertex 8.4 13.039230484541326 7
      vertex 8.51191602830904 13.096254549171121 7
      vertex 8.376264927546721 14.934442802201417 7
    endloop
  endfacet
  facet normal 0 0 1
    outer loop
      vertex 8.51191602830904 13.096254549171121 7
      vertex 8.629179606750064 13.141267819554184 7
      vertex 8.376264927546721 14.934442802201417 7
    endloop
  endfacet
  facet normal 0 0 1
    outer loop
      vertex 8.108226209427126 12.80295672763063 7
      vertex 8.072949016875157 14.853169548885461 7
      vertex 7.7797900707725995 14.740636372927803 7
    endloop
  endfacet
  facet normal 0 0 1
    outer loop
      vertex 8.072949016875157 14.853169548885461 7
      vertex 8.4 13.039230484541326 7
      vertex 8.376264927546721 14.934442802201417 7
    endloop
  endfacet
  facet normal 0 0 1
    outer loop
      vertex 8.629179606750064 13.141267819554184 7
      vertex 8.75050597101869 13.173777120880567 7
      vertex 8.376264927546721 14.934442802201417 7
    endloop
  endfacet
  facet normal 0 0 1
    outer loop
      vertex 8.75050597101869 13.173777120880567 7
      vertex 8.874565844078816 13.193426274441928 7
      vertex 8.68641461019704 14.98356568610482 7
    endloop
  endfacet
  facet normal 0 0 1
    outer loop
      vertex 8.874565844078816 13.193426274441928 7
      vertex 9 13.2 7
      vertex 9 15 7
    endloop
  endfacet
  facet normal 0 0 1
    outer loop
      vertex 9 13.2 7
      vertex 9.125434155921184 13.193426274441928 7
      vertex 9 15 7
    endloop
  endfacet
  facet normal 0 0 1
    outer loop
      vertex 9.125434155921184 13.193426274441928 7
      vertex 9.24949402898131 13.173777120880567 7
      vertex 9.31358538980296 14.98356568610482 7
    endloop
  endfacet
  facet normal 0 0 1
    outer loop
      vertex 8.75050597101869 13.173777120880567 7
      vertex 8.68641461019704 14.98356568610482 7
      vertex 8.376264927546721 14.934442802201417 7
    endloop
  endfacet
  facet normal 0 0 1
    outer loop
      vertex 8.874565844078816 13.193426274441928 7
      vertex 9 15 7
      vertex 8.68641461019704 14.98356568610482 7
    endloop
  endfacet
  facet normal 0 0 1
    outer loop
      vertex 9.125434155921184 13.193426274441928 7
      vertex 9.31358538980296 14.98356568610482 7
      vertex 9 15 7
    endloop
  endfacet
  facet normal 0 0 1
    outer loop
      vertex 10.220209929227401 9.259363627072197 7
      vertex 10.220209929227401 14.740636372927803 7
      vertex 10.2 12 7
    endloop
  endfacet
  facet normal 0 0 1
    outer loop
      vertex 10.2 12 7
      vertex 10.220209929227401 14.740636372927803 7
      vertex 10.193426274441928 12.125434155921184 7
    endloop
  endfacet
  facet normal 0 0 1
    outer loop
      vertex 10.193426274441928 12.125434155921184 7
      vertex 10.220209929227401 14.740636372927803 7
      vertex 10.173777120880567 12.249494028981312 7
    endloop
  endfacet
  facet normal 0 0 1
    outer loop
      vertex 10.173777120880567 12.249494028981312 7
      vertex 10.220209929227401 14.740636372927803 7
      vertex 10.141267819554184 12.370820393249938 7
    endloop
  endfacet
  facet normal 0 0 1
    outer loop
      vertex 10.141267819554184 12.370820393249938 7
      vertex 10.220209929227401 14.740636372927803 7
      vertex 10.096254549171121 12.48808397169096 7
    endloop
  endfacet
  facet normal 0 0 1
    outer loop
      vertex 10.5 9.401923788646684 7
      vertex 10.5 14.598076211353316 7
      vertex 10.220209929227401 14.740636372927803 7
    endloop
  endfacet
  facet normal 0 0 1
    outer loop
      vertex 10.76335575687742 9.572949016875157 7
      vertex 10.76335575687742 14.427050983124843 7
      vertex 10.5 14.598076211353316 7
    endloop
  endfacet
  facet normal 0 0 1
    outer loop
      vertex 9.24949402898131 13.173777120880567 7
      vertex 9.370820393249936 13.141267819554184 7
      vertex 9.31358538980296 14.98356568610482 7
    endloop
  endfacet
  facet normal 0 0 1
    outer loop
      vertex 9.370820393249936 13.141267819554184 7
      vertex 9.48808397169096 13.096254549171121 7
      vertex 9.31358538980296 14.98356568610482 7
    endloop
  endfacet
  facet normal 0 0 1
    outer loop
      vertex 9.48808397169096 13.096254549171121 7
      vertex 9.6 13.039230484541326 7
      vertex 9.623735072453279 14.934442802201417 7
    endloop
  endfacet
  facet normal 0 0 1
    outer loop
      vertex 9.6 13.039230484541326 7
      vertex 9.705342302750967 12.970820393249937 7
      vertex 9.623735072453279 14.934442802201417 7
    endloop
  endfacet
  facet normal 0 0 1
    outer loop
      vertex 10.039230484541326 12.6 7
      vertex 9.927050983124843 14.853169548885461 7
      vertex 9.970820393249937 12.705342302750967 7
    endloop
  endfacet
  facet normal 0 0 1
    outer loop
      vertex 10.039230484541326 12.6 7
      vertex 10.096254549171121 12.48808397169096 7
      vertex 9.927050983124843 14.853169548885461 7
    endloop
  endfacet
  facet normal 0 0 1
    outer loop
      vertex 9.891773790572874 12.80295672763063 7
      vertex 9.970820393249937 12.705342302750967 7
      vertex 9.927050983124843 14.853169548885461 7
    endloop
  endfacet
  facet normal 0 0 1
    outer loop
      vertex 9.891773790572874 12.80295672763063 7
      vertex 9.927050983124843 14.853169548885461 7
      vertex 9.80295672763063 12.891773790572874 7
    endloop
  endfacet
  facet normal 0 0 1
    outer loop
      vertex 9.705342302750967 12.970820393249937 7
      vertex 9.80295672763063 12.891773790572874 7
      vertex 9.623735072453279 14.934442802201417 7
    endloop
  endfacet
  facet normal 0 0 1
    outer loop
      vertex 9.48808397169096 13.096254549171121 7
      vertex 9.623735072453279 14.934442802201417 7
      vertex 9.31358538980296 14.98356568610482 7
    endloop
  endfacet
  facet normal 0 0 1
    outer loop
      vertex 9.80295672763063 12.891773790572874 7
      vertex 9.927050983124843 14.853169548885461 7
      vertex 9.623735072453279 14.934442802201417 7
    endloop
  endfacet
  facet normal 0 0 1
    outer loop
      vertex 10.096254549171121 12.48808397169096 7
      vertex 10.220209929227401 14.740636372927803 7
      vertex 9.927050983124843 14.853169548885461 7
    endloop
  endfacet
  facet normal 0 0 1
    outer loop
      vertex 11.229434476432182 9.992608180923426 7
      vertex 11.229434476432182 14.007391819076574 7
      vertex 11.007391819076574 14.229434476432182 7
    endloop
  endfacet
  facet normal 0 0 1
    outer loop
      vertex 11.007391819076574 9.770565523567818 7
      vertex 11.007391819076574 14.229434476432182 7
      vertex 10.76335575687742 14.427050983124843 7
    endloop
  endfacet
  facet normal 0 0 1
    outer loop
      vertex 11.427050983124843 10.23664424312258 7
      vertex 11.427050983124843 13.76335575687742 7
      vertex 11.229434476432182 14.007391819076574 7
    endloop
  endfacet
  facet normal 0 0 1
    outer loop
      vertex 11.598076211353316 10.5 7
      vertex 11.598076211353316 13.5 7
      vertex 11.427050983124843 13.76335575687742 7
    endloop
  endfacet
  facet normal 0 0 1
    outer loop
      vertex 11.740636372927803 10.779790070772599 7
      vertex 11.853169548885461 11.072949016875159 7
      vertex 11.740636372927803 13.220209929227401 7
    endloop
  endfacet
  facet normal 0 0 1
    outer loop
      vertex 11.853169548885461 11.072949016875159 7
      vertex 11.934442802201417 11.376264927546721 7
      vertex 11.853169548885461 12.927050983124841 7
    endloop
  endfacet
  facet normal 0 0 1
    outer loop
      vertex 11.934442802201417 11.376264927546721 7
      vertex 11.98356568610482 11.686414610197039 7
      vertex 11.934442802201417 12.623735072453279 7
    endloop
  endfacet
  facet normal 0 0 1
    outer loop
      vertex 11.98356568610482 11.686414610197039 7
      vertex 11.98356568610482 12.313585389802961 7
      vertex 11.934442802201417 12.623735072453279 7
    endloop
  endfacet
  facet normal 0 0 1
    outer loop
      vertex 11.853169548885461 11.072949016875159 7
      vertex 11.853169548885461 12.927050983124841 7
      vertex 11.740636372927803 13.220209929227401 7
    endloop
  endfacet
  facet normal 0 0 1
    outer loop
      vertex 11.934442802201417 11.376264927546721 7
      vertex 11.934442802201417 12.623735072453279 7
      vertex 11.853169548885461 12.927050983124841 7
    endloop
  endfacet
  facet normal 0 0 1
    outer loop
      vertex 11.98356568610482 11.686414610197039 7
      vertex 12 12 7
      vertex 11.98356568610482 12.313585389802961 7
    endloop
  endfacet
  facet normal 0 0 1
    outer loop
      vertex 11.740636372927803 10.779790070772599 7
      vertex 11.740636372927803 13.220209929227401 7
      vertex 11.598076211353316 13.5 7
    endloop
  endfacet
  facet normal -0.9335804264971985 -0.3583679495453086 0
    outer loop
      vertex 6.146830451114539 69.07294901687516 7
      vertex 6.146830451114539 69.07294901687516 3
      vertex 6.259363627072197 68.7797900707726 3
    endloop
  endfacet
  facet normal -0.9659258262890699 -0.2588190451025148 0
    outer loop
      vertex 6.065557197798583 69.37626492754673 7
      vertex 6.065557197798583 69.37626492754673 3
      vertex 6.146830451114539 69.07294901687516 3
    endloop
  endfacet
  facet normal -0.987688340595137 -0.15643446504023537 0
    outer loop
      vertex 6.01643431389518 69.68641461019703 7
      vertex 6.01643431389518 69.68641461019703 3
      vertex 6.065557197798583 69.37626492754673 3
    endloop
  endfacet
  facet normal -0.9986295347545739 -0.052335956242943966 0
    outer loop
      vertex 6 70 7
      vertex 6 70 3
      vertex 6.01643431389518 69.68641461019703 3
    endloop
  endfacet
  facet normal -0.9986295347545739 0.052335956242943966 0
    outer loop
      vertex 6.01643431389518 70.31358538980297 7
      vertex 6.01643431389518 70.31358538980297 3
      vertex 6 70 3
    endloop
  endfacet
  facet normal -0.987688340595137 0.15643446504023537 0
    outer loop
      vertex 6.065557197798583 70.62373507245327 7
      vertex 6.065557197798583 70.62373507245327 3
      vertex 6.01643431389518 70.31358538980297 3
    endloop
  endfacet
  facet normal -0.9659258262890699 0.2588190451025148 0
    outer loop
      vertex 6.146830451114539 70.92705098312484 7
      vertex 6.146830451114539 70.92705098312484 3
      vertex 6.065557197798583 70.62373507245327 3
    endloop
  endfacet
  facet normal -0.9659258262890699 -0.2588190451025148 0
    outer loop
      vertex 6.146830451114539 69.07294901687516 7
      vertex 6.065557197798583 69.37626492754673 7
      vertex 6.146830451114539 69.07294901687516 3
    endloop
  endfacet
  facet normal -0.987688340595137 -0.15643446504023537 0
    outer loop
      vertex 6.065557197798583 69.37626492754673 7
      vertex 6.01643431389518 69.68641461019703 7
      vertex 6.065557197798583 69.37626492754673 3
    endloop
  endfacet
  facet normal -0.9986295347545739 -0.052335956242943966 0
    outer loop
      vertex 6.01643431389518 69.68641461019703 7
      vertex 6 70 7
      vertex 6.01643431389518 69.68641461019703 3
    endloop
  endfacet
  facet normal -0.9986295347545739 0.052335956242943966 0
    outer loop
      vertex 6 70 7
      vertex 6.01643431389518 70.31358538980297 7
      vertex 6 70 3
    endloop
  endfacet
  facet normal -0.987688340595137 0.15643446504023537 0
    outer loop
      vertex 6.01643431389518 70.31358538980297 7
      vertex 6.065557197798583 70.62373507245327 7
      vertex 6.01643431389518 70.31358538980297 3
    endloop
  endfacet
  facet normal -0.9659258262890699 0.2588190451025148 0
    outer loop
      vertex 6.065557197798583 70.62373507245327 7
      vertex 6.146830451114539 70.92705098312484 7
      vertex 6.065557197798583 70.62373507245327 3
    endloop
  endfacet
  facet normal -0.9335804264971985 0.3583679495453086 0
    outer loop
      vertex 6.146830451114539 70.92705098312484 7
      vertex 6.259363627072197 71.2202099292274 7
      vertex 6.146830451114539 70.92705098312484 3
    endloop
  endfacet
  facet normal -0.8386705679454214 -0.5446390350150312 0
    outer loop
      vertex 6.401923788646684 68.5 7
      vertex 6.401923788646684 68.5 3
      vertex 6.572949016875158 68.23664424312258 3
    endloop
  endfacet
  facet normal -0.7071067811865589 -0.7071067811865362 0
    outer loop
      vertex 6.770565523567817 67.99260818092343 7
      vertex 6.770565523567817 67.99260818092343 3
      vertex 6.992608180923425 67.77056552356781 3
    endloop
  endfacet
  facet normal -0.7771459614569737 -0.629320391049834 0
    outer loop
      vertex 6.572949016875158 68.23664424312258 7
      vertex 6.572949016875158 68.23664424312258 3
      vertex 6.770565523567817 67.99260818092343 3
    endloop
  endfacet
  facet normal -0.6293203910498264 -0.7771459614569798 0
    outer loop
      vertex 7.236644243122581 67.57294901687516 7
      vertex 6.992608180923425 67.77056552356781 3
      vertex 7.236644243122581 67.57294901687516 3
    endloop
  endfacet
  facet normal -0.5446390350150254 -0.8386705679454253 0
    outer loop
      vertex 7.5 67.40192378864668 7
      vertex 7.236644243122581 67.57294901687516 3
      vertex 7.5 67.40192378864668 3
    endloop
  endfacet
  facet normal -0.4539904997395644 -0.8910065241883588 0
    outer loop
      vertex 7.7797900707725995 67.25936362707219 7
      vertex 7.5 67.40192378864668 3
      vertex 7.7797900707725995 67.25936362707219 3
    endloop
  endfacet
  facet normal -0.3583679495452822 -0.9335804264972086 0
    outer loop
      vertex 8.072949016875157 67.14683045111454 7
      vertex 7.7797900707725995 67.25936362707219 3
      vertex 8.072949016875157 67.14683045111454 3
    endloop
  endfacet
  facet normal -0.2588190451025205 -0.9659258262890684 0
    outer loop
      vertex 8.376264927546721 67.06555719779858 7
      vertex 8.072949016875157 67.14683045111454 3
      vertex 8.376264927546721 67.06555719779858 3
    endloop
  endfacet
  facet normal -0.15643446504024494 -0.9876883405951354 0
    outer loop
      vertex 8.68641461019704 67.01643431389518 7
      vertex 8.376264927546721 67.06555719779858 3
      vertex 8.68641461019704 67.01643431389518 3
    endloop
  endfacet
  facet normal -0.052335956242928215 -0.9986295347545746 0
    outer loop
      vertex 9 67 7
      vertex 8.68641461019704 67.01643431389518 3
      vertex 9 67 3
    endloop
  endfacet
  facet normal 0.052335956242928215 -0.9986295347545746 0
    outer loop
      vertex 9.31358538980296 67.01643431389518 7
      vertex 9 67 3
      vertex 9.31358538980296 67.01643431389518 3
    endloop
  endfacet
  facet normal -0.8386705679454214 -0.5446390350150312 0
    outer loop
      vertex 6.572949016875158 68.23664424312258 7
      vertex 6.401923788646684 68.5 7
      vertex 6.572949016875158 68.23664424312258 3
    endloop
  endfacet
  facet normal -0.7071067811865589 -0.7071067811865362 1.4855262577733346e-18
    outer loop
      vertex 6.770565523567817 67.99260818092343 7
      vertex 6.992608180923425 67.77056552356781 3
      vertex 6.992608180923425 67.77056552356781 7
    endloop
  endfacet
  facet normal -0.7771459614569737 -0.629320391049834 -1.48364942891457e-18
    outer loop
      vertex 6.572949016875158 68.23664424312258 7
      vertex 6.770565523567817 67.99260818092343 3
      vertex 6.770565523567817 67.99260818092343 7
    endloop
  endfacet
  facet normal -0.5446390350150254 -0.8386705679454253 0
    outer loop
      vertex 7.236644243122581 67.57294901687516 7
      vertex 7.236644243122581 67.57294901687516 3
      vertex 7.5 67.40192378864668 7
    endloop
  endfacet
  facet normal -0.4539904997395644 -0.8910065241883588 0
    outer loop
      vertex 7.5 67.40192378864668 7
      vertex 7.5 67.40192378864668 3
      vertex 7.7797900707725995 67.25936362707219 7
    endloop
  endfacet
  facet normal -0.6293203910498264 -0.7771459614569798 0
    outer loop
      vertex 6.992608180923425 67.77056552356781 7
      vertex 6.992608180923425 67.77056552356781 3
      vertex 7.236644243122581 67.57294901687516 7
    endloop
  endfacet
  facet normal -0.3583679495452822 -0.9335804264972086 0
    outer loop
      vertex 7.7797900707725995 67.25936362707219 7
      vertex 7.7797900707725995 67.25936362707219 3
      vertex 8.072949016875157 67.14683045111454 7
    endloop
  endfacet
  facet normal -0.2588190451025205 -0.9659258262890684 0
    outer loop
      vertex 8.072949016875157 67.14683045111454 7
      vertex 8.072949016875157 67.14683045111454 3
      vertex 8.376264927546721 67.06555719779858 7
    endloop
  endfacet
  facet normal -0.15643446504024494 -0.9876883405951354 0
    outer loop
      vertex 8.376264927546721 67.06555719779858 7
      vertex 8.376264927546721 67.06555719779858 3
      vertex 8.68641461019704 67.01643431389518 7
    endloop
  endfacet
  facet normal -0.052335956242928215 -0.9986295347545746 0
    outer loop
      vertex 8.68641461019704 67.01643431389518 7
      vertex 8.68641461019704 67.01643431389518 3
      vertex 9 67 7
    endloop
  endfacet
  facet normal 0.052335956242928215 -0.9986295347545746 0
    outer loop
      vertex 9 67 7
      vertex 9 67 3
      vertex 9.31358538980296 67.01643431389518 7
    endloop
  endfacet
  facet normal 0.15643446504024494 -0.9876883405951354 0
    outer loop
      vertex 9.623735072453279 67.06555719779858 7
      vertex 9.31358538980296 67.01643431389518 3
      vertex 9.623735072453279 67.06555719779858 3
    endloop
  endfacet
  facet normal 0.2588190451025205 -0.9659258262890684 0
    outer loop
      vertex 9.927050983124843 67.14683045111454 7
      vertex 9.623735072453279 67.06555719779858 3
      vertex 9.927050983124843 67.14683045111454 3
    endloop
  endfacet
  facet normal 0.3583679495452813 -0.933580426497209 0
    outer loop
      vertex 10.220209929227401 67.25936362707219 7
      vertex 9.927050983124843 67.14683045111454 3
      vertex 10.220209929227401 67.25936362707219 3
    endloop
  endfacet
  facet normal 0.4539904997395656 -0.8910065241883584 0
    outer loop
      vertex 10.5 67.40192378864668 7
      vertex 10.220209929227401 67.25936362707219 3
      vertex 10.5 67.40192378864668 3
    endloop
  endfacet
  facet normal 0.5446390350150241 -0.8386705679454259 0
    outer loop
      vertex 10.76335575687742 67.57294901687516 7
      vertex 10.5 67.40192378864668 3
      vertex 10.76335575687742 67.57294901687516 3
    endloop
  endfacet
  facet normal 0.6293203910498292 -0.7771459614569776 0
    outer loop
      vertex 11.007391819076574 67.77056552356781 7
      vertex 10.76335575687742 67.57294901687516 3
      vertex 11.007391819076574 67.77056552356781 3
    endloop
  endfacet
  facet normal 0.7071067811865589 -0.7071067811865362 0
    outer loop
      vertex 11.007391819076574 67.77056552356781 7
      vertex 11.007391819076574 67.77056552356781 3
      vertex 11.229434476432182 67.99260818092343 3
    endloop
  endfacet
  facet normal 0.777145961456971 -0.6293203910498374 0
    outer loop
      vertex 11.229434476432182 67.99260818092343 7
      vertex 11.229434476432182 67.99260818092343 3
      vertex 11.427050983124843 68.23664424312258 3
    endloop
  endfacet
  facet normal 0.8386705679454227 -0.5446390350150293 0
    outer loop
      vertex 11.427050983124843 68.23664424312258 7
      vertex 11.427050983124843 68.23664424312258 3
      vertex 11.598076211353316 68.5 3
    endloop
  endfacet
  facet normal 0.15643446504024494 -0.9876883405951354 0
    outer loop
      vertex 9.31358538980296 67.01643431389518 7
      vertex 9.31358538980296 67.01643431389518 3
      vertex 9.623735072453279 67.06555719779858 7
    endloop
  endfacet
  facet normal 0.2588190451025205 -0.9659258262890684 0
    outer loop
      vertex 9.623735072453279 67.06555719779858 7
      vertex 9.623735072453279 67.06555719779858 3
      vertex 9.927050983124843 67.14683045111454 7
    endloop
  endfacet
  facet normal 0.3583679495452813 -0.933580426497209 0
    outer loop
      vertex 9.927050983124843 67.14683045111454 7
      vertex 9.927050983124843 67.14683045111454 3
      vertex 10.220209929227401 67.25936362707219 7
    endloop
  endfacet
  facet normal 0.4539904997395656 -0.8910065241883584 0
    outer loop
      vertex 10.220209929227401 67.25936362707219 7
      vertex 10.220209929227401 67.25936362707219 3
      vertex 10.5 67.40192378864668 7
    endloop
  endfacet
  facet normal 0.5446390350150241 -0.8386705679454259 0
    outer loop
      vertex 10.5 67.40192378864668 7
      vertex 10.5 67.40192378864668 3
      vertex 10.76335575687742 67.57294901687516 7
    endloop
  endfacet
  facet normal 0.6293203910498292 -0.7771459614569776 0
    outer loop
      vertex 10.76335575687742 67.57294901687516 7
      vertex 10.76335575687742 67.57294901687516 3
      vertex 11.007391819076574 67.77056552356781 7
    endloop
  endfacet
  facet normal 0.7071067811865589 -0.7071067811865362 -1.4855262577733346e-18
    outer loop
      vertex 11.007391819076574 67.77056552356781 7
      vertex 11.229434476432182 67.99260818092343 3
      vertex 11.229434476432182 67.99260818092343 7
    endloop
  endfacet
  facet normal 0.777145961456971 -0.6293203910498374 -1.4263860903005903e-18
    outer loop
      vertex 11.229434476432182 67.99260818092343 7
      vertex 11.427050983124843 68.23664424312258 3
      vertex 11.427050983124843 68.23664424312258 7
    endloop
  endfacet
  facet normal 0.8386705679454227 -0.5446390350150293 -1.3564319129863851e-18
    outer loop
      vertex 11.427050983124843 68.23664424312258 7
      vertex 11.598076211353316 68.5 3
      vertex 11.598076211353316 68.5 7
    endloop
  endfacet
  facet normal -0.8910065241883721 -0.4539904997395385 0
    outer loop
      vertex 6.259363627072197 68.7797900707726 7
      vertex 6.259363627072197 68.7797900707726 3
      vertex 6.401923788646684 68.5 3
    endloop
  endfacet
  facet normal -0.9335804264971985 0.3583679495453086 0
    outer loop
      vertex 6.259363627072197 71.2202099292274 7
      vertex 6.259363627072197 71.2202099292274 3
      vertex 6.146830451114539 70.92705098312484 3
    endloop
  endfacet
  facet normal -0.8910065241883721 0.4539904997395385 0
    outer loop
      vertex 6.401923788646684 71.5 7
      vertex 6.401923788646684 71.5 3
      vertex 6.259363627072197 71.2202099292274 3
    endloop
  endfacet
  facet normal -0.8910065241883721 -0.4539904997395385 -1.9646559246441325e-18
    outer loop
      vertex 6.259363627072197 68.7797900707726 7
      vertex 6.401923788646684 68.5 3
      vertex 6.401923788646684 68.5 7
    endloop
  endfacet
  facet normal -0.9335804264971985 -0.3583679495453086 0
    outer loop
      vertex 6.259363627072197 68.7797900707726 7
      vertex 6.146830451114539 69.07294901687516 7
      vertex 6.259363627072197 68.7797900707726 3
    endloop
  endfacet
  facet normal -0.8910065241883721 0.4539904997395385 0
    outer loop
      vertex 6.259363627072197 71.2202099292274 7
      vertex 6.401923788646684 71.5 7
      vertex 6.259363627072197 71.2202099292274 3
    endloop
  endfacet
  facet normal -0.8386705679454214 0.5446390350150312 0
    outer loop
      vertex 6.401923788646684 71.5 7
      vertex 6.572949016875158 71.76335575687742 7
      vertex 6.401923788646684 71.5 3
    endloop
  endfacet
  facet normal -0.8386705679454214 0.5446390350150312 0
    outer loop
      vertex 6.572949016875158 71.76335575687742 7
      vertex 6.572949016875158 71.76335575687742 3
      vertex 6.401923788646684 71.5 3
    endloop
  endfacet
  facet normal -0.7771459614569737 0.629320391049834 0
    outer loop
      vertex 6.770565523567817 72.00739181907657 7
      vertex 6.770565523567817 72.00739181907657 3
      vertex 6.572949016875158 71.76335575687742 3
    endloop
  endfacet
  facet normal -0.7071067811865589 0.7071067811865362 0
    outer loop
      vertex 6.992608180923425 72.22943447643219 7
      vertex 6.992608180923425 72.22943447643219 3
      vertex 6.770565523567817 72.00739181907657 3
    endloop
  endfacet
  facet normal -0.6293203910498264 0.7771459614569798 0
    outer loop
      vertex 6.992608180923425 72.22943447643219 7
      vertex 7.236644243122581 72.42705098312484 3
      vertex 6.992608180923425 72.22943447643219 3
    endloop
  endfacet
  facet normal -0.5446390350150254 0.8386705679454253 0
    outer loop
      vertex 7.236644243122581 72.42705098312484 7
      vertex 7.5 72.59807621135332 3
      vertex 7.236644243122581 72.42705098312484 3
    endloop
  endfacet
  facet normal -0.4539904997395644 0.8910065241883588 0
    outer loop
      vertex 7.5 72.59807621135332 7
      vertex 7.7797900707725995 72.74063637292781 3
      vertex 7.5 72.59807621135332 3
    endloop
  endfacet
  facet normal -0.3583679495452822 0.9335804264972086 0
    outer loop
      vertex 7.7797900707725995 72.74063637292781 7
      vertex 8.072949016875157 72.85316954888546 3
      vertex 7.7797900707725995 72.74063637292781 3
    endloop
  endfacet
  facet normal -0.2588190451025205 0.9659258262890684 0
    outer loop
      vertex 8.072949016875157 72.85316954888546 7
      vertex 8.376264927546721 72.93444280220142 3
      vertex 8.072949016875157 72.85316954888546 3
    endloop
  endfacet
  facet normal -0.15643446504024494 0.9876883405951354 0
    outer loop
      vertex 8.376264927546721 72.93444280220142 7
      vertex 8.68641461019704 72.98356568610482 3
      vertex 8.376264927546721 72.93444280220142 3
    endloop
  endfacet
  facet normal -0.052335956242928215 0.9986295347545746 0
    outer loop
      vertex 8.68641461019704 72.98356568610482 7
      vertex 9 73 3
      vertex 8.68641461019704 72.98356568610482 3
    endloop
  endfacet
  facet normal 0.052335956242928215 0.9986295347545746 0
    outer loop
      vertex 9 73 7
      vertex 9.31358538980296 72.98356568610482 3
      vertex 9 73 3
    endloop
  endfacet
  facet normal -0.7771459614569737 0.629320391049834 0
    outer loop
      vertex 6.572949016875158 71.76335575687742 7
      vertex 6.770565523567817 72.00739181907657 7
      vertex 6.572949016875158 71.76335575687742 3
    endloop
  endfacet
  facet normal -0.7071067811865589 0.7071067811865362 0
    outer loop
      vertex 6.770565523567817 72.00739181907657 7
      vertex 6.992608180923425 72.22943447643219 7
      vertex 6.770565523567817 72.00739181907657 3
    endloop
  endfacet
  facet normal -0.6293203910498264 0.7771459614569798 1.431049712233217e-18
    outer loop
      vertex 6.992608180923425 72.22943447643219 7
      vertex 7.236644243122581 72.42705098312484 7
      vertex 7.236644243122581 72.42705098312484 3
    endloop
  endfacet
  facet normal -0.5446390350150254 0.8386705679454253 2.3652343117159784e-18
    outer loop
      vertex 7.236644243122581 72.42705098312484 7
      vertex 7.5 72.59807621135332 7
      vertex 7.5 72.59807621135332 3
    endloop
  endfacet
  facet normal -0.4539904997395644 0.8910065241883588 7.002920608195323e-19
    outer loop
      vertex 7.5 72.59807621135332 7
      vertex 7.7797900707725995 72.74063637292781 7
      vertex 7.7797900707725995 72.74063637292781 3
    endloop
  endfacet
  facet normal -0.3583679495452822 0.9335804264972086 -2.692533187650356e-18
    outer loop
      vertex 7.7797900707725995 72.74063637292781 7
      vertex 8.072949016875157 72.85316954888546 7
      vertex 8.072949016875157 72.85316954888546 3
    endloop
  endfacet
  facet normal -0.2588190451025205 0.9659258262890684 -6.827278850617213e-19
    outer loop
      vertex 8.072949016875157 72.85316954888546 7
      vertex 8.376264927546721 72.93444280220142 7
      vertex 8.376264927546721 72.93444280220142 3
    endloop
  endfacet
  facet normal -0.15643446504024494 0.9876883405951354 -3.9773939303538954e-20
    outer loop
      vertex 8.376264927546721 72.93444280220142 7
      vertex 8.68641461019704 72.98356568610482 7
      vertex 8.68641461019704 72.98356568610482 3
    endloop
  endfacet
  facet normal -0.052335956242928215 0.9986295347545746 -8.790437855576469e-20
    outer loop
      vertex 8.68641461019704 72.98356568610482 7
      vertex 9 73 7
      vertex 9 73 3
    endloop
  endfacet
  facet normal 0.052335956242928215 0.9986295347545746 8.790437855576469e-20
    outer loop
      vertex 9 73 7
      vertex 9.31358538980296 72.98356568610482 7
      vertex 9.31358538980296 72.98356568610482 3
    endloop
  endfacet
  facet normal 0.8910065241883721 -0.4539904997395385 0
    outer loop
      vertex 11.598076211353316 68.5 7
      vertex 11.598076211353316 68.5 3
      vertex 11.740636372927803 68.7797900707726 3
    endloop
  endfacet
  facet normal 0.9335804264971985 -0.3583679495453086 0
    outer loop
      vertex 11.740636372927803 68.7797900707726 7
      vertex 11.740636372927803 68.7797900707726 3
      vertex 11.853169548885461 69.07294901687516 3
    endloop
  endfacet
  facet normal 0.9659258262890699 -0.2588190451025148 0
    outer loop
      vertex 11.853169548885461 69.07294901687516 7
      vertex 11.853169548885461 69.07294901687516 3
      vertex 11.934442802201417 69.37626492754673 3
    endloop
  endfacet
  facet normal 0.987688340595137 -0.15643446504023537 0
    outer loop
      vertex 11.934442802201417 69.37626492754673 7
      vertex 11.934442802201417 69.37626492754673 3
      vertex 11.98356568610482 69.68641461019703 3
    endloop
  endfacet
  facet normal 0.9986295347545739 -0.052335956242943966 0
    outer loop
      vertex 11.98356568610482 69.68641461019703 7
      vertex 11.98356568610482 69.68641461019703 3
      vertex 12 70 3
    endloop
  endfacet
  facet normal 0.8386705679454227 0.5446390350150293 0
    outer loop
      vertex 11.598076211353316 71.5 7
      vertex 11.598076211353316 71.5 3
      vertex 11.427050983124843 71.76335575687742 3
    endloop
  endfacet
  facet normal 0.987688340595137 0.15643446504023537 0
    outer loop
      vertex 11.98356568610482 70.31358538980297 7
      vertex 11.98356568610482 70.31358538980297 3
      vertex 11.934442802201417 70.62373507245327 3
    endloop
  endfacet
  facet normal 0.9659258262890699 0.2588190451025148 0
    outer loop
      vertex 11.934442802201417 70.62373507245327 7
      vertex 11.934442802201417 70.62373507245327 3
      vertex 11.853169548885461 70.92705098312484 3
    endloop
  endfacet
  facet normal 0.9986295347545739 0.052335956242943966 0
    outer loop
      vertex 12 70 7
      vertex 12 70 3
      vertex 11.98356568610482 70.31358538980297 3
    endloop
  endfacet
  facet normal 0.9335804264971985 0.3583679495453086 0
    outer loop
      vertex 11.853169548885461 70.92705098312484 7
      vertex 11.853169548885461 70.92705098312484 3
      vertex 11.740636372927803 71.2202099292274 3
    endloop
  endfacet
  facet normal 0.8910065241883721 0.4539904997395385 0
    outer loop
      vertex 11.740636372927803 71.2202099292274 7
      vertex 11.740636372927803 71.2202099292274 3
      vertex 11.598076211353316 71.5 3
    endloop
  endfacet
  facet normal 0.8910065241883721 -0.4539904997395385 1.9646559246441325e-18
    outer loop
      vertex 11.598076211353316 68.5 7
      vertex 11.740636372927803 68.7797900707726 3
      vertex 11.740636372927803 68.7797900707726 7
    endloop
  endfacet
  facet normal 0.9335804264971985 -0.3583679495453086 -6.759621359942975e-19
    outer loop
      vertex 11.740636372927803 68.7797900707726 7
      vertex 11.853169548885461 69.07294901687516 3
      vertex 11.853169548885461 69.07294901687516 7
    endloop
  endfacet
  facet normal 0.9659258262890699 -0.2588190451025148 5.536779243290494e-19
    outer loop
      vertex 11.853169548885461 69.07294901687516 7
      vertex 11.934442802201417 69.37626492754673 3
      vertex 11.934442802201417 69.37626492754673 7
    endloop
  endfacet
  facet normal 0.987688340595137 -0.15643446504023537 -3.0838025047386923e-19
    outer loop
      vertex 11.934442802201417 69.37626492754673 7
      vertex 11.98356568610482 69.68641461019703 3
      vertex 11.98356568610482 69.68641461019703 7
    endloop
  endfacet
  facet normal 0.9986295347545739 -0.052335956242943966 1.1824555811245452e-19
    outer loop
      vertex 11.98356568610482 69.68641461019703 7
      vertex 12 70 3
      vertex 12 70 7
    endloop
  endfacet
  facet normal 0.987688340595137 0.15643446504023537 3.0838025047386923e-19
    outer loop
      vertex 11.98356568610482 70.31358538980297 7
      vertex 11.934442802201417 70.62373507245327 3
      vertex 11.934442802201417 70.62373507245327 7
    endloop
  endfacet
  facet normal 0.9986295347545739 0.052335956242943966 -1.1824555811245452e-19
    outer loop
      vertex 12 70 7
      vertex 11.98356568610482 70.31358538980297 3
      vertex 11.98356568610482 70.31358538980297 7
    endloop
  endfacet
  facet normal 0.9335804264971985 0.3583679495453086 0
    outer loop
      vertex 11.740636372927803 71.2202099292274 7
      vertex 11.853169548885461 70.92705098312484 7
      vertex 11.740636372927803 71.2202099292274 3
    endloop
  endfacet
  facet normal 0.9659258262890699 0.2588190451025148 -5.536779243290494e-19
    outer loop
      vertex 11.934442802201417 70.62373507245327 7
      vertex 11.853169548885461 70.92705098312484 3
      vertex 11.853169548885461 70.92705098312484 7
    endloop
  endfacet
  facet normal 0.8910065241883721 0.4539904997395385 0
    outer loop
      vertex 11.598076211353316 71.5 7
      vertex 11.740636372927803 71.2202099292274 7
      vertex 11.598076211353316 71.5 3
    endloop
  endfacet
  facet normal 0.15643446504024494 0.9876883405951354 0
    outer loop
      vertex 9.31358538980296 72.98356568610482 7
      vertex 9.623735072453279 72.93444280220142 3
      vertex 9.31358538980296 72.98356568610482 3
    endloop
  endfacet
  facet normal 0.2588190451025205 0.9659258262890684 0
    outer loop
      vertex 9.623735072453279 72.93444280220142 7
      vertex 9.927050983124843 72.85316954888546 3
      vertex 9.623735072453279 72.93444280220142 3
    endloop
  endfacet
  facet normal 0.3583679495452813 0.933580426497209 0
    outer loop
      vertex 9.927050983124843 72.85316954888546 7
      vertex 10.220209929227401 72.74063637292781 3
      vertex 9.927050983124843 72.85316954888546 3
    endloop
  endfacet
  facet normal 0.4539904997395656 0.8910065241883584 0
    outer loop
      vertex 10.220209929227401 72.74063637292781 7
      vertex 10.5 72.59807621135332 3
      vertex 10.220209929227401 72.74063637292781 3
    endloop
  endfacet
  facet normal 0.5446390350150241 0.8386705679454259 0
    outer loop
      vertex 10.5 72.59807621135332 7
      vertex 10.76335575687742 72.42705098312484 3
      vertex 10.5 72.59807621135332 3
    endloop
  endfacet
  facet normal 0.6293203910498292 0.7771459614569776 0
    outer loop
      vertex 10.76335575687742 72.42705098312484 7
      vertex 11.007391819076574 72.22943447643219 3
      vertex 10.76335575687742 72.42705098312484 3
    endloop
  endfacet
  facet normal 0.7071067811865589 0.7071067811865362 0
    outer loop
      vertex 11.229434476432182 72.00739181907657 7
      vertex 11.229434476432182 72.00739181907657 3
      vertex 11.007391819076574 72.22943447643219 3
    endloop
  endfacet
  facet normal 0.777145961456971 0.6293203910498374 0
    outer loop
      vertex 11.427050983124843 71.76335575687742 7
      vertex 11.427050983124843 71.76335575687742 3
      vertex 11.229434476432182 72.00739181907657 3
    endloop
  endfacet
  facet normal 0.15643446504024494 0.9876883405951354 3.9773939303538954e-20
    outer loop
      vertex 9.31358538980296 72.98356568610482 7
      vertex 9.623735072453279 72.93444280220142 7
      vertex 9.623735072453279 72.93444280220142 3
    endloop
  endfacet
  facet normal 0.2588190451025205 0.9659258262890684 6.827278850617213e-19
    outer loop
      vertex 9.623735072453279 72.93444280220142 7
      vertex 9.927050983124843 72.85316954888546 7
      vertex 9.927050983124843 72.85316954888546 3
    endloop
  endfacet
  facet normal 0.4539904997395656 0.8910065241883584 6.680858133387885e-19
    outer loop
      vertex 10.220209929227401 72.74063637292781 7
      vertex 10.5 72.59807621135332 7
      vertex 10.5 72.59807621135332 3
    endloop
  endfacet
  facet normal 0.3583679495452813 0.933580426497209 4.593459643669121e-19
    outer loop
      vertex 9.927050983124843 72.85316954888546 7
      vertex 10.220209929227401 72.74063637292781 7
      vertex 10.220209929227401 72.74063637292781 3
    endloop
  endfacet
  facet normal 0.5446390350150241 0.8386705679454259 -1.764349659205054e-18
    outer loop
      vertex 10.5 72.59807621135332 7
      vertex 10.76335575687742 72.42705098312484 7
      vertex 10.76335575687742 72.42705098312484 3
    endloop
  endfacet
  facet normal 0.6293203910498292 0.7771459614569776 0
    outer loop
      vertex 11.007391819076574 72.22943447643219 7
      vertex 11.007391819076574 72.22943447643219 3
      vertex 10.76335575687742 72.42705098312484 7
    endloop
  endfacet
  facet normal 0.7071067811865589 0.7071067811865362 0
    outer loop
      vertex 11.007391819076574 72.22943447643219 7
      vertex 11.229434476432182 72.00739181907657 7
      vertex 11.007391819076574 72.22943447643219 3
    endloop
  endfacet
  facet normal 0.777145961456971 0.6293203910498374 1.4263860903005903e-18
    outer loop
      vertex 11.427050983124843 71.76335575687742 7
      vertex 11.229434476432182 72.00739181907657 3
      vertex 11.229434476432182 72.00739181907657 7
    endloop
  endfacet
  facet normal 0.8386705679454227 0.5446390350150293 1.3564319129863851e-18
    outer loop
      vertex 11.598076211353316 71.5 7
      vertex 11.427050983124843 71.76335575687742 3
      vertex 11.427050983124843 71.76335575687742 7
    endloop
  endfacet
  facet normal 0 0 1
    outer loop
      vertex 6.259363627072197 68.7797900707726 7
      vertex 6.146830451114539 70.92705098312484 7
      vertex 6.146830451114539 69.07294901687516 7
    endloop
  endfacet
  facet normal 0 0 1
    outer loop
      vertex 6.065557197798583 69.37626492754673 7
      vertex 6.01643431389518 70.31358538980297 7
      vertex 6.01643431389518 69.68641461019703 7
    endloop
  endfacet
  facet normal 0 0 1
    outer loop
      vertex 6.146830451114539 69.07294901687516 7
      vertex 6.065557197798583 70.62373507245327 7
      vertex 6.065557197798583 69.37626492754673 7
    endloop
  endfacet
  facet normal 0 0 1
    outer loop
      vertex 6.01643431389518 69.68641461019703 7
      vertex 6.01643431389518 70.31358538980297 7
      vertex 6 70 7
    endloop
  endfacet
  facet normal 0 0 1
    outer loop
      vertex 6.065557197798583 69.37626492754673 7
      vertex 6.065557197798583 70.62373507245327 7
      vertex 6.01643431389518 70.31358538980297 7
    endloop
  endfacet
  facet normal 0 0 1
    outer loop
      vertex 6.146830451114539 69.07294901687516 7
      vertex 6.146830451114539 70.92705098312484 7
      vertex 6.065557197798583 70.62373507245327 7
    endloop
  endfacet
  facet normal 0 0 1
    outer loop
      vertex 7.7797900707725995 67.25936362707219 7
      vertex 8.072949016875157 67.14683045111454 7
      vertex 7.903745450828879 69.51191602830905 7
    endloop
  endfacet
  facet normal 0 0 1
    outer loop
      vertex 8.072949016875157 67.14683045111454 7
      vertex 8.376264927546721 67.06555719779858 7
      vertex 8.19704327236937 69.10822620942713 7
    endloop
  endfacet
  facet normal 0 0 1
    outer loop
      vertex 8.376264927546721 67.06555719779858 7
      vertex 8.294657697249033 69.02917960675006 7
      vertex 8.19704327236937 69.10822620942713 7
    endloop
  endfacet
  facet normal 0 0 1
    outer loop
      vertex 8.376264927546721 67.06555719779858 7
      vertex 8.4 68.96076951545868 7
      vertex 8.294657697249033 69.02917960675006 7
    endloop
  endfacet
  facet normal 0 0 1
    outer loop
      vertex 8.376264927546721 67.06555719779858 7
      vertex 8.51191602830904 68.90374545082888 7
      vertex 8.4 68.96076951545868 7
    endloop
  endfacet
  facet normal 0 0 1
    outer loop
      vertex 8.68641461019704 67.01643431389518 7
      vertex 9 67 7
      vertex 8.874565844078816 68.80657372555807 7
    endloop
  endfacet
  facet normal 0 0 1
    outer loop
      vertex 9 67 7
      vertex 9.31358538980296 67.01643431389518 7
      vertex 9.125434155921184 68.80657372555807 7
    endloop
  endfacet
  facet normal 0 0 1
    outer loop
      vertex 8.376264927546721 67.06555719779858 7
      vertex 8.68641461019704 67.01643431389518 7
      vertex 8.51191602830904 68.90374545082888 7
    endloop
  endfacet
  facet normal 0 0 1
    outer loop
      vertex 8.68641461019704 67.01643431389518 7
      vertex 8.75050597101869 68.82622287911943 7
      vertex 8.629179606750064 68.85873218044581 7
    endloop
  endfacet
  facet normal 0 0 1
    outer loop
      vertex 8.68641461019704 67.01643431389518 7
      vertex 8.629179606750064 68.85873218044581 7
      vertex 8.51191602830904 68.90374545082888 7
    endloop
  endfacet
  facet normal 0 0 1
    outer loop
      vertex 8.68641461019704 67.01643431389518 7
      vertex 8.874565844078816 68.80657372555807 7
      vertex 8.75050597101869 68.82622287911943 7
    endloop
  endfacet
  facet normal 0 0 1
    outer loop
      vertex 9 67 7
      vertex 9 68.8 7
      vertex 8.874565844078816 68.80657372555807 7
    endloop
  endfacet
  facet normal 0 0 1
    outer loop
      vertex 9 67 7
      vertex 9.125434155921184 68.80657372555807 7
      vertex 9 68.8 7
    endloop
  endfacet
  facet normal 0 0 1
    outer loop
      vertex 9.31358538980296 67.01643431389518 7
      vertex 9.24949402898131 68.82622287911943 7
      vertex 9.125434155921184 68.80657372555807 7
    endloop
  endfacet
  facet normal 0 0 1
    outer loop
      vertex 9.31358538980296 67.01643431389518 7
      vertex 9.623735072453279 67.06555719779858 7
      vertex 9.24949402898131 68.82622287911943 7
    endloop
  endfacet
  facet normal 0 0 1
    outer loop
      vertex 9.623735072453279 67.06555719779858 7
      vertex 9.370820393249936 68.85873218044581 7
      vertex 9.24949402898131 68.82622287911943 7
    endloop
  endfacet
  facet normal 0 0 1
    outer loop
      vertex 9.623735072453279 67.06555719779858 7
      vertex 9.48808397169096 68.90374545082888 7
      vertex 9.370820393249936 68.85873218044581 7
    endloop
  endfacet
  facet normal 0 0 1
    outer loop
      vertex 9.623735072453279 67.06555719779858 7
      vertex 9.6 68.96076951545868 7
      vertex 9.48808397169096 68.90374545082888 7
    endloop
  endfacet
  facet normal 0 0 1
    outer loop
      vertex 9.623735072453279 67.06555719779858 7
      vertex 9.927050983124843 67.14683045111454 7
      vertex 9.6 68.96076951545868 7
    endloop
  endfacet
  facet normal 0 0 1
    outer loop
      vertex 9.927050983124843 67.14683045111454 7
      vertex 10.220209929227401 67.25936362707219 7
      vertex 9.891773790572874 69.19704327236937 7
    endloop
  endfacet
  facet normal 0 0 1
    outer loop
      vertex 9.927050983124843 67.14683045111454 7
      vertex 9.705342302750967 69.02917960675006 7
      vertex 9.6 68.96076951545868 7
    endloop
  endfacet
  facet normal 0 0 1
    outer loop
      vertex 9.927050983124843 67.14683045111454 7
      vertex 9.80295672763063 69.10822620942713 7
      vertex 9.705342302750967 69.02917960675006 7
    endloop
  endfacet
  facet normal 0 0 1
    outer loop
      vertex 6.259363627072197 68.7797900707726 7
      vertex 6.401923788646684 68.5 7
      vertex 6.259363627072197 71.2202099292274 7
    endloop
  endfacet
  facet normal 0 0 1
    outer loop
      vertex 6.572949016875158 68.23664424312258 7
      vertex 6.401923788646684 71.5 7
      vertex 6.401923788646684 68.5 7
    endloop
  endfacet
  facet normal 0 0 1
    outer loop
      vertex 6.572949016875158 68.23664424312258 7
      vertex 6.770565523567817 67.99260818092343 7
      vertex 6.572949016875158 71.76335575687742 7
    endloop
  endfacet
  facet normal 0 0 1
    outer loop
      vertex 6.770565523567817 67.99260818092343 7
      vertex 6.992608180923425 67.77056552356781 7
      vertex 6.770565523567817 72.00739181907657 7
    endloop
  endfacet
  facet normal 0 0 1
    outer loop
      vertex 6.992608180923425 67.77056552356781 7
      vertex 7.236644243122581 67.57294901687516 7
      vertex 6.992608180923425 72.22943447643219 7
    endloop
  endfacet
  facet normal 0 0 1
    outer loop
      vertex 7.236644243122581 67.57294901687516 7
      vertex 7.5 67.40192378864668 7
      vertex 7.236644243122581 72.42705098312484 7
    endloop
  endfacet
  facet normal 0 0 1
    outer loop
      vertex 7.5 67.40192378864668 7
      vertex 7.7797900707725995 67.25936362707219 7
      vertex 7.5 72.59807621135332 7
    endloop
  endfacet
  facet normal 0 0 1
    outer loop
      vertex 6.259363627072197 68.7797900707726 7
      vertex 6.259363627072197 71.2202099292274 7
      vertex 6.146830451114539 70.92705098312484 7
    endloop
  endfacet
  facet normal 0 0 1
    outer loop
      vertex 6.401923788646684 68.5 7
      vertex 6.401923788646684 71.5 7
      vertex 6.259363627072197 71.2202099292274 7
    endloop
  endfacet
  facet normal 0 0 1
    outer loop
      vertex 6.572949016875158 68.23664424312258 7
      vertex 6.572949016875158 71.76335575687742 7
      vertex 6.401923788646684 71.5 7
    endloop
  endfacet
  facet normal 0 0 1
    outer loop
      vertex 6.770565523567817 67.99260818092343 7
      vertex 6.770565523567817 72.00739181907657 7
      vertex 6.572949016875158 71.76335575687742 7
    endloop
  endfacet
  facet normal 0 0 1
    outer loop
      vertex 6.992608180923425 67.77056552356781 7
      vertex 6.992608180923425 72.22943447643219 7
      vertex 6.770565523567817 72.00739181907657 7
    endloop
  endfacet
  facet normal 0 0 1
    outer loop
      vertex 7.236644243122581 67.57294901687516 7
      vertex 7.236644243122581 72.42705098312484 7
      vertex 6.992608180923425 72.22943447643219 7
    endloop
  endfacet
  facet normal 0 0 1
    outer loop
      vertex 7.5 67.40192378864668 7
      vertex 7.5 72.59807621135332 7
      vertex 7.236644243122581 72.42705098312484 7
    endloop
  endfacet
  facet normal 0 0 1
    outer loop
      vertex 7.7797900707725995 67.25936362707219 7
      vertex 7.7797900707725995 72.74063637292781 7
      vertex 7.5 72.59807621135332 7
    endloop
  endfacet
  facet normal 0 0 1
    outer loop
      vertex 7.7797900707725995 67.25936362707219 7
      vertex 7.903745450828879 69.51191602830905 7
      vertex 7.858732180445816 69.62917960675006 7
    endloop
  endfacet
  facet normal 0 0 1
    outer loop
      vertex 8.072949016875157 67.14683045111454 7
      vertex 8.029179606750063 69.29465769724904 7
      vertex 7.960769515458674 69.4 7
    endloop
  endfacet
  facet normal 0 0 1
    outer loop
      vertex 8.072949016875157 67.14683045111454 7
      vertex 8.108226209427126 69.19704327236937 7
      vertex 8.029179606750063 69.29465769724904 7
    endloop
  endfacet
  facet normal 0 0 1
    outer loop
      vertex 8.072949016875157 67.14683045111454 7
      vertex 7.960769515458674 69.4 7
      vertex 7.903745450828879 69.51191602830905 7
    endloop
  endfacet
  facet normal 0 0 1
    outer loop
      vertex 7.7797900707725995 67.25936362707219 7
      vertex 7.858732180445816 69.62917960675006 7
      vertex 7.826222879119433 69.75050597101868 7
    endloop
  endfacet
  facet normal 0 0 1
    outer loop
      vertex 7.7797900707725995 67.25936362707219 7
      vertex 7.826222879119433 69.75050597101868 7
      vertex 7.8065737255580725 69.87456584407882 7
    endloop
  endfacet
  facet normal 0 0 1
    outer loop
      vertex 7.7797900707725995 67.25936362707219 7
      vertex 7.8065737255580725 69.87456584407882 7
      vertex 7.8 70 7
    endloop
  endfacet
  facet normal 0 0 1
    outer loop
      vertex 8.072949016875157 67.14683045111454 7
      vertex 8.19704327236937 69.10822620942713 7
      vertex 8.108226209427126 69.19704327236937 7
    endloop
  endfacet
  facet normal 0 0 1
    outer loop
      vertex 7.7797900707725995 67.25936362707219 7
      vertex 7.8 70 7
      vertex 7.7797900707725995 72.74063637292781 7
    endloop
  endfacet
  facet normal 0 0 1
    outer loop
      vertex 7.8 70 7
      vertex 7.8065737255580725 70.12543415592118 7
      vertex 7.7797900707725995 72.74063637292781 7
    endloop
  endfacet
  facet normal 0 0 1
    outer loop
      vertex 7.8065737255580725 70.12543415592118 7
      vertex 7.826222879119433 70.24949402898132 7
      vertex 7.7797900707725995 72.74063637292781 7
    endloop
  endfacet
  facet normal 0 0 1
    outer loop
      vertex 7.826222879119433 70.24949402898132 7
      vertex 7.858732180445816 70.37082039324994 7
      vertex 7.7797900707725995 72.74063637292781 7
    endloop
  endfacet
  facet normal 0 0 1
    outer loop
      vertex 7.858732180445816 70.37082039324994 7
      vertex 7.903745450828879 70.48808397169095 7
      vertex 7.7797900707725995 72.74063637292781 7
    endloop
  endfacet
  facet normal 0 0 1
    outer loop
      vertex 7.903745450828879 70.48808397169095 7
      vertex 7.960769515458674 70.6 7
      vertex 7.7797900707725995 72.74063637292781 7
    endloop
  endfacet
  facet normal 0 0 1
    outer loop
      vertex 7.960769515458674 70.6 7
      vertex 8.029179606750063 70.70534230275096 7
      vertex 7.7797900707725995 72.74063637292781 7
    endloop
  endfacet
  facet normal 0 0 1
    outer loop
      vertex 8.029179606750063 70.70534230275096 7
      vertex 8.108226209427126 70.80295672763063 7
      vertex 7.7797900707725995 72.74063637292781 7
    endloop
  endfacet
  facet normal 0 0 1
    outer loop
      vertex 8.108226209427126 70.80295672763063 7
      vertex 8.19704327236937 70.89177379057287 7
      vertex 8.072949016875157 72.85316954888546 7
    endloop
  endfacet
  facet normal 0 0 1
    outer loop
      vertex 8.19704327236937 70.89177379057287 7
      vertex 8.294657697249033 70.97082039324994 7
      vertex 8.072949016875157 72.85316954888546 7
    endloop
  endfacet
  facet normal 0 0 1
    outer loop
      vertex 8.108226209427126 70.80295672763063 7
      vertex 8.072949016875157 72.85316954888546 7
      vertex 7.7797900707725995 72.74063637292781 7
    endloop
  endfacet
  facet normal 0 0 1
    outer loop
      vertex 8.294657697249033 70.97082039324994 7
      vertex 8.4 71.03923048454132 7
      vertex 8.072949016875157 72.85316954888546 7
    endloop
  endfacet
  facet normal 0 0 1
    outer loop
      vertex 8.4 71.03923048454132 7
      vertex 8.51191602830904 71.09625454917112 7
      vertex 8.376264927546721 72.93444280220142 7
    endloop
  endfacet
  facet normal 0 0 1
    outer loop
      vertex 8.51191602830904 71.09625454917112 7
      vertex 8.629179606750064 71.14126781955419 7
      vertex 8.376264927546721 72.93444280220142 7
    endloop
  endfacet
  facet normal 0 0 1
    outer loop
      vertex 8.072949016875157 72.85316954888546 7
      vertex 8.4 71.03923048454132 7
      vertex 8.376264927546721 72.93444280220142 7
    endloop
  endfacet
  facet normal 0 0 1
    outer loop
      vertex 8.629179606750064 71.14126781955419 7
      vertex 8.75050597101869 71.17377712088057 7
      vertex 8.376264927546721 72.93444280220142 7
    endloop
  endfacet
  facet normal 0 0 1
    outer loop
      vertex 8.75050597101869 71.17377712088057 7
      vertex 8.874565844078816 71.19342627444193 7
      vertex 8.68641461019704 72.98356568610482 7
    endloop
  endfacet
  facet normal 0 0 1
    outer loop
      vertex 8.75050597101869 71.17377712088057 7
      vertex 8.68641461019704 72.98356568610482 7
      vertex 8.376264927546721 72.93444280220142 7
    endloop
  endfacet
  facet normal 0 0 1
    outer loop
      vertex 8.874565844078816 71.19342627444193 7
      vertex 9 71.2 7
      vertex 9 73 7
    endloop
  endfacet
  facet normal 0 0 1
    outer loop
      vertex 9.125434155921184 71.19342627444193 7
      vertex 9 73 7
      vertex 9 71.2 7
    endloop
  endfacet
  facet normal 0 0 1
    outer loop
      vertex 9.125434155921184 71.19342627444193 7
      vertex 9.24949402898131 71.17377712088057 7
      vertex 9.31358538980296 72.98356568610482 7
    endloop
  endfacet
  facet normal 0 0 1
    outer loop
      vertex 8.874565844078816 71.19342627444193 7
      vertex 9 73 7
      vertex 8.68641461019704 72.98356568610482 7
    endloop
  endfacet
  facet normal 0 0 1
    outer loop
      vertex 9.125434155921184 71.19342627444193 7
      vertex 9.31358538980296 72.98356568610482 7
      vertex 9 73 7
    endloop
  endfacet
  facet normal 0 0 1
    outer loop
      vertex 9.927050983124843 67.14683045111454 7
      vertex 9.891773790572874 69.19704327236937 7
      vertex 9.80295672763063 69.10822620942713 7
    endloop
  endfacet
  facet normal 0 0 1
    outer loop
      vertex 10.220209929227401 67.25936362707219 7
      vertex 9.970820393249937 69.29465769724904 7
      vertex 9.891773790572874 69.19704327236937 7
    endloop
  endfacet
  facet normal 0 0 1
    outer loop
      vertex 10.220209929227401 67.25936362707219 7
      vertex 10.039230484541326 69.4 7
      vertex 9.970820393249937 69.29465769724904 7
    endloop
  endfacet
  facet normal 0 0 1
    outer loop
      vertex 10.220209929227401 67.25936362707219 7
      vertex 10.096254549171121 69.51191602830905 7
      vertex 10.039230484541326 69.4 7
    endloop
  endfacet
  facet normal 0 0 1
    outer loop
      vertex 10.220209929227401 67.25936362707219 7
      vertex 10.141267819554184 69.62917960675006 7
      vertex 10.096254549171121 69.51191602830905 7
    endloop
  endfacet
  facet normal 0 0 1
    outer loop
      vertex 10.220209929227401 67.25936362707219 7
      vertex 10.173777120880567 69.75050597101868 7
      vertex 10.141267819554184 69.62917960675006 7
    endloop
  endfacet
  facet normal 0 0 1
    outer loop
      vertex 10.220209929227401 67.25936362707219 7
      vertex 10.193426274441928 69.87456584407882 7
      vertex 10.173777120880567 69.75050597101868 7
    endloop
  endfacet
  facet normal 0 0 1
    outer loop
      vertex 10.220209929227401 67.25936362707219 7
      vertex 10.2 70 7
      vertex 10.193426274441928 69.87456584407882 7
    endloop
  endfacet
  facet normal 0 0 1
    outer loop
      vertex 10.220209929227401 67.25936362707219 7
      vertex 10.5 67.40192378864668 7
      vertex 10.220209929227401 72.74063637292781 7
    endloop
  endfacet
  facet normal 0 0 1
    outer loop
      vertex 10.5 67.40192378864668 7
      vertex 10.76335575687742 67.57294901687516 7
      vertex 10.5 72.59807621135332 7
    endloop
  endfacet
  facet normal 0 0 1
    outer loop
      vertex 10.220209929227401 67.25936362707219 7
      vertex 10.220209929227401 72.74063637292781 7
      vertex 10.2 70 7
    endloop
  endfacet
  facet normal 0 0 1
    outer loop
      vertex 10.039230484541326 70.6 7
      vertex 9.927050983124843 72.85316954888546 7
      vertex 9.970820393249937 70.70534230275096 7
    endloop
  endfacet
  facet normal 0 0 1
    outer loop
      vertex 10.039230484541326 70.6 7
      vertex 10.096254549171121 70.48808397169095 7
      vertex 9.927050983124843 72.85316954888546 7
    endloop
  endfacet
  facet normal 0 0 1
    outer loop
      vertex 9.891773790572874 70.80295672763063 7
      vertex 9.970820393249937 70.70534230275096 7
      vertex 9.927050983124843 72.85316954888546 7
    endloop
  endfacet
  facet normal 0 0 1
    outer loop
      vertex 9.891773790572874 70.80295672763063 7
      vertex 9.927050983124843 72.85316954888546 7
      vertex 9.80295672763063 70.89177379057287 7
    endloop
  endfacet
  facet normal 0 0 1
    outer loop
      vertex 10.2 70 7
      vertex 10.220209929227401 72.74063637292781 7
      vertex 10.193426274441928 70.12543415592118 7
    endloop
  endfacet
  facet normal 0 0 1
    outer loop
      vertex 10.193426274441928 70.12543415592118 7
      vertex 10.220209929227401 72.74063637292781 7
      vertex 10.173777120880567 70.24949402898132 7
    endloop
  endfacet
  facet normal 0 0 1
    outer loop
      vertex 10.173777120880567 70.24949402898132 7
      vertex 10.220209929227401 72.74063637292781 7
      vertex 10.141267819554184 70.37082039324994 7
    endloop
  endfacet
  facet normal 0 0 1
    outer loop
      vertex 10.5 67.40192378864668 7
      vertex 10.5 72.59807621135332 7
      vertex 10.220209929227401 72.74063637292781 7
    endloop
  endfacet
  facet normal 0 0 1
    outer loop
      vertex 10.141267819554184 70.37082039324994 7
      vertex 10.220209929227401 72.74063637292781 7
      vertex 10.096254549171121 70.48808397169095 7
    endloop
  endfacet
  facet normal 0 0 1
    outer loop
      vertex 10.5 72.59807621135332 7
      vertex 10.76335575687742 67.57294901687516 7
      vertex 10.76335575687742 72.42705098312484 7
    endloop
  endfacet
  facet normal 0 0 1
    outer loop
      vertex 10.76335575687742 67.57294901687516 7
      vertex 11.007391819076574 67.77056552356781 7
      vertex 10.76335575687742 72.42705098312484 7
    endloop
  endfacet
  facet normal 0 0 1
    outer loop
      vertex 11.007391819076574 67.77056552356781 7
      vertex 11.229434476432182 67.99260818092343 7
      vertex 11.007391819076574 72.22943447643219 7
    endloop
  endfacet
  facet normal 0 0 1
    outer loop
      vertex 11.229434476432182 67.99260818092343 7
      vertex 11.427050983124843 68.23664424312258 7
      vertex 11.229434476432182 72.00739181907657 7
    endloop
  endfacet
  facet normal 0 0 1
    outer loop
      vertex 11.427050983124843 68.23664424312258 7
      vertex 11.598076211353316 68.5 7
      vertex 11.427050983124843 71.76335575687742 7
    endloop
  endfacet
  facet normal 0 0 1
    outer loop
      vertex 11.598076211353316 68.5 7
      vertex 11.740636372927803 68.7797900707726 7
      vertex 11.598076211353316 71.5 7
    endloop
  endfacet
  facet normal 0 0 1
    outer loop
      vertex 11.740636372927803 68.7797900707726 7
      vertex 11.853169548885461 69.07294901687516 7
      vertex 11.740636372927803 71.2202099292274 7
    endloop
  endfacet
  facet normal 0 0 1
    outer loop
      vertex 11.853169548885461 69.07294901687516 7
      vertex 11.934442802201417 69.37626492754673 7
      vertex 11.853169548885461 70.92705098312484 7
    endloop
  endfacet
  facet normal 0 0 1
    outer loop
      vertex 11.934442802201417 69.37626492754673 7
      vertex 11.98356568610482 69.68641461019703 7
      vertex 11.934442802201417 70.62373507245327 7
    endloop
  endfacet
  facet normal 0 0 1
    outer loop
      vertex 11.98356568610482 69.68641461019703 7
      vertex 12 70 7
      vertex 11.98356568610482 70.31358538980297 7
    endloop
  endfacet
  facet normal 0 0 1
    outer loop
      vertex 11.229434476432182 67.99260818092343 7
      vertex 11.229434476432182 72.00739181907657 7
      vertex 11.007391819076574 72.22943447643219 7
    endloop
  endfacet
  facet normal 0 0 1
    outer loop
      vertex 11.427050983124843 68.23664424312258 7
      vertex 11.427050983124843 71.76335575687742 7
      vertex 11.229434476432182 72.00739181907657 7
    endloop
  endfacet
  facet normal 0 0 1
    outer loop
      vertex 11.598076211353316 68.5 7
      vertex 11.598076211353316 71.5 7
      vertex 11.427050983124843 71.76335575687742 7
    endloop
  endfacet
  facet normal 0 0 1
    outer loop
      vertex 11.007391819076574 67.77056552356781 7
      vertex 11.007391819076574 72.22943447643219 7
      vertex 10.76335575687742 72.42705098312484 7
    endloop
  endfacet
  facet normal 0 0 1
    outer loop
      vertex 11.98356568610482 69.68641461019703 7
      vertex 11.98356568610482 70.31358538980297 7
      vertex 11.934442802201417 70.62373507245327 7
    endloop
  endfacet
  facet normal 0 0 1
    outer loop
      vertex 11.740636372927803 71.2202099292274 7
      vertex 11.853169548885461 69.07294901687516 7
      vertex 11.853169548885461 70.92705098312484 7
    endloop
  endfacet
  facet normal 0 0 1
    outer loop
      vertex 11.934442802201417 69.37626492754673 7
      vertex 11.934442802201417 70.62373507245327 7
      vertex 11.853169548885461 70.92705098312484 7
    endloop
  endfacet
  facet normal 0 0 1
    outer loop
      vertex 11.740636372927803 68.7797900707726 7
      vertex 11.740636372927803 71.2202099292274 7
      vertex 11.598076211353316 71.5 7
    endloop
  endfacet
  facet normal 0 0 1
    outer loop
      vertex 9.24949402898131 71.17377712088057 7
      vertex 9.370820393249936 71.14126781955419 7
      vertex 9.31358538980296 72.98356568610482 7
    endloop
  endfacet
  facet normal 0 0 1
    outer loop
      vertex 9.370820393249936 71.14126781955419 7
      vertex 9.48808397169096 71.09625454917112 7
      vertex 9.31358538980296 72.98356568610482 7
    endloop
  endfacet
  facet normal 0 0 1
    outer loop
      vertex 9.48808397169096 71.09625454917112 7
      vertex 9.6 71.03923048454132 7
      vertex 9.623735072453279 72.93444280220142 7
    endloop
  endfacet
  facet normal 0 0 1
    outer loop
      vertex 9.6 71.03923048454132 7
      vertex 9.705342302750967 70.97082039324994 7
      vertex 9.623735072453279 72.93444280220142 7
    endloop
  endfacet
  facet normal 0 0 1
    outer loop
      vertex 9.48808397169096 71.09625454917112 7
      vertex 9.623735072453279 72.93444280220142 7
      vertex 9.31358538980296 72.98356568610482 7
    endloop
  endfacet
  facet normal 0 0 1
    outer loop
      vertex 9.705342302750967 70.97082039324994 7
      vertex 9.80295672763063 70.89177379057287 7
      vertex 9.623735072453279 72.93444280220142 7
    endloop
  endfacet
  facet normal 0 0 1
    outer loop
      vertex 9.80295672763063 70.89177379057287 7
      vertex 9.927050983124843 72.85316954888546 7
      vertex 9.623735072453279 72.93444280220142 7
    endloop
  endfacet
  facet normal 0 0 1
    outer loop
      vertex 10.096254549171121 70.48808397169095 7
      vertex 10.220209929227401 72.74063637292781 7
      vertex 9.927050983124843 72.85316954888546 7
    endloop
  endfacet
  facet normal 0.6293203910498676 0.7771459614569464 0
    outer loop
      vertex 57.19704327236937 69.10822620942713 7
      vertex 57.29465769724903 69.02917960675006 3
      vertex 57.19704327236937 69.10822620942713 3
    endloop
  endfacet
  facet normal 0.7071067811865476 0.7071067811865476 0
    outer loop
      vertex 57.10822620942713 69.19704327236937 7
      vertex 57.19704327236937 69.10822620942713 3
      vertex 57.10822620942713 69.19704327236937 3
    endloop
  endfacet
  facet normal 0.9659258262890769 0.2588190451024888 0
    outer loop
      vertex 56.826222879119435 69.75050597101868 7
      vertex 56.85873218044581 69.62917960675006 3
      vertex 56.826222879119435 69.75050597101868 3
    endloop
  endfacet
  facet normal 0.9876883405951401 0.15643446504021588 0
    outer loop
      vertex 56.806573725558074 69.87456584407882 7
      vertex 56.826222879119435 69.75050597101868 3
      vertex 56.806573725558074 69.87456584407882 3
    endloop
  endfacet
  facet normal 0.9986295347545718 0.052335956242984635 0
    outer loop
      vertex 56.8 70 7
      vertex 56.806573725558074 69.87456584407882 3
      vertex 56.8 70 3
    endloop
  endfacet
  facet normal 0.8386705679454243 0.5446390350150269 0
    outer loop
      vertex 56.96076951545867 69.4 7
      vertex 57.02917960675006 69.29465769724904 3
      vertex 56.96076951545867 69.4 3
    endloop
  endfacet
  facet normal 0.8910065241883721 0.45399049973953864 0
    outer loop
      vertex 56.90374545082888 69.51191602830905 7
      vertex 56.96076951545867 69.4 3
      vertex 56.90374545082888 69.51191602830905 3
    endloop
  endfacet
  facet normal 0.9335804264971823 0.35836794954535106 0
    outer loop
      vertex 56.85873218044581 69.62917960675006 7
      vertex 56.90374545082888 69.51191602830905 3
      vertex 56.85873218044581 69.62917960675006 3
    endloop
  endfacet
  facet normal 0.7771459614569688 0.6293203910498399 0
    outer loop
      vertex 57.02917960675006 69.29465769724904 7
      vertex 57.10822620942713 69.19704327236937 3
      vertex 57.02917960675006 69.29465769724904 3
    endloop
  endfacet
  facet normal 0.9986295347545718 -0.052335956242984635 0
    outer loop
      vertex 56.806573725558074 70.12543415592118 7
      vertex 56.8 70 3
      vertex 56.806573725558074 70.12543415592118 3
    endloop
  endfacet
  facet normal 0.9876883405951401 -0.15643446504021588 0
    outer loop
      vertex 56.826222879119435 70.24949402898132 7
      vertex 56.806573725558074 70.12543415592118 3
      vertex 56.826222879119435 70.24949402898132 3
    endloop
  endfacet
  facet normal 0.9659258262890769 -0.2588190451024888 0
    outer loop
      vertex 56.85873218044581 70.37082039324994 7
      vertex 56.826222879119435 70.24949402898132 3
      vertex 56.85873218044581 70.37082039324994 3
    endloop
  endfacet
  facet normal 0.9335804264971823 -0.35836794954535106 0
    outer loop
      vertex 56.90374545082888 70.48808397169095 7
      vertex 56.85873218044581 70.37082039324994 3
      vertex 56.90374545082888 70.48808397169095 3
    endloop
  endfacet
  facet normal 0.8910065241883721 -0.45399049973953864 0
    outer loop
      vertex 56.96076951545867 70.6 7
      vertex 56.90374545082888 70.48808397169095 3
      vertex 56.96076951545867 70.6 3
    endloop
  endfacet
  facet normal 0.8386705679454243 -0.5446390350150269 0
    outer loop
      vertex 57.02917960675006 70.70534230275096 7
      vertex 56.96076951545867 70.6 3
      vertex 57.02917960675006 70.70534230275096 3
    endloop
  endfacet
  facet normal 0.7771459614569688 -0.6293203910498399 0
    outer loop
      vertex 57.10822620942713 70.80295672763063 7
      vertex 57.02917960675006 70.70534230275096 3
      vertex 57.10822620942713 70.80295672763063 3
    endloop
  endfacet
  facet normal 0.7071067811865476 -0.7071067811865476 0
    outer loop
      vertex 57.19704327236937 70.89177379057287 7
      vertex 57.10822620942713 70.80295672763063 3
      vertex 57.19704327236937 70.89177379057287 3
    endloop
  endfacet
  facet normal 0.544639035014987 0.83867056794545 0
    outer loop
      vertex 57.29465769724903 69.02917960675006 7
      vertex 57.4 68.96076951545868 3
      vertex 57.29465769724903 69.02917960675006 3
    endloop
  endfacet
  facet normal 0.4539904997395835 0.891006524188349 0
    outer loop
      vertex 57.4 68.96076951545868 7
      vertex 57.51191602830904 68.90374545082888 3
      vertex 57.4 68.96076951545868 3
    endloop
  endfacet
  facet normal 0.3583679495453132 0.9335804264971969 0
    outer loop
      vertex 57.51191602830904 68.90374545082888 7
      vertex 57.629179606750064 68.85873218044581 3
      vertex 57.51191602830904 68.90374545082888 3
    endloop
  endfacet
  facet normal 0.15643446504022462 0.9876883405951388 0
    outer loop
      vertex 57.75050597101869 68.82622287911943 7
      vertex 57.874565844078816 68.80657372555807 3
      vertex 57.75050597101869 68.82622287911943 3
    endloop
  endfacet
  facet normal 0.052335956242928215 0.9986295347545747 0
    outer loop
      vertex 57.874565844078816 68.80657372555807 7
      vertex 58 68.8 3
      vertex 57.874565844078816 68.80657372555807 3
    endloop
  endfacet
  facet normal 0.2588190451025416 0.9659258262890628 0
    outer loop
      vertex 57.629179606750064 68.85873218044581 7
      vertex 57.75050597101869 68.82622287911943 3
      vertex 57.629179606750064 68.85873218044581 3
    endloop
  endfacet
  facet normal -0.052335956242928215 0.9986295347545747 0
    outer loop
      vertex 58 68.8 7
      vertex 58.125434155921184 68.80657372555807 3
      vertex 58 68.8 3
    endloop
  endfacet
  facet normal -0.15643446504022462 0.9876883405951388 0
    outer loop
      vertex 58.125434155921184 68.80657372555807 7
      vertex 58.24949402898131 68.82622287911943 3
      vertex 58.125434155921184 68.80657372555807 3
    endloop
  endfacet
  facet normal -0.2588190451025416 0.9659258262890628 0
    outer loop
      vertex 58.24949402898131 68.82622287911943 7
      vertex 58.370820393249936 68.85873218044581 3
      vertex 58.24949402898131 68.82622287911943 3
    endloop
  endfacet
  facet normal -0.3583679495453132 0.9335804264971969 0
    outer loop
      vertex 58.370820393249936 68.85873218044581 7
      vertex 58.48808397169096 68.90374545082888 3
      vertex 58.370820393249936 68.85873218044581 3
    endloop
  endfacet
  facet normal -0.4539904997395835 0.891006524188349 0
    outer loop
      vertex 58.48808397169096 68.90374545082888 7
      vertex 58.6 68.96076951545868 3
      vertex 58.48808397169096 68.90374545082888 3
    endloop
  endfacet
  facet normal -0.544639035014987 0.83867056794545 0
    outer loop
      vertex 58.6 68.96076951545868 7
      vertex 58.70534230275097 69.02917960675006 3
      vertex 58.6 68.96076951545868 3
    endloop
  endfacet
  facet normal -0.6293203910498676 0.7771459614569464 0
    outer loop
      vertex 58.70534230275097 69.02917960675006 7
      vertex 58.80295672763063 69.10822620942713 3
      vertex 58.70534230275097 69.02917960675006 3
    endloop
  endfacet
  facet normal 0.6293203910498676 -0.7771459614569464 0
    outer loop
      vertex 57.29465769724903 70.97082039324994 7
      vertex 57.19704327236937 70.89177379057287 3
      vertex 57.29465769724903 70.97082039324994 3
    endloop
  endfacet
  facet normal 0.544639035014987 -0.83867056794545 0
    outer loop
      vertex 57.4 71.03923048454132 7
      vertex 57.29465769724903 70.97082039324994 3
      vertex 57.4 71.03923048454132 3
    endloop
  endfacet
  facet normal 0.4539904997395835 -0.891006524188349 0
    outer loop
      vertex 57.51191602830904 71.09625454917112 7
      vertex 57.4 71.03923048454132 3
      vertex 57.51191602830904 71.09625454917112 3
    endloop
  endfacet
  facet normal 0.3583679495453132 -0.9335804264971969 0
    outer loop
      vertex 57.629179606750064 71.14126781955419 7
      vertex 57.51191602830904 71.09625454917112 3
      vertex 57.629179606750064 71.14126781955419 3
    endloop
  endfacet
  facet normal 0.2588190451025416 -0.9659258262890628 0
    outer loop
      vertex 57.75050597101869 71.17377712088057 7
      vertex 57.629179606750064 71.14126781955419 3
      vertex 57.75050597101869 71.17377712088057 3
    endloop
  endfacet
  facet normal 0.15643446504022462 -0.9876883405951388 0
    outer loop
      vertex 57.874565844078816 71.19342627444193 7
      vertex 57.75050597101869 71.17377712088057 3
      vertex 57.874565844078816 71.19342627444193 3
    endloop
  endfacet
  facet normal 0.052335956242928215 -0.9986295347545747 0
    outer loop
      vertex 58 71.2 7
      vertex 57.874565844078816 71.19342627444193 3
      vertex 58 71.2 3
    endloop
  endfacet
  facet normal -0.052335956242928215 -0.9986295347545747 0
    outer loop
      vertex 58.125434155921184 71.19342627444193 7
      vertex 58 71.2 3
      vertex 58.125434155921184 71.19342627444193 3
    endloop
  endfacet
  facet normal -0.15643446504022462 -0.9876883405951388 0
    outer loop
      vertex 58.24949402898131 71.17377712088057 7
      vertex 58.125434155921184 71.19342627444193 3
      vertex 58.24949402898131 71.17377712088057 3
    endloop
  endfacet
  facet normal -0.2588190451025416 -0.9659258262890628 0
    outer loop
      vertex 58.370820393249936 71.14126781955419 7
      vertex 58.24949402898131 71.17377712088057 3
      vertex 58.370820393249936 71.14126781955419 3
    endloop
  endfacet
  facet normal -0.3583679495453132 -0.9335804264971969 0
    outer loop
      vertex 58.48808397169096 71.09625454917112 7
      vertex 58.370820393249936 71.14126781955419 3
      vertex 58.48808397169096 71.09625454917112 3
    endloop
  endfacet
  facet normal -0.4539904997395835 -0.891006524188349 0
    outer loop
      vertex 58.6 71.03923048454132 7
      vertex 58.48808397169096 71.09625454917112 3
      vertex 58.6 71.03923048454132 3
    endloop
  endfacet
  facet normal -0.544639035014987 -0.83867056794545 0
    outer loop
      vertex 58.70534230275097 70.97082039324994 7
      vertex 58.6 71.03923048454132 3
      vertex 58.70534230275097 70.97082039324994 3
    endloop
  endfacet
  facet normal -0.6293203910498676 -0.7771459614569464 0
    outer loop
      vertex 58.80295672763063 70.89177379057287 7
      vertex 58.70534230275097 70.97082039324994 3
      vertex 58.80295672763063 70.89177379057287 3
    endloop
  endfacet
  facet normal 0.7071067811865476 0.7071067811865476 -1.0850869379998786e-18
    outer loop
      vertex 57.10822620942713 69.19704327236937 7
      vertex 57.19704327236937 69.10822620942713 7
      vertex 57.19704327236937 69.10822620942713 3
    endloop
  endfacet
  facet normal 0.9876883405951401 0.15643446504021588 0
    outer loop
      vertex 56.826222879119435 69.75050597101868 7
      vertex 56.826222879119435 69.75050597101868 3
      vertex 56.806573725558074 69.87456584407882 7
    endloop
  endfacet
  facet normal 0.9986295347545718 0.052335956242984635 0
    outer loop
      vertex 56.806573725558074 69.87456584407882 7
      vertex 56.806573725558074 69.87456584407882 3
      vertex 56.8 70 7
    endloop
  endfacet
  facet normal 0.8386705679454243 0.5446390350150269 2.6805553492722314e-19
    outer loop
      vertex 56.96076951545867 69.4 7
      vertex 57.02917960675006 69.29465769724904 7
      vertex 57.02917960675006 69.29465769724904 3
    endloop
  endfacet
  facet normal 0.8910065241883721 0.45399049973953864 0
    outer loop
      vertex 56.96076951545867 69.4 7
      vertex 56.96076951545867 69.4 3
      vertex 56.90374545082888 69.51191602830905 7
    endloop
  endfacet
  facet normal 0.9335804264971823 0.35836794954535106 0
    outer loop
      vertex 56.90374545082888 69.51191602830905 7
      vertex 56.90374545082888 69.51191602830905 3
      vertex 56.85873218044581 69.62917960675006 7
    endloop
  endfacet
  facet normal 0.7771459614569688 0.6293203910498399 -5.586048279245982e-20
    outer loop
      vertex 57.02917960675006 69.29465769724904 7
      vertex 57.10822620942713 69.19704327236937 7
      vertex 57.10822620942713 69.19704327236937 3
    endloop
  endfacet
  facet normal 0.9659258262890769 0.2588190451024888 -5.152541036667891e-19
    outer loop
      vertex 56.826222879119435 69.75050597101868 7
      vertex 56.85873218044581 69.62917960675006 7
      vertex 56.85873218044581 69.62917960675006 3
    endloop
  endfacet
  facet normal 0.9986295347545718 -0.052335956242984635 0
    outer loop
      vertex 56.8 70 7
      vertex 56.8 70 3
      vertex 56.806573725558074 70.12543415592118 7
    endloop
  endfacet
  facet normal 0.9876883405951401 -0.15643446504021588 0
    outer loop
      vertex 56.806573725558074 70.12543415592118 7
      vertex 56.806573725558074 70.12543415592118 3
      vertex 56.826222879119435 70.24949402898132 7
    endloop
  endfacet
  facet normal 0.9659258262890769 -0.2588190451024888 0
    outer loop
      vertex 56.826222879119435 70.24949402898132 7
      vertex 56.826222879119435 70.24949402898132 3
      vertex 56.85873218044581 70.37082039324994 7
    endloop
  endfacet
  facet normal 0.9335804264971823 -0.35836794954535106 0
    outer loop
      vertex 56.85873218044581 70.37082039324994 7
      vertex 56.85873218044581 70.37082039324994 3
      vertex 56.90374545082888 70.48808397169095 7
    endloop
  endfacet
  facet normal 0.8910065241883721 -0.45399049973953864 0
    outer loop
      vertex 56.90374545082888 70.48808397169095 7
      vertex 56.90374545082888 70.48808397169095 3
      vertex 56.96076951545867 70.6 7
    endloop
  endfacet
  facet normal 0.8386705679454243 -0.5446390350150269 0
    outer loop
      vertex 56.96076951545867 70.6 7
      vertex 56.96076951545867 70.6 3
      vertex 57.02917960675006 70.70534230275096 7
    endloop
  endfacet
  facet normal 0.7771459614569688 -0.6293203910498399 0
    outer loop
      vertex 57.02917960675006 70.70534230275096 7
      vertex 57.02917960675006 70.70534230275096 3
      vertex 57.10822620942713 70.80295672763063 7
    endloop
  endfacet
  facet normal 0.7071067811865476 -0.7071067811865476 0
    outer loop
      vertex 57.10822620942713 70.80295672763063 7
      vertex 57.10822620942713 70.80295672763063 3
      vertex 57.19704327236937 70.89177379057287 7
    endloop
  endfacet
  facet normal 0.6293203910498676 -0.7771459614569464 0
    outer loop
      vertex 57.19704327236937 70.89177379057287 7
      vertex 57.19704327236937 70.89177379057287 3
      vertex 57.29465769724903 70.97082039324994 7
    endloop
  endfacet
  facet normal 0.544639035014987 0.83867056794545 2.0615576196833623e-19
    outer loop
      vertex 57.29465769724903 69.02917960675006 7
      vertex 57.4 68.96076951545868 7
      vertex 57.4 68.96076951545868 3
    endloop
  endfacet
  facet normal 0.6293203910498676 0.7771459614569464 0
    outer loop
      vertex 57.29465769724903 69.02917960675006 7
      vertex 57.29465769724903 69.02917960675006 3
      vertex 57.19704327236937 69.10822620942713 7
    endloop
  endfacet
  facet normal 0.4539904997395835 0.891006524188349 4.895192574535658e-20
    outer loop
      vertex 57.4 68.96076951545868 7
      vertex 57.51191602830904 68.90374545082888 7
      vertex 57.51191602830904 68.90374545082888 3
    endloop
  endfacet
  facet normal 0.3583679495453132 0.9335804264971969 1.180126787907433e-19
    outer loop
      vertex 57.51191602830904 68.90374545082888 7
      vertex 57.629179606750064 68.85873218044581 7
      vertex 57.629179606750064 68.85873218044581 3
    endloop
  endfacet
  facet normal 0.15643446504022462 0.9876883405951388 2.792905836514974e-19
    outer loop
      vertex 57.75050597101869 68.82622287911943 7
      vertex 57.874565844078816 68.80657372555807 7
      vertex 57.874565844078816 68.80657372555807 3
    endloop
  endfacet
  facet normal 0.052335956242928215 0.9986295347545747 1.0421575370024493e-19
    outer loop
      vertex 57.874565844078816 68.80657372555807 7
      vertex 58 68.8 7
      vertex 58 68.8 3
    endloop
  endfacet
  facet normal 0.2588190451025416 0.9659258262890628 0
    outer loop
      vertex 57.75050597101869 68.82622287911943 7
      vertex 57.75050597101869 68.82622287911943 3
      vertex 57.629179606750064 68.85873218044581 7
    endloop
  endfacet
  facet normal -0.052335956242928215 0.9986295347545747 -1.0421575370024493e-19
    outer loop
      vertex 58 68.8 7
      vertex 58.125434155921184 68.80657372555807 7
      vertex 58.125434155921184 68.80657372555807 3
    endloop
  endfacet
  facet normal -0.15643446504022462 0.9876883405951388 -2.792905836514974e-19
    outer loop
      vertex 58.125434155921184 68.80657372555807 7
      vertex 58.24949402898131 68.82622287911943 7
      vertex 58.24949402898131 68.82622287911943 3
    endloop
  endfacet
  facet normal -0.2588190451025416 0.9659258262890628 3.522453788133068e-19
    outer loop
      vertex 58.24949402898131 68.82622287911943 7
      vertex 58.370820393249936 68.85873218044581 7
      vertex 58.370820393249936 68.85873218044581 3
    endloop
  endfacet
  facet normal -0.3583679495453132 0.9335804264971969 -1.180126787907433e-19
    outer loop
      vertex 58.370820393249936 68.85873218044581 7
      vertex 58.48808397169096 68.90374545082888 7
      vertex 58.48808397169096 68.90374545082888 3
    endloop
  endfacet
  facet normal -0.4539904997395835 0.891006524188349 -4.895192574535658e-20
    outer loop
      vertex 58.48808397169096 68.90374545082888 7
      vertex 58.6 68.96076951545868 7
      vertex 58.6 68.96076951545868 3
    endloop
  endfacet
  facet normal -0.544639035014987 0.83867056794545 -2.0615576196833623e-19
    outer loop
      vertex 58.6 68.96076951545868 7
      vertex 58.70534230275097 69.02917960675006 7
      vertex 58.70534230275097 69.02917960675006 3
    endloop
  endfacet
  facet normal -0.6293203910498676 0.7771459614569464 8.331165699325955e-19
    outer loop
      vertex 58.70534230275097 69.02917960675006 7
      vertex 58.80295672763063 69.10822620942713 7
      vertex 58.80295672763063 69.10822620942713 3
    endloop
  endfacet
  facet normal 0.544639035014987 -0.83867056794545 0
    outer loop
      vertex 57.29465769724903 70.97082039324994 7
      vertex 57.29465769724903 70.97082039324994 3
      vertex 57.4 71.03923048454132 7
    endloop
  endfacet
  facet normal 0.4539904997395835 -0.891006524188349 0
    outer loop
      vertex 57.4 71.03923048454132 7
      vertex 57.4 71.03923048454132 3
      vertex 57.51191602830904 71.09625454917112 7
    endloop
  endfacet
  facet normal 0.3583679495453132 -0.9335804264971969 0
    outer loop
      vertex 57.51191602830904 71.09625454917112 7
      vertex 57.51191602830904 71.09625454917112 3
      vertex 57.629179606750064 71.14126781955419 7
    endloop
  endfacet
  facet normal 0.2588190451025416 -0.9659258262890628 0
    outer loop
      vertex 57.629179606750064 71.14126781955419 7
      vertex 57.629179606750064 71.14126781955419 3
      vertex 57.75050597101869 71.17377712088057 7
    endloop
  endfacet
  facet normal 0.15643446504022462 -0.9876883405951388 0
    outer loop
      vertex 57.75050597101869 71.17377712088057 7
      vertex 57.75050597101869 71.17377712088057 3
      vertex 57.874565844078816 71.19342627444193 7
    endloop
  endfacet
  facet normal 0.052335956242928215 -0.9986295347545747 0
    outer loop
      vertex 57.874565844078816 71.19342627444193 7
      vertex 57.874565844078816 71.19342627444193 3
      vertex 58 71.2 7
    endloop
  endfacet
  facet normal -0.052335956242928215 -0.9986295347545747 1.0421575370024493e-19
    outer loop
      vertex 58.125434155921184 71.19342627444193 7
      vertex 58 71.2 7
      vertex 58 71.2 3
    endloop
  endfacet
  facet normal -0.15643446504022462 -0.9876883405951388 0
    outer loop
      vertex 58.125434155921184 71.19342627444193 7
      vertex 58.125434155921184 71.19342627444193 3
      vertex 58.24949402898131 71.17377712088057 7
    endloop
  endfacet
  facet normal -0.2588190451025416 -0.9659258262890628 0
    outer loop
      vertex 58.24949402898131 71.17377712088057 7
      vertex 58.24949402898131 71.17377712088057 3
      vertex 58.370820393249936 71.14126781955419 7
    endloop
  endfacet
  facet normal -0.3583679495453132 -0.9335804264971969 0
    outer loop
      vertex 58.370820393249936 71.14126781955419 7
      vertex 58.370820393249936 71.14126781955419 3
      vertex 58.48808397169096 71.09625454917112 7
    endloop
  endfacet
  facet normal -0.4539904997395835 -0.891006524188349 0
    outer loop
      vertex 58.48808397169096 71.09625454917112 7
      vertex 58.48808397169096 71.09625454917112 3
      vertex 58.6 71.03923048454132 7
    endloop
  endfacet
  facet normal -0.6293203910498676 -0.7771459614569464 0
    outer loop
      vertex 58.70534230275097 70.97082039324994 7
      vertex 58.70534230275097 70.97082039324994 3
      vertex 58.80295672763063 70.89177379057287 7
    endloop
  endfacet
  facet normal -0.544639035014987 -0.83867056794545 0
    outer loop
      vertex 58.6 71.03923048454132 7
      vertex 58.6 71.03923048454132 3
      vertex 58.70534230275097 70.97082039324994 7
    endloop
  endfacet
  facet normal -0.7071067811865476 0.7071067811865476 0
    outer loop
      vertex 58.80295672763063 69.10822620942713 7
      vertex 58.89177379057287 69.19704327236937 3
      vertex 58.80295672763063 69.10822620942713 3
    endloop
  endfacet
  facet normal -0.7771459614569688 0.6293203910498399 0
    outer loop
      vertex 58.89177379057287 69.19704327236937 7
      vertex 58.97082039324994 69.29465769724904 3
      vertex 58.89177379057287 69.19704327236937 3
    endloop
  endfacet
  facet normal -0.8386705679454243 0.5446390350150269 0
    outer loop
      vertex 58.97082039324994 69.29465769724904 7
      vertex 59.03923048454133 69.4 3
      vertex 58.97082039324994 69.29465769724904 3
    endloop
  endfacet
  facet normal -0.8910065241883721 0.45399049973953864 0
    outer loop
      vertex 59.03923048454133 69.4 7
      vertex 59.09625454917112 69.51191602830905 3
      vertex 59.03923048454133 69.4 3
    endloop
  endfacet
  facet normal -0.9335804264971823 0.35836794954535106 0
    outer loop
      vertex 59.09625454917112 69.51191602830905 7
      vertex 59.14126781955419 69.62917960675006 3
      vertex 59.09625454917112 69.51191602830905 3
    endloop
  endfacet
  facet normal -0.9659258262890769 0.2588190451024888 0
    outer loop
      vertex 59.14126781955419 69.62917960675006 7
      vertex 59.173777120880565 69.75050597101868 3
      vertex 59.14126781955419 69.62917960675006 3
    endloop
  endfacet
  facet normal -0.9876883405951401 0.15643446504021588 0
    outer loop
      vertex 59.173777120880565 69.75050597101868 7
      vertex 59.193426274441926 69.87456584407882 3
      vertex 59.173777120880565 69.75050597101868 3
    endloop
  endfacet
  facet normal -0.9986295347545718 0.052335956242984635 0
    outer loop
      vertex 59.193426274441926 69.87456584407882 7
      vertex 59.2 70 3
      vertex 59.193426274441926 69.87456584407882 3
    endloop
  endfacet
  facet normal -0.9659258262890769 -0.2588190451024888 0
    outer loop
      vertex 59.173777120880565 70.24949402898132 7
      vertex 59.14126781955419 70.37082039324994 3
      vertex 59.173777120880565 70.24949402898132 3
    endloop
  endfacet
  facet normal -0.9335804264971823 -0.35836794954535106 0
    outer loop
      vertex 59.14126781955419 70.37082039324994 7
      vertex 59.09625454917112 70.48808397169095 3
      vertex 59.14126781955419 70.37082039324994 3
    endloop
  endfacet
  facet normal -0.7771459614569688 -0.6293203910498399 0
    outer loop
      vertex 58.97082039324994 70.70534230275096 7
      vertex 58.89177379057287 70.80295672763063 3
      vertex 58.97082039324994 70.70534230275096 3
    endloop
  endfacet
  facet normal -0.8910065241883721 -0.45399049973953864 0
    outer loop
      vertex 59.09625454917112 70.48808397169095 7
      vertex 59.03923048454133 70.6 3
      vertex 59.09625454917112 70.48808397169095 3
    endloop
  endfacet
  facet normal -0.8386705679454243 -0.5446390350150269 0
    outer loop
      vertex 59.03923048454133 70.6 7
      vertex 58.97082039324994 70.70534230275096 3
      vertex 59.03923048454133 70.6 3
    endloop
  endfacet
  facet normal -0.9986295347545718 -0.052335956242984635 0
    outer loop
      vertex 59.2 70 7
      vertex 59.193426274441926 70.12543415592118 3
      vertex 59.2 70 3
    endloop
  endfacet
  facet normal -0.9876883405951401 -0.15643446504021588 0
    outer loop
      vertex 59.193426274441926 70.12543415592118 7
      vertex 59.173777120880565 70.24949402898132 3
      vertex 59.193426274441926 70.12543415592118 3
    endloop
  endfacet
  facet normal -0.7071067811865476 -0.7071067811865476 0
    outer loop
      vertex 58.89177379057287 70.80295672763063 7
      vertex 58.80295672763063 70.89177379057287 3
      vertex 58.89177379057287 70.80295672763063 3
    endloop
  endfacet
  facet normal -0.7071067811865476 0.7071067811865476 1.0850869379998786e-18
    outer loop
      vertex 58.80295672763063 69.10822620942713 7
      vertex 58.89177379057287 69.19704327236937 7
      vertex 58.89177379057287 69.19704327236937 3
    endloop
  endfacet
  facet normal -0.7771459614569688 0.6293203910498399 5.586048279245982e-20
    outer loop
      vertex 58.89177379057287 69.19704327236937 7
      vertex 58.97082039324994 69.29465769724904 7
      vertex 58.97082039324994 69.29465769724904 3
    endloop
  endfacet
  facet normal -0.8386705679454243 0.5446390350150269 -2.6805553492722314e-19
    outer loop
      vertex 58.97082039324994 69.29465769724904 7
      vertex 59.03923048454133 69.4 7
      vertex 59.03923048454133 69.4 3
    endloop
  endfacet
  facet normal -0.8910065241883721 0.45399049973953864 2.685171037534791e-19
    outer loop
      vertex 59.03923048454133 69.4 7
      vertex 59.09625454917112 69.51191602830905 7
      vertex 59.09625454917112 69.51191602830905 3
    endloop
  endfacet
  facet normal -0.9335804264971823 0.35836794954535106 7.496129558214019e-19
    outer loop
      vertex 59.09625454917112 69.51191602830905 7
      vertex 59.14126781955419 69.62917960675006 7
      vertex 59.14126781955419 69.62917960675006 3
    endloop
  endfacet
  facet normal -0.9659258262890769 0.2588190451024888 5.152541036667891e-19
    outer loop
      vertex 59.14126781955419 69.62917960675006 7
      vertex 59.173777120880565 69.75050597101868 7
      vertex 59.173777120880565 69.75050597101868 3
    endloop
  endfacet
  facet normal -0.9876883405951401 0.15643446504021588 -3.3821786023458286e-19
    outer loop
      vertex 59.173777120880565 69.75050597101868 7
      vertex 59.193426274441926 69.87456584407882 7
      vertex 59.193426274441926 69.87456584407882 3
    endloop
  endfacet
  facet normal -0.9986295347545718 0.052335956242984635 -6.4951798807647225e-21
    outer loop
      vertex 59.193426274441926 69.87456584407882 7
      vertex 59.2 70 7
      vertex 59.2 70 3
    endloop
  endfacet
  facet normal -0.9659258262890769 -0.2588190451024888 0
    outer loop
      vertex 59.14126781955419 70.37082039324994 7
      vertex 59.14126781955419 70.37082039324994 3
      vertex 59.173777120880565 70.24949402898132 7
    endloop
  endfacet
  facet normal -0.7771459614569688 -0.6293203910498399 0
    outer loop
      vertex 58.89177379057287 70.80295672763063 7
      vertex 58.89177379057287 70.80295672763063 3
      vertex 58.97082039324994 70.70534230275096 7
    endloop
  endfacet
  facet normal -0.8910065241883721 -0.45399049973953864 0
    outer loop
      vertex 59.03923048454133 70.6 7
      vertex 59.03923048454133 70.6 3
      vertex 59.09625454917112 70.48808397169095 7
    endloop
  endfacet
  facet normal -0.9335804264971823 -0.35836794954535106 -7.496129558214019e-19
    outer loop
      vertex 59.14126781955419 70.37082039324994 7
      vertex 59.09625454917112 70.48808397169095 7
      vertex 59.09625454917112 70.48808397169095 3
    endloop
  endfacet
  facet normal -0.8386705679454243 -0.5446390350150269 2.6805553492722314e-19
    outer loop
      vertex 59.03923048454133 70.6 7
      vertex 58.97082039324994 70.70534230275096 7
      vertex 58.97082039324994 70.70534230275096 3
    endloop
  endfacet
  facet normal -0.9986295347545718 -0.052335956242984635 6.4951798807647225e-21
    outer loop
      vertex 59.2 70 7
      vertex 59.193426274441926 70.12543415592118 7
      vertex 59.193426274441926 70.12543415592118 3
    endloop
  endfacet
  facet normal -0.9876883405951401 -0.15643446504021588 3.3821786023458286e-19
    outer loop
      vertex 59.193426274441926 70.12543415592118 7
      vertex 59.173777120880565 70.24949402898132 7
      vertex 59.173777120880565 70.24949402898132 3
    endloop
  endfacet
  facet normal -0.7071067811865476 -0.7071067811865476 -1.0850869379998786e-18
    outer loop
      vertex 58.89177379057287 70.80295672763063 7
      vertex 58.80295672763063 70.89177379057287 7
      vertex 58.80295672763063 70.89177379057287 3
    endloop
  endfacet
  facet normal 0.6293203910498506 0.7771459614569604 0
    outer loop
      vertex 57.19704327236937 11.108226209427126 7
      vertex 57.29465769724903 11.029179606750063 3
      vertex 57.19704327236937 11.108226209427126 3
    endloop
  endfacet
  facet normal 0.7071067811865618 0.7071067811865335 0
    outer loop
      vertex 57.10822620942713 11.19704327236937 7
      vertex 57.19704327236937 11.108226209427126 3
      vertex 57.10822620942713 11.19704327236937 3
    endloop
  endfacet
  facet normal 0.8386705679454199 0.5446390350150333 0
    outer loop
      vertex 56.96076951545867 11.4 7
      vertex 57.02917960675006 11.294657697249033 3
      vertex 56.96076951545867 11.4 3
    endloop
  endfacet
  facet normal 0.8910065241883721 0.45399049973953864 0
    outer loop
      vertex 56.90374545082888 11.51191602830904 7
      vertex 56.96076951545867 11.4 3
      vertex 56.90374545082888 11.51191602830904 3
    endloop
  endfacet
  facet normal 0.9335804264971931 0.35836794954532264 0
    outer loop
      vertex 56.85873218044581 11.629179606750062 7
      vertex 56.90374545082888 11.51191602830904 3
      vertex 56.85873218044581 11.629179606750062 3
    endloop
  endfacet
  facet normal 0.7771459614569577 0.6293203910498538 0
    outer loop
      vertex 57.02917960675006 11.294657697249033 7
      vertex 57.10822620942713 11.19704327236937 3
      vertex 57.02917960675006 11.294657697249033 3
    endloop
  endfacet
  facet normal 0.15643446504022462 0.9876883405951388 0
    outer loop
      vertex 57.75050597101869 10.826222879119433 7
      vertex 57.874565844078816 10.806573725558072 3
      vertex 57.75050597101869 10.826222879119433 3
    endloop
  endfacet
  facet normal 0.05233595624294233 0.998629534754574 0
    outer loop
      vertex 57.874565844078816 10.806573725558072 7
      vertex 58 10.8 3
      vertex 57.874565844078816 10.806573725558072 3
    endloop
  endfacet
  facet normal 0.5446390350150169 0.8386705679454305 0
    outer loop
      vertex 57.29465769724903 11.029179606750063 7
      vertex 57.4 10.960769515458674 3
      vertex 57.29465769724903 11.029179606750063 3
    endloop
  endfacet
  facet normal 0.4539904997395499 0.8910065241883663 0
    outer loop
      vertex 57.4 10.960769515458674 7
      vertex 57.51191602830904 10.903745450828879 3
      vertex 57.4 10.960769515458674 3
    endloop
  endfacet
  facet normal 0.35836794954528856 0.9335804264972063 0
    outer loop
      vertex 57.51191602830904 10.903745450828879 7
      vertex 57.629179606750064 10.858732180445816 3
      vertex 57.51191602830904 10.903745450828879 3
    endloop
  endfacet
  facet normal 0.2588190451025284 0.9659258262890662 0
    outer loop
      vertex 57.629179606750064 10.858732180445816 7
      vertex 57.75050597101869 10.826222879119433 3
      vertex 57.629179606750064 10.858732180445816 3
    endloop
  endfacet
  facet normal -0.05233595624294233 0.998629534754574 0
    outer loop
      vertex 58 10.8 7
      vertex 58.125434155921184 10.806573725558072 3
      vertex 58 10.8 3
    endloop
  endfacet
  facet normal -0.15643446504022462 0.9876883405951388 0
    outer loop
      vertex 58.125434155921184 10.806573725558072 7
      vertex 58.24949402898131 10.826222879119433 3
      vertex 58.125434155921184 10.806573725558072 3
    endloop
  endfacet
  facet normal -0.2588190451025284 0.9659258262890662 0
    outer loop
      vertex 58.24949402898131 10.826222879119433 7
      vertex 58.370820393249936 10.858732180445816 3
      vertex 58.24949402898131 10.826222879119433 3
    endloop
  endfacet
  facet normal -0.35836794954528856 0.9335804264972063 0
    outer loop
      vertex 58.370820393249936 10.858732180445816 7
      vertex 58.48808397169096 10.903745450828879 3
      vertex 58.370820393249936 10.858732180445816 3
    endloop
  endfacet
  facet normal -0.4539904997395499 0.8910065241883663 0
    outer loop
      vertex 58.48808397169096 10.903745450828879 7
      vertex 58.6 10.960769515458674 3
      vertex 58.48808397169096 10.903745450828879 3
    endloop
  endfacet
  facet normal -0.5446390350150169 0.8386705679454305 0
    outer loop
      vertex 58.6 10.960769515458674 7
      vertex 58.70534230275097 11.029179606750063 3
      vertex 58.6 10.960769515458674 3
    endloop
  endfacet
  facet normal -0.6293203910498506 0.7771459614569604 0
    outer loop
      vertex 58.70534230275097 11.029179606750063 7
      vertex 58.80295672763063 11.108226209427126 3
      vertex 58.70534230275097 11.029179606750063 3
    endloop
  endfacet
  facet normal 0.7771459614569577 0.6293203910498538 -4.444885263625191e-19
    outer loop
      vertex 57.02917960675006 11.294657697249033 7
      vertex 57.10822620942713 11.19704327236937 7
      vertex 57.10822620942713 11.19704327236937 3
    endloop
  endfacet
  facet normal 0.7071067811865618 0.7071067811865335 -7.306496822473202e-19
    outer loop
      vertex 57.10822620942713 11.19704327236937 7
      vertex 57.19704327236937 11.108226209427126 7
      vertex 57.19704327236937 11.108226209427126 3
    endloop
  endfacet
  facet normal 0.8386705679454199 0.5446390350150333 4.473662754691877e-19
    outer loop
      vertex 56.96076951545867 11.4 7
      vertex 57.02917960675006 11.294657697249033 7
      vertex 57.02917960675006 11.294657697249033 3
    endloop
  endfacet
  facet normal 0.8910065241883721 0.45399049973953864 0
    outer loop
      vertex 56.96076951545867 11.4 7
      vertex 56.96076951545867 11.4 3
      vertex 56.90374545082888 11.51191602830904 7
    endloop
  endfacet
  facet normal 0.9335804264971931 0.35836794954532264 0
    outer loop
      vertex 56.90374545082888 11.51191602830904 7
      vertex 56.90374545082888 11.51191602830904 3
      vertex 56.85873218044581 11.629179606750062 7
    endloop
  endfacet
  facet normal 0.15643446504022462 0.9876883405951388 2.792905836514974e-19
    outer loop
      vertex 57.75050597101869 10.826222879119433 7
      vertex 57.874565844078816 10.806573725558072 7
      vertex 57.874565844078816 10.806573725558072 3
    endloop
  endfacet
  facet normal 0.05233595624294233 0.998629534754574 7.978561024537483e-20
    outer loop
      vertex 57.874565844078816 10.806573725558072 7
      vertex 58 10.8 7
      vertex 58 10.8 3
    endloop
  endfacet
  facet normal 0.5446390350150169 0.8386705679454305 -1.7900692254961208e-19
    outer loop
      vertex 57.29465769724903 11.029179606750063 7
      vertex 57.4 10.960769515458674 7
      vertex 57.4 10.960769515458674 3
    endloop
  endfacet
  facet normal 0.6293203910498506 0.7771459614569604 0
    outer loop
      vertex 57.29465769724903 11.029179606750063 7
      vertex 57.29465769724903 11.029179606750063 3
      vertex 57.19704327236937 11.108226209427126 7
    endloop
  endfacet
  facet normal 0.4539904997395499 0.8910065241883663 -6.207373606158865e-19
    outer loop
      vertex 57.4 10.960769515458674 7
      vertex 57.51191602830904 10.903745450828879 7
      vertex 57.51191602830904 10.903745450828879 3
    endloop
  endfacet
  facet normal 0.35836794954528856 0.9335804264972063 6.559732127982593e-19
    outer loop
      vertex 57.51191602830904 10.903745450828879 7
      vertex 57.629179606750064 10.858732180445816 7
      vertex 57.629179606750064 10.858732180445816 3
    endloop
  endfacet
  facet normal 0.2588190451025284 0.9659258262890662 0
    outer loop
      vertex 57.75050597101869 10.826222879119433 7
      vertex 57.75050597101869 10.826222879119433 3
      vertex 57.629179606750064 10.858732180445816 7
    endloop
  endfacet
  facet normal -0.05233595624294233 0.998629534754574 -7.978561024537483e-20
    outer loop
      vertex 58 10.8 7
      vertex 58.125434155921184 10.806573725558072 7
      vertex 58.125434155921184 10.806573725558072 3
    endloop
  endfacet
  facet normal -0.15643446504022462 0.9876883405951388 -2.792905836514974e-19
    outer loop
      vertex 58.125434155921184 10.806573725558072 7
      vertex 58.24949402898131 10.826222879119433 7
      vertex 58.24949402898131 10.826222879119433 3
    endloop
  endfacet
  facet normal -0.2588190451025284 0.9659258262890662 -4.701774684475557e-19
    outer loop
      vertex 58.24949402898131 10.826222879119433 7
      vertex 58.370820393249936 10.858732180445816 7
      vertex 58.370820393249936 10.858732180445816 3
    endloop
  endfacet
  facet normal -0.35836794954528856 0.9335804264972063 -6.559732127982593e-19
    outer loop
      vertex 58.370820393249936 10.858732180445816 7
      vertex 58.48808397169096 10.903745450828879 7
      vertex 58.48808397169096 10.903745450828879 3
    endloop
  endfacet
  facet normal -0.4539904997395499 0.8910065241883663 6.207373606158865e-19
    outer loop
      vertex 58.48808397169096 10.903745450828879 7
      vertex 58.6 10.960769515458674 7
      vertex 58.6 10.960769515458674 3
    endloop
  endfacet
  facet normal -0.5446390350150169 0.8386705679454305 1.7900692254961208e-19
    outer loop
      vertex 58.6 10.960769515458674 7
      vertex 58.70534230275097 11.029179606750063 7
      vertex 58.70534230275097 11.029179606750063 3
    endloop
  endfacet
  facet normal -0.6293203910498506 0.7771459614569604 -5.974826307904888e-19
    outer loop
      vertex 58.70534230275097 11.029179606750063 7
      vertex 58.80295672763063 11.108226209427126 7
      vertex 58.80295672763063 11.108226209427126 3
    endloop
  endfacet
  facet normal -0.7071067811865618 0.7071067811865335 0
    outer loop
      vertex 58.80295672763063 11.108226209427126 7
      vertex 58.89177379057287 11.19704327236937 3
      vertex 58.80295672763063 11.108226209427126 3
    endloop
  endfacet
  facet normal -0.7771459614569577 0.6293203910498538 0
    outer loop
      vertex 58.89177379057287 11.19704327236937 7
      vertex 58.97082039324994 11.294657697249033 3
      vertex 58.89177379057287 11.19704327236937 3
    endloop
  endfacet
  facet normal -0.8386705679454199 0.5446390350150333 0
    outer loop
      vertex 58.97082039324994 11.294657697249033 7
      vertex 59.03923048454133 11.4 3
      vertex 58.97082039324994 11.294657697249033 3
    endloop
  endfacet
  facet normal -0.8910065241883721 0.45399049973953864 0
    outer loop
      vertex 59.03923048454133 11.4 7
      vertex 59.09625454917112 11.51191602830904 3
      vertex 59.03923048454133 11.4 3
    endloop
  endfacet
  facet normal -0.9335804264971931 0.35836794954532264 0
    outer loop
      vertex 59.09625454917112 11.51191602830904 7
      vertex 59.14126781955419 11.629179606750062 3
      vertex 59.09625454917112 11.51191602830904 3
    endloop
  endfacet
  facet normal -0.7071067811865618 0.7071067811865335 7.306496822473202e-19
    outer loop
      vertex 58.80295672763063 11.108226209427126 7
      vertex 58.89177379057287 11.19704327236937 7
      vertex 58.89177379057287 11.19704327236937 3
    endloop
  endfacet
  facet normal -0.7771459614569577 0.6293203910498538 4.444885263625191e-19
    outer loop
      vertex 58.89177379057287 11.19704327236937 7
      vertex 58.97082039324994 11.294657697249033 7
      vertex 58.97082039324994 11.294657697249033 3
    endloop
  endfacet
  facet normal -0.8386705679454199 0.5446390350150333 -4.473662754691877e-19
    outer loop
      vertex 58.97082039324994 11.294657697249033 7
      vertex 59.03923048454133 11.4 7
      vertex 59.03923048454133 11.4 3
    endloop
  endfacet
  facet normal -0.8910065241883721 0.45399049973953864 2.685171037534791e-19
    outer loop
      vertex 59.03923048454133 11.4 7
      vertex 59.09625454917112 11.51191602830904 7
      vertex 59.09625454917112 11.51191602830904 3
    endloop
  endfacet
  facet normal -0.9335804264971931 0.35836794954532264 -7.64281298611957e-19
    outer loop
      vertex 59.09625454917112 11.51191602830904 7
      vertex 59.14126781955419 11.629179606750062 7
      vertex 59.14126781955419 11.629179606750062 3
    endloop
  endfacet
  facet normal 0.9659258262890769 0.2588190451024888 0
    outer loop
      vertex 56.826222879119435 11.750505971018688 7
      vertex 56.85873218044581 11.629179606750062 3
      vertex 56.826222879119435 11.750505971018688 3
    endloop
  endfacet
  facet normal 0.9876883405951391 0.15643446504022243 0
    outer loop
      vertex 56.806573725558074 11.874565844078816 7
      vertex 56.826222879119435 11.750505971018688 3
      vertex 56.806573725558074 11.874565844078816 3
    endloop
  endfacet
  facet normal 0.9986295347545718 0.052335956242984635 0
    outer loop
      vertex 56.8 12 7
      vertex 56.806573725558074 11.874565844078816 3
      vertex 56.8 12 3
    endloop
  endfacet
  facet normal 0.9986295347545718 -0.052335956242984635 0
    outer loop
      vertex 56.806573725558074 12.125434155921184 7
      vertex 56.8 12 3
      vertex 56.806573725558074 12.125434155921184 3
    endloop
  endfacet
  facet normal 0.9876883405951391 -0.15643446504022243 0
    outer loop
      vertex 56.826222879119435 12.249494028981312 7
      vertex 56.806573725558074 12.125434155921184 3
      vertex 56.826222879119435 12.249494028981312 3
    endloop
  endfacet
  facet normal 0.9659258262890769 -0.2588190451024888 0
    outer loop
      vertex 56.85873218044581 12.370820393249938 7
      vertex 56.826222879119435 12.249494028981312 3
      vertex 56.85873218044581 12.370820393249938 3
    endloop
  endfacet
  facet normal 0.9335804264971931 -0.35836794954532264 0
    outer loop
      vertex 56.90374545082888 12.48808397169096 7
      vertex 56.85873218044581 12.370820393249938 3
      vertex 56.90374545082888 12.48808397169096 3
    endloop
  endfacet
  facet normal 0.8910065241883721 -0.45399049973953864 0
    outer loop
      vertex 56.96076951545867 12.6 7
      vertex 56.90374545082888 12.48808397169096 3
      vertex 56.96076951545867 12.6 3
    endloop
  endfacet
  facet normal 0.8386705679454199 -0.5446390350150333 0
    outer loop
      vertex 57.02917960675006 12.705342302750967 7
      vertex 56.96076951545867 12.6 3
      vertex 57.02917960675006 12.705342302750967 3
    endloop
  endfacet
  facet normal 0.7771459614569577 -0.6293203910498538 0
    outer loop
      vertex 57.10822620942713 12.80295672763063 7
      vertex 57.02917960675006 12.705342302750967 3
      vertex 57.10822620942713 12.80295672763063 3
    endloop
  endfacet
  facet normal 0.7071067811865618 -0.7071067811865335 0
    outer loop
      vertex 57.19704327236937 12.891773790572874 7
      vertex 57.10822620942713 12.80295672763063 3
      vertex 57.19704327236937 12.891773790572874 3
    endloop
  endfacet
  facet normal 0.6293203910498506 -0.7771459614569604 0
    outer loop
      vertex 57.29465769724903 12.970820393249937 7
      vertex 57.19704327236937 12.891773790572874 3
      vertex 57.29465769724903 12.970820393249937 3
    endloop
  endfacet
  facet normal 0.5446390350150169 -0.8386705679454305 0
    outer loop
      vertex 57.4 13.039230484541326 7
      vertex 57.29465769724903 12.970820393249937 3
      vertex 57.4 13.039230484541326 3
    endloop
  endfacet
  facet normal 0.4539904997395499 -0.8910065241883663 0
    outer loop
      vertex 57.51191602830904 13.096254549171121 7
      vertex 57.4 13.039230484541326 3
      vertex 57.51191602830904 13.096254549171121 3
    endloop
  endfacet
  facet normal 0.35836794954528856 -0.9335804264972063 0
    outer loop
      vertex 57.629179606750064 13.141267819554184 7
      vertex 57.51191602830904 13.096254549171121 3
      vertex 57.629179606750064 13.141267819554184 3
    endloop
  endfacet
  facet normal 0.2588190451025284 -0.9659258262890662 0
    outer loop
      vertex 57.75050597101869 13.173777120880567 7
      vertex 57.629179606750064 13.141267819554184 3
      vertex 57.75050597101869 13.173777120880567 3
    endloop
  endfacet
  facet normal 0.15643446504022462 -0.9876883405951388 0
    outer loop
      vertex 57.874565844078816 13.193426274441928 7
      vertex 57.75050597101869 13.173777120880567 3
      vertex 57.874565844078816 13.193426274441928 3
    endloop
  endfacet
  facet normal 0.05233595624294233 -0.998629534754574 0
    outer loop
      vertex 58 13.2 7
      vertex 57.874565844078816 13.193426274441928 3
      vertex 58 13.2 3
    endloop
  endfacet
  facet normal -0.05233595624294233 -0.998629534754574 0
    outer loop
      vertex 58.125434155921184 13.193426274441928 7
      vertex 58 13.2 3
      vertex 58.125434155921184 13.193426274441928 3
    endloop
  endfacet
  facet normal -0.15643446504022462 -0.9876883405951388 0
    outer loop
      vertex 58.24949402898131 13.173777120880567 7
      vertex 58.125434155921184 13.193426274441928 3
      vertex 58.24949402898131 13.173777120880567 3
    endloop
  endfacet
  facet normal -0.2588190451025284 -0.9659258262890662 0
    outer loop
      vertex 58.370820393249936 13.141267819554184 7
      vertex 58.24949402898131 13.173777120880567 3
      vertex 58.370820393249936 13.141267819554184 3
    endloop
  endfacet
  facet normal -0.35836794954528856 -0.9335804264972063 0
    outer loop
      vertex 58.48808397169096 13.096254549171121 7
      vertex 58.370820393249936 13.141267819554184 3
      vertex 58.48808397169096 13.096254549171121 3
    endloop
  endfacet
  facet normal -0.4539904997395499 -0.8910065241883663 0
    outer loop
      vertex 58.6 13.039230484541326 7
      vertex 58.48808397169096 13.096254549171121 3
      vertex 58.6 13.039230484541326 3
    endloop
  endfacet
  facet normal -0.5446390350150169 -0.8386705679454305 0
    outer loop
      vertex 58.70534230275097 12.970820393249937 7
      vertex 58.6 13.039230484541326 3
      vertex 58.70534230275097 12.970820393249937 3
    endloop
  endfacet
  facet normal -0.6293203910498506 -0.7771459614569604 0
    outer loop
      vertex 58.80295672763063 12.891773790572874 7
      vertex 58.70534230275097 12.970820393249937 3
      vertex 58.80295672763063 12.891773790572874 3
    endloop
  endfacet
  facet normal 0.9876883405951391 0.15643446504022243 0
    outer loop
      vertex 56.826222879119435 11.750505971018688 7
      vertex 56.826222879119435 11.750505971018688 3
      vertex 56.806573725558074 11.874565844078816 7
    endloop
  endfacet
  facet normal 0.9986295347545718 0.052335956242984635 0
    outer loop
      vertex 56.806573725558074 11.874565844078816 7
      vertex 56.806573725558074 11.874565844078816 3
      vertex 56.8 12 7
    endloop
  endfacet
  facet normal 0.9986295347545718 -0.052335956242984635 0
    outer loop
      vertex 56.8 12 7
      vertex 56.8 12 3
      vertex 56.806573725558074 12.125434155921184 7
    endloop
  endfacet
  facet normal 0.9876883405951391 -0.15643446504022243 0
    outer loop
      vertex 56.806573725558074 12.125434155921184 7
      vertex 56.806573725558074 12.125434155921184 3
      vertex 56.826222879119435 12.249494028981312 7
    endloop
  endfacet
  facet normal 0.9659258262890769 -0.2588190451024888 0
    outer loop
      vertex 56.826222879119435 12.249494028981312 7
      vertex 56.826222879119435 12.249494028981312 3
      vertex 56.85873218044581 12.370820393249938 7
    endloop
  endfacet
  facet normal 0.9659258262890769 0.2588190451024888 -5.152541036667891e-19
    outer loop
      vertex 56.826222879119435 11.750505971018688 7
      vertex 56.85873218044581 11.629179606750062 7
      vertex 56.85873218044581 11.629179606750062 3
    endloop
  endfacet
  facet normal 0.9335804264971931 -0.35836794954532264 0
    outer loop
      vertex 56.85873218044581 12.370820393249938 7
      vertex 56.85873218044581 12.370820393249938 3
      vertex 56.90374545082888 12.48808397169096 7
    endloop
  endfacet
  facet normal 0.8910065241883721 -0.45399049973953864 0
    outer loop
      vertex 56.90374545082888 12.48808397169096 7
      vertex 56.90374545082888 12.48808397169096 3
      vertex 56.96076951545867 12.6 7
    endloop
  endfacet
  facet normal 0.8386705679454199 -0.5446390350150333 0
    outer loop
      vertex 56.96076951545867 12.6 7
      vertex 56.96076951545867 12.6 3
      vertex 57.02917960675006 12.705342302750967 7
    endloop
  endfacet
  facet normal 0.7771459614569577 -0.6293203910498538 0
    outer loop
      vertex 57.02917960675006 12.705342302750967 7
      vertex 57.02917960675006 12.705342302750967 3
      vertex 57.10822620942713 12.80295672763063 7
    endloop
  endfacet
  facet normal 0.7071067811865618 -0.7071067811865335 0
    outer loop
      vertex 57.10822620942713 12.80295672763063 7
      vertex 57.10822620942713 12.80295672763063 3
      vertex 57.19704327236937 12.891773790572874 7
    endloop
  endfacet
  facet normal 0.6293203910498506 -0.7771459614569604 0
    outer loop
      vertex 57.19704327236937 12.891773790572874 7
      vertex 57.19704327236937 12.891773790572874 3
      vertex 57.29465769724903 12.970820393249937 7
    endloop
  endfacet
  facet normal 0.5446390350150169 -0.8386705679454305 0
    outer loop
      vertex 57.29465769724903 12.970820393249937 7
      vertex 57.29465769724903 12.970820393249937 3
      vertex 57.4 13.039230484541326 7
    endloop
  endfacet
  facet normal 0.4539904997395499 -0.8910065241883663 0
    outer loop
      vertex 57.4 13.039230484541326 7
      vertex 57.4 13.039230484541326 3
      vertex 57.51191602830904 13.096254549171121 7
    endloop
  endfacet
  facet normal 0.35836794954528856 -0.9335804264972063 0
    outer loop
      vertex 57.51191602830904 13.096254549171121 7
      vertex 57.51191602830904 13.096254549171121 3
      vertex 57.629179606750064 13.141267819554184 7
    endloop
  endfacet
  facet normal 0.2588190451025284 -0.9659258262890662 0
    outer loop
      vertex 57.629179606750064 13.141267819554184 7
      vertex 57.629179606750064 13.141267819554184 3
      vertex 57.75050597101869 13.173777120880567 7
    endloop
  endfacet
  facet normal 0.15643446504022462 -0.9876883405951388 0
    outer loop
      vertex 57.75050597101869 13.173777120880567 7
      vertex 57.75050597101869 13.173777120880567 3
      vertex 57.874565844078816 13.193426274441928 7
    endloop
  endfacet
  facet normal 0.05233595624294233 -0.998629534754574 0
    outer loop
      vertex 57.874565844078816 13.193426274441928 7
      vertex 57.874565844078816 13.193426274441928 3
      vertex 58 13.2 7
    endloop
  endfacet
  facet normal -0.05233595624294233 -0.998629534754574 0
    outer loop
      vertex 58 13.2 7
      vertex 58 13.2 3
      vertex 58.125434155921184 13.193426274441928 7
    endloop
  endfacet
  facet normal -0.15643446504022462 -0.9876883405951388 0
    outer loop
      vertex 58.125434155921184 13.193426274441928 7
      vertex 58.125434155921184 13.193426274441928 3
      vertex 58.24949402898131 13.173777120880567 7
    endloop
  endfacet
  facet normal -0.2588190451025284 -0.9659258262890662 0
    outer loop
      vertex 58.24949402898131 13.173777120880567 7
      vertex 58.24949402898131 13.173777120880567 3
      vertex 58.370820393249936 13.141267819554184 7
    endloop
  endfacet
  facet normal -0.35836794954528856 -0.9335804264972063 0
    outer loop
      vertex 58.370820393249936 13.141267819554184 7
      vertex 58.370820393249936 13.141267819554184 3
      vertex 58.48808397169096 13.096254549171121 7
    endloop
  endfacet
  facet normal -0.4539904997395499 -0.8910065241883663 0
    outer loop
      vertex 58.48808397169096 13.096254549171121 7
      vertex 58.48808397169096 13.096254549171121 3
      vertex 58.6 13.039230484541326 7
    endloop
  endfacet
  facet normal -0.6293203910498506 -0.7771459614569604 0
    outer loop
      vertex 58.70534230275097 12.970820393249937 7
      vertex 58.70534230275097 12.970820393249937 3
      vertex 58.80295672763063 12.891773790572874 7
    endloop
  endfacet
  facet normal -0.5446390350150169 -0.8386705679454305 0
    outer loop
      vertex 58.6 13.039230484541326 7
      vertex 58.6 13.039230484541326 3
      vertex 58.70534230275097 12.970820393249937 7
    endloop
  endfacet
  facet normal -0.9659258262890769 0.2588190451024888 0
    outer loop
      vertex 59.14126781955419 11.629179606750062 7
      vertex 59.173777120880565 11.750505971018688 3
      vertex 59.14126781955419 11.629179606750062 3
    endloop
  endfacet
  facet normal -0.9659258262890769 -0.2588190451024888 0
    outer loop
      vertex 59.173777120880565 12.249494028981312 7
      vertex 59.14126781955419 12.370820393249938 3
      vertex 59.173777120880565 12.249494028981312 3
    endloop
  endfacet
  facet normal -0.9335804264971931 -0.35836794954532264 0
    outer loop
      vertex 59.14126781955419 12.370820393249938 7
      vertex 59.09625454917112 12.48808397169096 3
      vertex 59.14126781955419 12.370820393249938 3
    endloop
  endfacet
  facet normal -0.9876883405951391 0.15643446504022243 0
    outer loop
      vertex 59.173777120880565 11.750505971018688 7
      vertex 59.193426274441926 11.874565844078816 3
      vertex 59.173777120880565 11.750505971018688 3
    endloop
  endfacet
  facet normal -0.9986295347545718 0.052335956242984635 0
    outer loop
      vertex 59.193426274441926 11.874565844078816 7
      vertex 59.2 12 3
      vertex 59.193426274441926 11.874565844078816 3
    endloop
  endfacet
  facet normal -0.9986295347545718 -0.052335956242984635 0
    outer loop
      vertex 59.2 12 7
      vertex 59.193426274441926 12.125434155921184 3
      vertex 59.2 12 3
    endloop
  endfacet
  facet normal -0.9876883405951391 -0.15643446504022243 0
    outer loop
      vertex 59.193426274441926 12.125434155921184 7
      vertex 59.173777120880565 12.249494028981312 3
      vertex 59.193426274441926 12.125434155921184 3
    endloop
  endfacet
  facet normal -0.7771459614569577 -0.6293203910498538 0
    outer loop
      vertex 58.97082039324994 12.705342302750967 7
      vertex 58.89177379057287 12.80295672763063 3
      vertex 58.97082039324994 12.705342302750967 3
    endloop
  endfacet
  facet normal -0.8910065241883721 -0.45399049973953864 0
    outer loop
      vertex 59.09625454917112 12.48808397169096 7
      vertex 59.03923048454133 12.6 3
      vertex 59.09625454917112 12.48808397169096 3
    endloop
  endfacet
  facet normal -0.8386705679454199 -0.5446390350150333 0
    outer loop
      vertex 59.03923048454133 12.6 7
      vertex 58.97082039324994 12.705342302750967 3
      vertex 59.03923048454133 12.6 3
    endloop
  endfacet
  facet normal -0.7071067811865618 -0.7071067811865335 0
    outer loop
      vertex 58.89177379057287 12.80295672763063 7
      vertex 58.80295672763063 12.891773790572874 3
      vertex 58.89177379057287 12.80295672763063 3
    endloop
  endfacet
  facet normal -0.9659258262890769 0.2588190451024888 5.152541036667891e-19
    outer loop
      vertex 59.14126781955419 11.629179606750062 7
      vertex 59.173777120880565 11.750505971018688 7
      vertex 59.173777120880565 11.750505971018688 3
    endloop
  endfacet
  facet normal -0.9659258262890769 -0.2588190451024888 0
    outer loop
      vertex 59.14126781955419 12.370820393249938 7
      vertex 59.14126781955419 12.370820393249938 3
      vertex 59.173777120880565 12.249494028981312 7
    endloop
  endfacet
  facet normal -0.9876883405951391 0.15643446504022243 1.375651114398449e-19
    outer loop
      vertex 59.173777120880565 11.750505971018688 7
      vertex 59.193426274441926 11.874565844078816 7
      vertex 59.193426274441926 11.874565844078816 3
    endloop
  endfacet
  facet normal -0.9986295347545718 0.052335956242984635 -6.4951798807647225e-21
    outer loop
      vertex 59.193426274441926 11.874565844078816 7
      vertex 59.2 12 7
      vertex 59.2 12 3
    endloop
  endfacet
  facet normal -0.9986295347545718 -0.052335956242984635 6.4951798807647225e-21
    outer loop
      vertex 59.2 12 7
      vertex 59.193426274441926 12.125434155921184 7
      vertex 59.193426274441926 12.125434155921184 3
    endloop
  endfacet
  facet normal -0.9876883405951391 -0.15643446504022243 -1.375651114398449e-19
    outer loop
      vertex 59.193426274441926 12.125434155921184 7
      vertex 59.173777120880565 12.249494028981312 7
      vertex 59.173777120880565 12.249494028981312 3
    endloop
  endfacet
  facet normal -0.7771459614569577 -0.6293203910498538 0
    outer loop
      vertex 58.89177379057287 12.80295672763063 7
      vertex 58.89177379057287 12.80295672763063 3
      vertex 58.97082039324994 12.705342302750967 7
    endloop
  endfacet
  facet normal -0.8910065241883721 -0.45399049973953864 0
    outer loop
      vertex 59.03923048454133 12.6 7
      vertex 59.03923048454133 12.6 3
      vertex 59.09625454917112 12.48808397169096 7
    endloop
  endfacet
  facet normal -0.9335804264971931 -0.35836794954532264 7.64281298611957e-19
    outer loop
      vertex 59.14126781955419 12.370820393249938 7
      vertex 59.09625454917112 12.48808397169096 7
      vertex 59.09625454917112 12.48808397169096 3
    endloop
  endfacet
  facet normal -0.8386705679454199 -0.5446390350150333 4.473662754691877e-19
    outer loop
      vertex 59.03923048454133 12.6 7
      vertex 58.97082039324994 12.705342302750967 7
      vertex 58.97082039324994 12.705342302750967 3
    endloop
  endfacet
  facet normal -0.7071067811865618 -0.7071067811865335 -7.306496822473202e-19
    outer loop
      vertex 58.89177379057287 12.80295672763063 7
      vertex 58.80295672763063 12.891773790572874 7
      vertex 58.80295672763063 12.891773790572874 3
    endloop
  endfacet
  facet normal 0.8910065241883663 0.4539904997395499 0
    outer loop
      vertex 7.903745450828879 11.51191602830904 7
      vertex 7.960769515458674 11.4 3
      vertex 7.903745450828879 11.51191602830904 3
    endloop
  endfacet
  facet normal 0.9335804264972026 0.358367949545298 0
    outer loop
      vertex 7.858732180445816 11.629179606750062 7
      vertex 7.903745450828879 11.51191602830904 3
      vertex 7.858732180445816 11.629179606750062 3
    endloop
  endfacet
  facet normal 0.8386705679454264 0.5446390350150233 0
    outer loop
      vertex 7.960769515458674 11.4 7
      vertex 8.029179606750063 11.294657697249033 3
      vertex 7.960769515458674 11.4 3
    endloop
  endfacet
  facet normal 0.7771459614569715 0.6293203910498367 0
    outer loop
      vertex 8.029179606750063 11.294657697249033 7
      vertex 8.108226209427126 11.19704327236937 3
      vertex 8.029179606750063 11.294657697249033 3
    endloop
  endfacet
  facet normal 0.7071067811865476 0.7071067811865476 0
    outer loop
      vertex 8.108226209427126 11.19704327236937 7
      vertex 8.19704327236937 11.108226209427126 3
      vertex 8.108226209427126 11.19704327236937 3
    endloop
  endfacet
  facet normal 0.6293203910498367 0.7771459614569715 0
    outer loop
      vertex 8.19704327236937 11.108226209427126 7
      vertex 8.294657697249033 11.029179606750063 3
      vertex 8.19704327236937 11.108226209427126 3
    endloop
  endfacet
  facet normal 0.5446390350150233 0.8386705679454264 0
    outer loop
      vertex 8.294657697249033 11.029179606750063 7
      vertex 8.4 10.960769515458674 3
      vertex 8.294657697249033 11.029179606750063 3
    endloop
  endfacet
  facet normal 0.4539904997395499 0.8910065241883663 0
    outer loop
      vertex 8.4 10.960769515458674 7
      vertex 8.51191602830904 10.903745450828879 3
      vertex 8.4 10.960769515458674 3
    endloop
  endfacet
  facet normal 0.15643446504022462 0.9876883405951388 0
    outer loop
      vertex 8.75050597101869 10.826222879119433 7
      vertex 8.874565844078816 10.806573725558072 3
      vertex 8.75050597101869 10.826222879119433 3
    endloop
  endfacet
  facet normal 0.05233595624294233 0.998629534754574 0
    outer loop
      vertex 8.874565844078816 10.806573725558072 7
      vertex 9 10.8 3
      vertex 8.874565844078816 10.806573725558072 3
    endloop
  endfacet
  facet normal -0.05233595624294233 0.998629534754574 0
    outer loop
      vertex 9 10.8 7
      vertex 9.125434155921184 10.806573725558072 3
      vertex 9 10.8 3
    endloop
  endfacet
  facet normal -0.15643446504022462 0.9876883405951388 0
    outer loop
      vertex 9.125434155921184 10.806573725558072 7
      vertex 9.24949402898131 10.826222879119433 3
      vertex 9.125434155921184 10.806573725558072 3
    endloop
  endfacet
  facet normal 0.3583679495452933 0.9335804264972043 0
    outer loop
      vertex 8.51191602830904 10.903745450828879 7
      vertex 8.629179606750064 10.858732180445816 3
      vertex 8.51191602830904 10.903745450828879 3
    endloop
  endfacet
  facet normal 0.2588190451025284 0.9659258262890662 0
    outer loop
      vertex 8.629179606750064 10.858732180445816 7
      vertex 8.75050597101869 10.826222879119433 3
      vertex 8.629179606750064 10.858732180445816 3
    endloop
  endfacet
  facet normal 0.7771459614569715 0.6293203910498367 -7.402393825628067e-19
    outer loop
      vertex 8.029179606750063 11.294657697249033 7
      vertex 8.108226209427126 11.19704327236937 7
      vertex 8.108226209427126 11.19704327236937 3
    endloop
  endfacet
  facet normal 0.9335804264972026 0.358367949545298 0
    outer loop
      vertex 7.903745450828879 11.51191602830904 7
      vertex 7.903745450828879 11.51191602830904 3
      vertex 7.858732180445816 11.629179606750062 7
    endloop
  endfacet
  facet normal 0.8386705679454264 0.5446390350150233 0
    outer loop
      vertex 8.029179606750063 11.294657697249033 7
      vertex 8.029179606750063 11.294657697249033 3
      vertex 7.960769515458674 11.4 7
    endloop
  endfacet
  facet normal 0.8910065241883663 0.4539904997395499 0
    outer loop
      vertex 7.960769515458674 11.4 7
      vertex 7.960769515458674 11.4 3
      vertex 7.903745450828879 11.51191602830904 7
    endloop
  endfacet
  facet normal 0.7071067811865476 0.7071067811865476 -3.762124265198974e-19
    outer loop
      vertex 8.108226209427126 11.19704327236937 7
      vertex 8.19704327236937 11.108226209427126 7
      vertex 8.19704327236937 11.108226209427126 3
    endloop
  endfacet
  facet normal 0.6293203910498367 0.7771459614569715 0
    outer loop
      vertex 8.294657697249033 11.029179606750063 7
      vertex 8.294657697249033 11.029179606750063 3
      vertex 8.19704327236937 11.108226209427126 7
    endloop
  endfacet
  facet normal 0.5446390350150233 0.8386705679454264 3.038179860681505e-22
    outer loop
      vertex 8.294657697249033 11.029179606750063 7
      vertex 8.4 10.960769515458674 7
      vertex 8.4 10.960769515458674 3
    endloop
  endfacet
  facet normal 0.4539904997395499 0.8910065241883663 -6.207373606158865e-19
    outer loop
      vertex 8.4 10.960769515458674 7
      vertex 8.51191602830904 10.903745450828879 7
      vertex 8.51191602830904 10.903745450828879 3
    endloop
  endfacet
  facet normal 0.15643446504022462 0.9876883405951388 2.792905836514974e-19
    outer loop
      vertex 8.75050597101869 10.826222879119433 7
      vertex 8.874565844078816 10.806573725558072 7
      vertex 8.874565844078816 10.806573725558072 3
    endloop
  endfacet
  facet normal 0.05233595624294233 0.998629534754574 7.978561024537483e-20
    outer loop
      vertex 8.874565844078816 10.806573725558072 7
      vertex 9 10.8 7
      vertex 9 10.8 3
    endloop
  endfacet
  facet normal -0.05233595624294233 0.998629534754574 -7.978561024537483e-20
    outer loop
      vertex 9 10.8 7
      vertex 9.125434155921184 10.806573725558072 7
      vertex 9.125434155921184 10.806573725558072 3
    endloop
  endfacet
  facet normal -0.15643446504022462 0.9876883405951388 -2.792905836514974e-19
    outer loop
      vertex 9.125434155921184 10.806573725558072 7
      vertex 9.24949402898131 10.826222879119433 7
      vertex 9.24949402898131 10.826222879119433 3
    endloop
  endfacet
  facet normal 0.3583679495452933 0.9335804264972043 -7.47242534252149e-19
    outer loop
      vertex 8.51191602830904 10.903745450828879 7
      vertex 8.629179606750064 10.858732180445816 7
      vertex 8.629179606750064 10.858732180445816 3
    endloop
  endfacet
  facet normal 0.2588190451025284 0.9659258262890662 0
    outer loop
      vertex 8.75050597101869 10.826222879119433 7
      vertex 8.75050597101869 10.826222879119433 3
      vertex 8.629179606750064 10.858732180445816 7
    endloop
  endfacet
  facet normal -0.2588190451025284 0.9659258262890662 0
    outer loop
      vertex 9.24949402898131 10.826222879119433 7
      vertex 9.370820393249936 10.858732180445816 3
      vertex 9.24949402898131 10.826222879119433 3
    endloop
  endfacet
  facet normal -0.3583679495452933 0.9335804264972043 0
    outer loop
      vertex 9.370820393249936 10.858732180445816 7
      vertex 9.48808397169096 10.903745450828879 3
      vertex 9.370820393249936 10.858732180445816 3
    endloop
  endfacet
  facet normal -0.4539904997395499 0.8910065241883663 0
    outer loop
      vertex 9.48808397169096 10.903745450828879 7
      vertex 9.6 10.960769515458674 3
      vertex 9.48808397169096 10.903745450828879 3
    endloop
  endfacet
  facet normal -0.5446390350150233 0.8386705679454264 0
    outer loop
      vertex 9.6 10.960769515458674 7
      vertex 9.705342302750967 11.029179606750063 3
      vertex 9.6 10.960769515458674 3
    endloop
  endfacet
  facet normal -0.6293203910498367 0.7771459614569715 0
    outer loop
      vertex 9.705342302750967 11.029179606750063 7
      vertex 9.80295672763063 11.108226209427126 3
      vertex 9.705342302750967 11.029179606750063 3
    endloop
  endfacet
  facet normal -0.7071067811865476 0.7071067811865476 0
    outer loop
      vertex 9.80295672763063 11.108226209427126 7
      vertex 9.891773790572874 11.19704327236937 3
      vertex 9.80295672763063 11.108226209427126 3
    endloop
  endfacet
  facet normal -0.7771459614569715 0.6293203910498367 0
    outer loop
      vertex 9.891773790572874 11.19704327236937 7
      vertex 9.970820393249937 11.294657697249033 3
      vertex 9.891773790572874 11.19704327236937 3
    endloop
  endfacet
  facet normal -0.8386705679454264 0.5446390350150233 0
    outer loop
      vertex 9.970820393249937 11.294657697249033 7
      vertex 10.039230484541326 11.4 3
      vertex 9.970820393249937 11.294657697249033 3
    endloop
  endfacet
  facet normal -0.8910065241883663 0.4539904997395499 0
    outer loop
      vertex 10.039230484541326 11.4 7
      vertex 10.096254549171121 11.51191602830904 3
      vertex 10.039230484541326 11.4 3
    endloop
  endfacet
  facet normal -0.9335804264972026 0.358367949545298 0
    outer loop
      vertex 10.096254549171121 11.51191602830904 7
      vertex 10.141267819554184 11.629179606750062 3
      vertex 10.096254549171121 11.51191602830904 3
    endloop
  endfacet
  facet normal -0.2588190451025284 0.9659258262890662 -4.701774684475557e-19
    outer loop
      vertex 9.24949402898131 10.826222879119433 7
      vertex 9.370820393249936 10.858732180445816 7
      vertex 9.370820393249936 10.858732180445816 3
    endloop
  endfacet
  facet normal -0.3583679495452933 0.9335804264972043 7.47242534252149e-19
    outer loop
      vertex 9.370820393249936 10.858732180445816 7
      vertex 9.48808397169096 10.903745450828879 7
      vertex 9.48808397169096 10.903745450828879 3
    endloop
  endfacet
  facet normal -0.4539904997395499 0.8910065241883663 6.207373606158865e-19
    outer loop
      vertex 9.48808397169096 10.903745450828879 7
      vertex 9.6 10.960769515458674 7
      vertex 9.6 10.960769515458674 3
    endloop
  endfacet
  facet normal -0.5446390350150233 0.8386705679454264 -3.038179860681505e-22
    outer loop
      vertex 9.6 10.960769515458674 7
      vertex 9.705342302750967 11.029179606750063 7
      vertex 9.705342302750967 11.029179606750063 3
    endloop
  endfacet
  facet normal -0.6293203910498367 0.7771459614569715 7.402393825628067e-19
    outer loop
      vertex 9.705342302750967 11.029179606750063 7
      vertex 9.80295672763063 11.108226209427126 7
      vertex 9.80295672763063 11.108226209427126 3
    endloop
  endfacet
  facet normal -0.7071067811865476 0.7071067811865476 3.762124265198974e-19
    outer loop
      vertex 9.80295672763063 11.108226209427126 7
      vertex 9.891773790572874 11.19704327236937 7
      vertex 9.891773790572874 11.19704327236937 3
    endloop
  endfacet
  facet normal -0.7771459614569715 0.6293203910498367 7.402393825628067e-19
    outer loop
      vertex 9.891773790572874 11.19704327236937 7
      vertex 9.970820393249937 11.294657697249033 7
      vertex 9.970820393249937 11.294657697249033 3
    endloop
  endfacet
  facet normal -0.8386705679454264 0.5446390350150233 -3.038179860681505e-22
    outer loop
      vertex 9.970820393249937 11.294657697249033 7
      vertex 10.039230484541326 11.4 7
      vertex 10.039230484541326 11.4 3
    endloop
  endfacet
  facet normal -0.8910065241883663 0.4539904997395499 6.207373606158865e-19
    outer loop
      vertex 10.039230484541326 11.4 7
      vertex 10.096254549171121 11.51191602830904 7
      vertex 10.096254549171121 11.51191602830904 3
    endloop
  endfacet
  facet normal -0.9335804264972026 0.358367949545298 4.241082243541111e-19
    outer loop
      vertex 10.096254549171121 11.51191602830904 7
      vertex 10.141267819554184 11.629179606750062 7
      vertex 10.141267819554184 11.629179606750062 3
    endloop
  endfacet
  facet normal 0.9659258262890662 0.2588190451025284 0
    outer loop
      vertex 7.826222879119433 11.750505971018688 7
      vertex 7.858732180445816 11.629179606750062 3
      vertex 7.826222879119433 11.750505971018688 3
    endloop
  endfacet
  facet normal 0.9876883405951391 0.15643446504022243 0
    outer loop
      vertex 7.8065737255580725 11.874565844078816 7
      vertex 7.826222879119433 11.750505971018688 3
      vertex 7.8065737255580725 11.874565844078816 3
    endloop
  endfacet
  facet normal 0.9986295347545736 0.05233595624294937 0
    outer loop
      vertex 7.8 12 7
      vertex 7.8065737255580725 11.874565844078816 3
      vertex 7.8 12 3
    endloop
  endfacet
  facet normal 0.9986295347545736 -0.05233595624294937 0
    outer loop
      vertex 7.8065737255580725 12.125434155921184 7
      vertex 7.8 12 3
      vertex 7.8065737255580725 12.125434155921184 3
    endloop
  endfacet
  facet normal 0.9876883405951391 -0.15643446504022243 0
    outer loop
      vertex 7.826222879119433 12.249494028981312 7
      vertex 7.8065737255580725 12.125434155921184 3
      vertex 7.826222879119433 12.249494028981312 3
    endloop
  endfacet
  facet normal 0.9659258262890662 -0.2588190451025284 0
    outer loop
      vertex 7.858732180445816 12.370820393249938 7
      vertex 7.826222879119433 12.249494028981312 3
      vertex 7.858732180445816 12.370820393249938 3
    endloop
  endfacet
  facet normal 0.9335804264972026 -0.358367949545298 0
    outer loop
      vertex 7.903745450828879 12.48808397169096 7
      vertex 7.858732180445816 12.370820393249938 3
      vertex 7.903745450828879 12.48808397169096 3
    endloop
  endfacet
  facet normal 0.8910065241883663 -0.4539904997395499 0
    outer loop
      vertex 7.960769515458674 12.6 7
      vertex 7.903745450828879 12.48808397169096 3
      vertex 7.960769515458674 12.6 3
    endloop
  endfacet
  facet normal 0.8386705679454264 -0.5446390350150233 0
    outer loop
      vertex 8.029179606750063 12.705342302750967 7
      vertex 7.960769515458674 12.6 3
      vertex 8.029179606750063 12.705342302750967 3
    endloop
  endfacet
  facet normal 0.7771459614569715 -0.6293203910498367 0
    outer loop
      vertex 8.108226209427126 12.80295672763063 7
      vertex 8.029179606750063 12.705342302750967 3
      vertex 8.108226209427126 12.80295672763063 3
    endloop
  endfacet
  facet normal 0.7071067811865476 -0.7071067811865476 0
    outer loop
      vertex 8.19704327236937 12.891773790572874 7
      vertex 8.108226209427126 12.80295672763063 3
      vertex 8.19704327236937 12.891773790572874 3
    endloop
  endfacet
  facet normal 0.6293203910498367 -0.7771459614569715 0
    outer loop
      vertex 8.294657697249033 12.970820393249937 7
      vertex 8.19704327236937 12.891773790572874 3
      vertex 8.294657697249033 12.970820393249937 3
    endloop
  endfacet
  facet normal 0.5446390350150233 -0.8386705679454264 0
    outer loop
      vertex 8.4 13.039230484541326 7
      vertex 8.294657697249033 12.970820393249937 3
      vertex 8.4 13.039230484541326 3
    endloop
  endfacet
  facet normal 0.4539904997395499 -0.8910065241883663 0
    outer loop
      vertex 8.51191602830904 13.096254549171121 7
      vertex 8.4 13.039230484541326 3
      vertex 8.51191602830904 13.096254549171121 3
    endloop
  endfacet
  facet normal 0.3583679495452933 -0.9335804264972043 0
    outer loop
      vertex 8.629179606750064 13.141267819554184 7
      vertex 8.51191602830904 13.096254549171121 3
      vertex 8.629179606750064 13.141267819554184 3
    endloop
  endfacet
  facet normal 0.2588190451025284 -0.9659258262890662 0
    outer loop
      vertex 8.75050597101869 13.173777120880567 7
      vertex 8.629179606750064 13.141267819554184 3
      vertex 8.75050597101869 13.173777120880567 3
    endloop
  endfacet
  facet normal 0.15643446504022462 -0.9876883405951388 0
    outer loop
      vertex 8.874565844078816 13.193426274441928 7
      vertex 8.75050597101869 13.173777120880567 3
      vertex 8.874565844078816 13.193426274441928 3
    endloop
  endfacet
  facet normal 0.05233595624294233 -0.998629534754574 0
    outer loop
      vertex 9 13.2 7
      vertex 8.874565844078816 13.193426274441928 3
      vertex 9 13.2 3
    endloop
  endfacet
  facet normal -0.05233595624294233 -0.998629534754574 0
    outer loop
      vertex 9.125434155921184 13.193426274441928 7
      vertex 9 13.2 3
      vertex 9.125434155921184 13.193426274441928 3
    endloop
  endfacet
  facet normal -0.15643446504022462 -0.9876883405951388 0
    outer loop
      vertex 9.24949402898131 13.173777120880567 7
      vertex 9.125434155921184 13.193426274441928 3
      vertex 9.24949402898131 13.173777120880567 3
    endloop
  endfacet
  facet normal 0.9876883405951391 0.15643446504022243 0
    outer loop
      vertex 7.826222879119433 11.750505971018688 7
      vertex 7.826222879119433 11.750505971018688 3
      vertex 7.8065737255580725 11.874565844078816 7
    endloop
  endfacet
  facet normal 0.9659258262890662 0.2588190451025284 0
    outer loop
      vertex 7.858732180445816 11.629179606750062 7
      vertex 7.858732180445816 11.629179606750062 3
      vertex 7.826222879119433 11.750505971018688 7
    endloop
  endfacet
  facet normal 0.9986295347545736 0.05233595624294937 0
    outer loop
      vertex 7.8065737255580725 11.874565844078816 7
      vertex 7.8065737255580725 11.874565844078816 3
      vertex 7.8 12 7
    endloop
  endfacet
  facet normal 0.9986295347545736 -0.05233595624294937 0
    outer loop
      vertex 7.8 12 7
      vertex 7.8 12 3
      vertex 7.8065737255580725 12.125434155921184 7
    endloop
  endfacet
  facet normal 0.9876883405951391 -0.15643446504022243 0
    outer loop
      vertex 7.8065737255580725 12.125434155921184 7
      vertex 7.8065737255580725 12.125434155921184 3
      vertex 7.826222879119433 12.249494028981312 7
    endloop
  endfacet
  facet normal 0.9659258262890662 -0.2588190451025284 0
    outer loop
      vertex 7.826222879119433 12.249494028981312 7
      vertex 7.826222879119433 12.249494028981312 3
      vertex 7.858732180445816 12.370820393249938 7
    endloop
  endfacet
  facet normal 0.9335804264972026 -0.358367949545298 0
    outer loop
      vertex 7.858732180445816 12.370820393249938 7
      vertex 7.858732180445816 12.370820393249938 3
      vertex 7.903745450828879 12.48808397169096 7
    endloop
  endfacet
  facet normal 0.8910065241883663 -0.4539904997395499 0
    outer loop
      vertex 7.903745450828879 12.48808397169096 7
      vertex 7.903745450828879 12.48808397169096 3
      vertex 7.960769515458674 12.6 7
    endloop
  endfacet
  facet normal 0.8386705679454264 -0.5446390350150233 0
    outer loop
      vertex 7.960769515458674 12.6 7
      vertex 7.960769515458674 12.6 3
      vertex 8.029179606750063 12.705342302750967 7
    endloop
  endfacet
  facet normal 0.7771459614569715 -0.6293203910498367 0
    outer loop
      vertex 8.029179606750063 12.705342302750967 7
      vertex 8.029179606750063 12.705342302750967 3
      vertex 8.108226209427126 12.80295672763063 7
    endloop
  endfacet
  facet normal 0.7071067811865476 -0.7071067811865476 0
    outer loop
      vertex 8.108226209427126 12.80295672763063 7
      vertex 8.108226209427126 12.80295672763063 3
      vertex 8.19704327236937 12.891773790572874 7
    endloop
  endfacet
  facet normal 0.6293203910498367 -0.7771459614569715 0
    outer loop
      vertex 8.19704327236937 12.891773790572874 7
      vertex 8.19704327236937 12.891773790572874 3
      vertex 8.294657697249033 12.970820393249937 7
    endloop
  endfacet
  facet normal 0.5446390350150233 -0.8386705679454264 0
    outer loop
      vertex 8.294657697249033 12.970820393249937 7
      vertex 8.294657697249033 12.970820393249937 3
      vertex 8.4 13.039230484541326 7
    endloop
  endfacet
  facet normal 0.4539904997395499 -0.8910065241883663 0
    outer loop
      vertex 8.4 13.039230484541326 7
      vertex 8.4 13.039230484541326 3
      vertex 8.51191602830904 13.096254549171121 7
    endloop
  endfacet
  facet normal 0.3583679495452933 -0.9335804264972043 0
    outer loop
      vertex 8.51191602830904 13.096254549171121 7
      vertex 8.51191602830904 13.096254549171121 3
      vertex 8.629179606750064 13.141267819554184 7
    endloop
  endfacet
  facet normal 0.2588190451025284 -0.9659258262890662 0
    outer loop
      vertex 8.629179606750064 13.141267819554184 7
      vertex 8.629179606750064 13.141267819554184 3
      vertex 8.75050597101869 13.173777120880567 7
    endloop
  endfacet
  facet normal 0.15643446504022462 -0.9876883405951388 0
    outer loop
      vertex 8.75050597101869 13.173777120880567 7
      vertex 8.75050597101869 13.173777120880567 3
      vertex 8.874565844078816 13.193426274441928 7
    endloop
  endfacet
  facet normal 0.05233595624294233 -0.998629534754574 0
    outer loop
      vertex 8.874565844078816 13.193426274441928 7
      vertex 8.874565844078816 13.193426274441928 3
      vertex 9 13.2 7
    endloop
  endfacet
  facet normal -0.05233595624294233 -0.998629534754574 0
    outer loop
      vertex 9 13.2 7
      vertex 9 13.2 3
      vertex 9.125434155921184 13.193426274441928 7
    endloop
  endfacet
  facet normal -0.15643446504022462 -0.9876883405951388 0
    outer loop
      vertex 9.125434155921184 13.193426274441928 7
      vertex 9.125434155921184 13.193426274441928 3
      vertex 9.24949402898131 13.173777120880567 7
    endloop
  endfacet
  facet normal -0.2588190451025284 -0.9659258262890662 0
    outer loop
      vertex 9.370820393249936 13.141267819554184 7
      vertex 9.24949402898131 13.173777120880567 3
      vertex 9.370820393249936 13.141267819554184 3
    endloop
  endfacet
  facet normal -0.3583679495452933 -0.9335804264972043 0
    outer loop
      vertex 9.48808397169096 13.096254549171121 7
      vertex 9.370820393249936 13.141267819554184 3
      vertex 9.48808397169096 13.096254549171121 3
    endloop
  endfacet
  facet normal -0.4539904997395499 -0.8910065241883663 0
    outer loop
      vertex 9.6 13.039230484541326 7
      vertex 9.48808397169096 13.096254549171121 3
      vertex 9.6 13.039230484541326 3
    endloop
  endfacet
  facet normal -0.7771459614569715 -0.6293203910498367 0
    outer loop
      vertex 9.970820393249937 12.705342302750967 7
      vertex 9.891773790572874 12.80295672763063 3
      vertex 9.970820393249937 12.705342302750967 3
    endloop
  endfacet
  facet normal -0.8386705679454264 -0.5446390350150233 0
    outer loop
      vertex 10.039230484541326 12.6 7
      vertex 9.970820393249937 12.705342302750967 3
      vertex 10.039230484541326 12.6 3
    endloop
  endfacet
  facet normal -0.5446390350150233 -0.8386705679454264 0
    outer loop
      vertex 9.705342302750967 12.970820393249937 7
      vertex 9.6 13.039230484541326 3
      vertex 9.705342302750967 12.970820393249937 3
    endloop
  endfacet
  facet normal -0.6293203910498367 -0.7771459614569715 0
    outer loop
      vertex 9.80295672763063 12.891773790572874 7
      vertex 9.705342302750967 12.970820393249937 3
      vertex 9.80295672763063 12.891773790572874 3
    endloop
  endfacet
  facet normal -0.7071067811865476 -0.7071067811865476 0
    outer loop
      vertex 9.891773790572874 12.80295672763063 7
      vertex 9.80295672763063 12.891773790572874 3
      vertex 9.891773790572874 12.80295672763063 3
    endloop
  endfacet
  facet normal -0.9659258262890662 0.2588190451025284 0
    outer loop
      vertex 10.141267819554184 11.629179606750062 7
      vertex 10.173777120880567 11.750505971018688 3
      vertex 10.141267819554184 11.629179606750062 3
    endloop
  endfacet
  facet normal -0.9876883405951391 0.15643446504022243 0
    outer loop
      vertex 10.173777120880567 11.750505971018688 7
      vertex 10.193426274441928 11.874565844078816 3
      vertex 10.173777120880567 11.750505971018688 3
    endloop
  endfacet
  facet normal -0.998629534754574 0.05233595624294233 0
    outer loop
      vertex 10.193426274441928 11.874565844078816 7
      vertex 10.2 12 3
      vertex 10.193426274441928 11.874565844078816 3
    endloop
  endfacet
  facet normal -0.998629534754574 -0.05233595624294233 0
    outer loop
      vertex 10.2 12 7
      vertex 10.193426274441928 12.125434155921184 3
      vertex 10.2 12 3
    endloop
  endfacet
  facet normal -0.9876883405951391 -0.15643446504022243 0
    outer loop
      vertex 10.193426274441928 12.125434155921184 7
      vertex 10.173777120880567 12.249494028981312 3
      vertex 10.193426274441928 12.125434155921184 3
    endloop
  endfacet
  facet normal -0.9335804264972026 -0.358367949545298 0
    outer loop
      vertex 10.141267819554184 12.370820393249938 7
      vertex 10.096254549171121 12.48808397169096 3
      vertex 10.141267819554184 12.370820393249938 3
    endloop
  endfacet
  facet normal -0.9659258262890662 -0.2588190451025284 0
    outer loop
      vertex 10.173777120880567 12.249494028981312 7
      vertex 10.141267819554184 12.370820393249938 3
      vertex 10.173777120880567 12.249494028981312 3
    endloop
  endfacet
  facet normal -0.8910065241883663 -0.4539904997395499 0
    outer loop
      vertex 10.096254549171121 12.48808397169096 7
      vertex 10.039230484541326 12.6 3
      vertex 10.096254549171121 12.48808397169096 3
    endloop
  endfacet
  facet normal -0.2588190451025284 -0.9659258262890662 0
    outer loop
      vertex 9.24949402898131 13.173777120880567 7
      vertex 9.24949402898131 13.173777120880567 3
      vertex 9.370820393249936 13.141267819554184 7
    endloop
  endfacet
  facet normal -0.3583679495452933 -0.9335804264972043 0
    outer loop
      vertex 9.370820393249936 13.141267819554184 7
      vertex 9.370820393249936 13.141267819554184 3
      vertex 9.48808397169096 13.096254549171121 7
    endloop
  endfacet
  facet normal -0.4539904997395499 -0.8910065241883663 0
    outer loop
      vertex 9.48808397169096 13.096254549171121 7
      vertex 9.48808397169096 13.096254549171121 3
      vertex 9.6 13.039230484541326 7
    endloop
  endfacet
  facet normal -0.5446390350150233 -0.8386705679454264 0
    outer loop
      vertex 9.6 13.039230484541326 7
      vertex 9.6 13.039230484541326 3
      vertex 9.705342302750967 12.970820393249937 7
    endloop
  endfacet
  facet normal -0.7771459614569715 -0.6293203910498367 0
    outer loop
      vertex 9.891773790572874 12.80295672763063 7
      vertex 9.891773790572874 12.80295672763063 3
      vertex 9.970820393249937 12.705342302750967 7
    endloop
  endfacet
  facet normal -0.8386705679454264 -0.5446390350150233 3.038179860681505e-22
    outer loop
      vertex 10.039230484541326 12.6 7
      vertex 9.970820393249937 12.705342302750967 7
      vertex 9.970820393249937 12.705342302750967 3
    endloop
  endfacet
  facet normal -0.6293203910498367 -0.7771459614569715 0
    outer loop
      vertex 9.705342302750967 12.970820393249937 7
      vertex 9.705342302750967 12.970820393249937 3
      vertex 9.80295672763063 12.891773790572874 7
    endloop
  endfacet
  facet normal -0.7071067811865476 -0.7071067811865476 -3.762124265198974e-19
    outer loop
      vertex 9.891773790572874 12.80295672763063 7
      vertex 9.80295672763063 12.891773790572874 7
      vertex 9.80295672763063 12.891773790572874 3
    endloop
  endfacet
  facet normal -0.9659258262890662 0.2588190451025284 -4.701774684475557e-19
    outer loop
      vertex 10.141267819554184 11.629179606750062 7
      vertex 10.173777120880567 11.750505971018688 7
      vertex 10.173777120880567 11.750505971018688 3
    endloop
  endfacet
  facet normal -0.9876883405951391 0.15643446504022243 1.375651114398449e-19
    outer loop
      vertex 10.173777120880567 11.750505971018688 7
      vertex 10.193426274441928 11.874565844078816 7
      vertex 10.193426274441928 11.874565844078816 3
    endloop
  endfacet
  facet normal -0.998629534754574 0.05233595624294233 -7.978561024537483e-20
    outer loop
      vertex 10.193426274441928 11.874565844078816 7
      vertex 10.2 12 7
      vertex 10.2 12 3
    endloop
  endfacet
  facet normal -0.998629534754574 -0.05233595624294233 7.978561024537483e-20
    outer loop
      vertex 10.2 12 7
      vertex 10.193426274441928 12.125434155921184 7
      vertex 10.193426274441928 12.125434155921184 3
    endloop
  endfacet
  facet normal -0.9876883405951391 -0.15643446504022243 -1.375651114398449e-19
    outer loop
      vertex 10.193426274441928 12.125434155921184 7
      vertex 10.173777120880567 12.249494028981312 7
      vertex 10.173777120880567 12.249494028981312 3
    endloop
  endfacet
  facet normal -0.9659258262890662 -0.2588190451025284 4.701774684475557e-19
    outer loop
      vertex 10.173777120880567 12.249494028981312 7
      vertex 10.141267819554184 12.370820393249938 7
      vertex 10.141267819554184 12.370820393249938 3
    endloop
  endfacet
  facet normal -0.9335804264972026 -0.358367949545298 -4.241082243541111e-19
    outer loop
      vertex 10.141267819554184 12.370820393249938 7
      vertex 10.096254549171121 12.48808397169096 7
      vertex 10.096254549171121 12.48808397169096 3
    endloop
  endfacet
  facet normal -0.8910065241883663 -0.4539904997395499 0
    outer loop
      vertex 10.039230484541326 12.6 7
      vertex 10.039230484541326 12.6 3
      vertex 10.096254549171121 12.48808397169096 7
    endloop
  endfacet
  facet normal 0.7071067811865335 0.7071067811865618 0
    outer loop
      vertex 8.108226209427126 69.19704327236937 7
      vertex 8.19704327236937 69.10822620942713 3
      vertex 8.108226209427126 69.19704327236937 3
    endloop
  endfacet
  facet normal 0.6293203910498538 0.7771459614569577 0
    outer loop
      vertex 8.19704327236937 69.10822620942713 7
      vertex 8.294657697249033 69.02917960675006 3
      vertex 8.19704327236937 69.10822620942713 3
    endloop
  endfacet
  facet normal 0.5446390350149936 0.8386705679454458 0
    outer loop
      vertex 8.294657697249033 69.02917960675006 7
      vertex 8.4 68.96076951545868 3
      vertex 8.294657697249033 69.02917960675006 3
    endloop
  endfacet
  facet normal 0.4539904997395835 0.891006524188349 0
    outer loop
      vertex 8.4 68.96076951545868 7
      vertex 8.51191602830904 68.90374545082888 3
      vertex 8.4 68.96076951545868 3
    endloop
  endfacet
  facet normal 0.8910065241883663 0.4539904997395499 0
    outer loop
      vertex 7.903745450828879 69.51191602830905 7
      vertex 7.960769515458674 69.4 3
      vertex 7.903745450828879 69.51191602830905 3
    endloop
  endfacet
  facet normal 0.9335804264971918 0.3583679495453264 0
    outer loop
      vertex 7.858732180445816 69.62917960675006 7
      vertex 7.903745450828879 69.51191602830905 3
      vertex 7.858732180445816 69.62917960675006 3
    endloop
  endfacet
  facet normal 0.8386705679454305 0.5446390350150169 0
    outer loop
      vertex 7.960769515458674 69.4 7
      vertex 8.029179606750063 69.29465769724904 3
      vertex 7.960769515458674 69.4 3
    endloop
  endfacet
  facet normal 0.7771459614569827 0.629320391049823 0
    outer loop
      vertex 8.029179606750063 69.29465769724904 7
      vertex 8.108226209427126 69.19704327236937 3
      vertex 8.029179606750063 69.29465769724904 3
    endloop
  endfacet
  facet normal 0.9659258262890662 0.2588190451025284 0
    outer loop
      vertex 7.826222879119433 69.75050597101868 7
      vertex 7.858732180445816 69.62917960675006 3
      vertex 7.826222879119433 69.75050597101868 3
    endloop
  endfacet
  facet normal 0.9876883405951401 0.15643446504021588 0
    outer loop
      vertex 7.8065737255580725 69.87456584407882 7
      vertex 7.826222879119433 69.75050597101868 3
      vertex 7.8065737255580725 69.87456584407882 3
    endloop
  endfacet
  facet normal 0.9986295347545736 0.05233595624294937 0
    outer loop
      vertex 7.8 70 7
      vertex 7.8065737255580725 69.87456584407882 3
      vertex 7.8 70 3
    endloop
  endfacet
  facet normal 0.15643446504022462 0.9876883405951388 0
    outer loop
      vertex 8.75050597101869 68.82622287911943 7
      vertex 8.874565844078816 68.80657372555807 3
      vertex 8.75050597101869 68.82622287911943 3
    endloop
  endfacet
  facet normal 0.358367949545318 0.9335804264971951 0
    outer loop
      vertex 8.51191602830904 68.90374545082888 7
      vertex 8.629179606750064 68.85873218044581 3
      vertex 8.51191602830904 68.90374545082888 3
    endloop
  endfacet
  facet normal 0.2588190451025416 0.9659258262890628 0
    outer loop
      vertex 8.629179606750064 68.85873218044581 7
      vertex 8.75050597101869 68.82622287911943 3
      vertex 8.629179606750064 68.85873218044581 3
    endloop
  endfacet
  facet normal 0.052335956242928215 0.9986295347545747 0
    outer loop
      vertex 8.874565844078816 68.80657372555807 7
      vertex 9 68.8 3
      vertex 8.874565844078816 68.80657372555807 3
    endloop
  endfacet
  facet normal -0.052335956242928215 0.9986295347545747 0
    outer loop
      vertex 9 68.8 7
      vertex 9.125434155921184 68.80657372555807 3
      vertex 9 68.8 3
    endloop
  endfacet
  facet normal -0.15643446504022462 0.9876883405951388 0
    outer loop
      vertex 9.125434155921184 68.80657372555807 7
      vertex 9.24949402898131 68.82622287911943 3
      vertex 9.125434155921184 68.80657372555807 3
    endloop
  endfacet
  facet normal 0.9986295347545736 -0.05233595624294937 0
    outer loop
      vertex 7.8065737255580725 70.12543415592118 7
      vertex 7.8 70 3
      vertex 7.8065737255580725 70.12543415592118 3
    endloop
  endfacet
  facet normal 0.9876883405951401 -0.15643446504021588 0
    outer loop
      vertex 7.826222879119433 70.24949402898132 7
      vertex 7.8065737255580725 70.12543415592118 3
      vertex 7.826222879119433 70.24949402898132 3
    endloop
  endfacet
  facet normal 0.9659258262890662 -0.2588190451025284 0
    outer loop
      vertex 7.858732180445816 70.37082039324994 7
      vertex 7.826222879119433 70.24949402898132 3
      vertex 7.858732180445816 70.37082039324994 3
    endloop
  endfacet
  facet normal 0.9335804264971918 -0.3583679495453264 0
    outer loop
      vertex 7.903745450828879 70.48808397169095 7
      vertex 7.858732180445816 70.37082039324994 3
      vertex 7.903745450828879 70.48808397169095 3
    endloop
  endfacet
  facet normal 0.8910065241883663 -0.4539904997395499 0
    outer loop
      vertex 7.960769515458674 70.6 7
      vertex 7.903745450828879 70.48808397169095 3
      vertex 7.960769515458674 70.6 3
    endloop
  endfacet
  facet normal 0.8386705679454305 -0.5446390350150169 0
    outer loop
      vertex 8.029179606750063 70.70534230275096 7
      vertex 7.960769515458674 70.6 3
      vertex 8.029179606750063 70.70534230275096 3
    endloop
  endfacet
  facet normal 0.7771459614569827 -0.629320391049823 0
    outer loop
      vertex 8.108226209427126 70.80295672763063 7
      vertex 8.029179606750063 70.70534230275096 3
      vertex 8.108226209427126 70.80295672763063 3
    endloop
  endfacet
  facet normal 0.7071067811865335 -0.7071067811865618 0
    outer loop
      vertex 8.19704327236937 70.89177379057287 7
      vertex 8.108226209427126 70.80295672763063 3
      vertex 8.19704327236937 70.89177379057287 3
    endloop
  endfacet
  facet normal 0.6293203910498538 -0.7771459614569577 0
    outer loop
      vertex 8.294657697249033 70.97082039324994 7
      vertex 8.19704327236937 70.89177379057287 3
      vertex 8.294657697249033 70.97082039324994 3
    endloop
  endfacet
  facet normal 0.5446390350149936 -0.8386705679454458 0
    outer loop
      vertex 8.4 71.03923048454132 7
      vertex 8.294657697249033 70.97082039324994 3
      vertex 8.4 71.03923048454132 3
    endloop
  endfacet
  facet normal 0.4539904997395835 -0.891006524188349 0
    outer loop
      vertex 8.51191602830904 71.09625454917112 7
      vertex 8.4 71.03923048454132 3
      vertex 8.51191602830904 71.09625454917112 3
    endloop
  endfacet
  facet normal 0.358367949545318 -0.9335804264971951 0
    outer loop
      vertex 8.629179606750064 71.14126781955419 7
      vertex 8.51191602830904 71.09625454917112 3
      vertex 8.629179606750064 71.14126781955419 3
    endloop
  endfacet
  facet normal 0.2588190451025416 -0.9659258262890628 0
    outer loop
      vertex 8.75050597101869 71.17377712088057 7
      vertex 8.629179606750064 71.14126781955419 3
      vertex 8.75050597101869 71.17377712088057 3
    endloop
  endfacet
  facet normal 0.15643446504022462 -0.9876883405951388 0
    outer loop
      vertex 8.874565844078816 71.19342627444193 7
      vertex 8.75050597101869 71.17377712088057 3
      vertex 8.874565844078816 71.19342627444193 3
    endloop
  endfacet
  facet normal 0.052335956242928215 -0.9986295347545747 0
    outer loop
      vertex 9 71.2 7
      vertex 8.874565844078816 71.19342627444193 3
      vertex 9 71.2 3
    endloop
  endfacet
  facet normal -0.052335956242928215 -0.9986295347545747 0
    outer loop
      vertex 9.125434155921184 71.19342627444193 7
      vertex 9 71.2 3
      vertex 9.125434155921184 71.19342627444193 3
    endloop
  endfacet
  facet normal -0.15643446504022462 -0.9876883405951388 0
    outer loop
      vertex 9.24949402898131 71.17377712088057 7
      vertex 9.125434155921184 71.19342627444193 3
      vertex 9.24949402898131 71.17377712088057 3
    endloop
  endfacet
  facet normal 0.7071067811865335 0.7071067811865618 -7.306496822473202e-19
    outer loop
      vertex 8.108226209427126 69.19704327236937 7
      vertex 8.19704327236937 69.10822620942713 7
      vertex 8.19704327236937 69.10822620942713 3
    endloop
  endfacet
  facet normal 0.6293203910498538 0.7771459614569577 0
    outer loop
      vertex 8.294657697249033 69.02917960675006 7
      vertex 8.294657697249033 69.02917960675006 3
      vertex 8.19704327236937 69.10822620942713 7
    endloop
  endfacet
  facet normal 0.5446390350149936 0.8386705679454458 3.8546650248518396e-19
    outer loop
      vertex 8.294657697249033 69.02917960675006 7
      vertex 8.4 68.96076951545868 7
      vertex 8.4 68.96076951545868 3
    endloop
  endfacet
  facet normal 0.4539904997395835 0.891006524188349 4.895192574535658e-20
    outer loop
      vertex 8.4 68.96076951545868 7
      vertex 8.51191602830904 68.90374545082888 7
      vertex 8.51191602830904 68.90374545082888 3
    endloop
  endfacet
  facet normal 0.9335804264971918 0.3583679495453264 0
    outer loop
      vertex 7.903745450828879 69.51191602830905 7
      vertex 7.903745450828879 69.51191602830905 3
      vertex 7.858732180445816 69.62917960675006 7
    endloop
  endfacet
  facet normal 0.8386705679454305 0.5446390350150169 0
    outer loop
      vertex 8.029179606750063 69.29465769724904 7
      vertex 8.029179606750063 69.29465769724904 3
      vertex 7.960769515458674 69.4 7
    endloop
  endfacet
  facet normal 0.7771459614569827 0.629320391049823 0
    outer loop
      vertex 8.108226209427126 69.19704327236937 7
      vertex 8.108226209427126 69.19704327236937 3
      vertex 8.029179606750063 69.29465769724904 7
    endloop
  endfacet
  facet normal 0.8910065241883663 0.4539904997395499 0
    outer loop
      vertex 7.960769515458674 69.4 7
      vertex 7.960769515458674 69.4 3
      vertex 7.903745450828879 69.51191602830905 7
    endloop
  endfacet
  facet normal 0.9876883405951401 0.15643446504021588 0
    outer loop
      vertex 7.826222879119433 69.75050597101868 7
      vertex 7.826222879119433 69.75050597101868 3
      vertex 7.8065737255580725 69.87456584407882 7
    endloop
  endfacet
  facet normal 0.9659258262890662 0.2588190451025284 0
    outer loop
      vertex 7.858732180445816 69.62917960675006 7
      vertex 7.858732180445816 69.62917960675006 3
      vertex 7.826222879119433 69.75050597101868 7
    endloop
  endfacet
  facet normal 0.9986295347545736 0.05233595624294937 0
    outer loop
      vertex 7.8065737255580725 69.87456584407882 7
      vertex 7.8065737255580725 69.87456584407882 3
      vertex 7.8 70 7
    endloop
  endfacet
  facet normal 0.15643446504022462 0.9876883405951388 2.792905836514974e-19
    outer loop
      vertex 8.75050597101869 68.82622287911943 7
      vertex 8.874565844078816 68.80657372555807 7
      vertex 8.874565844078816 68.80657372555807 3
    endloop
  endfacet
  facet normal 0.358367949545318 0.9335804264971951 4.411469887013459e-19
    outer loop
      vertex 8.51191602830904 68.90374545082888 7
      vertex 8.629179606750064 68.85873218044581 7
      vertex 8.629179606750064 68.85873218044581 3
    endloop
  endfacet
  facet normal 0.2588190451025416 0.9659258262890628 0
    outer loop
      vertex 8.75050597101869 68.82622287911943 7
      vertex 8.75050597101869 68.82622287911943 3
      vertex 8.629179606750064 68.85873218044581 7
    endloop
  endfacet
  facet normal 0.052335956242928215 0.9986295347545747 1.0421575370024493e-19
    outer loop
      vertex 8.874565844078816 68.80657372555807 7
      vertex 9 68.8 7
      vertex 9 68.8 3
    endloop
  endfacet
  facet normal -0.052335956242928215 0.9986295347545747 -1.0421575370024493e-19
    outer loop
      vertex 9 68.8 7
      vertex 9.125434155921184 68.80657372555807 7
      vertex 9.125434155921184 68.80657372555807 3
    endloop
  endfacet
  facet normal -0.15643446504022462 0.9876883405951388 -2.792905836514974e-19
    outer loop
      vertex 9.125434155921184 68.80657372555807 7
      vertex 9.24949402898131 68.82622287911943 7
      vertex 9.24949402898131 68.82622287911943 3
    endloop
  endfacet
  facet normal 0.9986295347545736 -0.05233595624294937 0
    outer loop
      vertex 7.8 70 7
      vertex 7.8 70 3
      vertex 7.8065737255580725 70.12543415592118 7
    endloop
  endfacet
  facet normal 0.9876883405951401 -0.15643446504021588 0
    outer loop
      vertex 7.8065737255580725 70.12543415592118 7
      vertex 7.8065737255580725 70.12543415592118 3
      vertex 7.826222879119433 70.24949402898132 7
    endloop
  endfacet
  facet normal 0.9659258262890662 -0.2588190451025284 0
    outer loop
      vertex 7.826222879119433 70.24949402898132 7
      vertex 7.826222879119433 70.24949402898132 3
      vertex 7.858732180445816 70.37082039324994 7
    endloop
  endfacet
  facet normal 0.9335804264971918 -0.3583679495453264 0
    outer loop
      vertex 7.858732180445816 70.37082039324994 7
      vertex 7.858732180445816 70.37082039324994 3
      vertex 7.903745450828879 70.48808397169095 7
    endloop
  endfacet
  facet normal 0.8910065241883663 -0.4539904997395499 0
    outer loop
      vertex 7.903745450828879 70.48808397169095 7
      vertex 7.903745450828879 70.48808397169095 3
      vertex 7.960769515458674 70.6 7
    endloop
  endfacet
  facet normal 0.8386705679454305 -0.5446390350150169 0
    outer loop
      vertex 7.960769515458674 70.6 7
      vertex 7.960769515458674 70.6 3
      vertex 8.029179606750063 70.70534230275096 7
    endloop
  endfacet
  facet normal 0.7771459614569827 -0.629320391049823 0
    outer loop
      vertex 8.029179606750063 70.70534230275096 7
      vertex 8.029179606750063 70.70534230275096 3
      vertex 8.108226209427126 70.80295672763063 7
    endloop
  endfacet
  facet normal 0.7071067811865335 -0.7071067811865618 0
    outer loop
      vertex 8.108226209427126 70.80295672763063 7
      vertex 8.108226209427126 70.80295672763063 3
      vertex 8.19704327236937 70.89177379057287 7
    endloop
  endfacet
  facet normal 0.6293203910498538 -0.7771459614569577 0
    outer loop
      vertex 8.19704327236937 70.89177379057287 7
      vertex 8.19704327236937 70.89177379057287 3
      vertex 8.294657697249033 70.97082039324994 7
    endloop
  endfacet
  facet normal 0.5446390350149936 -0.8386705679454458 0
    outer loop
      vertex 8.294657697249033 70.97082039324994 7
      vertex 8.294657697249033 70.97082039324994 3
      vertex 8.4 71.03923048454132 7
    endloop
  endfacet
  facet normal 0.4539904997395835 -0.891006524188349 0
    outer loop
      vertex 8.4 71.03923048454132 7
      vertex 8.4 71.03923048454132 3
      vertex 8.51191602830904 71.09625454917112 7
    endloop
  endfacet
  facet normal 0.358367949545318 -0.9335804264971951 0
    outer loop
      vertex 8.51191602830904 71.09625454917112 7
      vertex 8.51191602830904 71.09625454917112 3
      vertex 8.629179606750064 71.14126781955419 7
    endloop
  endfacet
  facet normal 0.2588190451025416 -0.9659258262890628 0
    outer loop
      vertex 8.629179606750064 71.14126781955419 7
      vertex 8.629179606750064 71.14126781955419 3
      vertex 8.75050597101869 71.17377712088057 7
    endloop
  endfacet
  facet normal 0.15643446504022462 -0.9876883405951388 0
    outer loop
      vertex 8.75050597101869 71.17377712088057 7
      vertex 8.75050597101869 71.17377712088057 3
      vertex 8.874565844078816 71.19342627444193 7
    endloop
  endfacet
  facet normal 0.052335956242928215 -0.9986295347545747 0
    outer loop
      vertex 8.874565844078816 71.19342627444193 7
      vertex 8.874565844078816 71.19342627444193 3
      vertex 9 71.2 7
    endloop
  endfacet
  facet normal -0.052335956242928215 -0.9986295347545747 1.0421575370024493e-19
    outer loop
      vertex 9.125434155921184 71.19342627444193 7
      vertex 9 71.2 7
      vertex 9 71.2 3
    endloop
  endfacet
  facet normal -0.15643446504022462 -0.9876883405951388 0
    outer loop
      vertex 9.125434155921184 71.19342627444193 7
      vertex 9.125434155921184 71.19342627444193 3
      vertex 9.24949402898131 71.17377712088057 7
    endloop
  endfacet
  facet normal -0.2588190451025416 0.9659258262890628 0
    outer loop
      vertex 9.24949402898131 68.82622287911943 7
      vertex 9.370820393249936 68.85873218044581 3
      vertex 9.24949402898131 68.82622287911943 3
    endloop
  endfacet
  facet normal -0.358367949545318 0.9335804264971951 0
    outer loop
      vertex 9.370820393249936 68.85873218044581 7
      vertex 9.48808397169096 68.90374545082888 3
      vertex 9.370820393249936 68.85873218044581 3
    endloop
  endfacet
  facet normal -0.4539904997395835 0.891006524188349 0
    outer loop
      vertex 9.48808397169096 68.90374545082888 7
      vertex 9.6 68.96076951545868 3
      vertex 9.48808397169096 68.90374545082888 3
    endloop
  endfacet
  facet normal -0.5446390350149936 0.8386705679454458 0
    outer loop
      vertex 9.6 68.96076951545868 7
      vertex 9.705342302750967 69.02917960675006 3
      vertex 9.6 68.96076951545868 3
    endloop
  endfacet
  facet normal -0.6293203910498538 0.7771459614569577 0
    outer loop
      vertex 9.705342302750967 69.02917960675006 7
      vertex 9.80295672763063 69.10822620942713 3
      vertex 9.705342302750967 69.02917960675006 3
    endloop
  endfacet
  facet normal -0.7071067811865335 0.7071067811865618 0
    outer loop
      vertex 9.80295672763063 69.10822620942713 7
      vertex 9.891773790572874 69.19704327236937 3
      vertex 9.80295672763063 69.10822620942713 3
    endloop
  endfacet
  facet normal -0.7771459614569827 0.629320391049823 0
    outer loop
      vertex 9.891773790572874 69.19704327236937 7
      vertex 9.970820393249937 69.29465769724904 3
      vertex 9.891773790572874 69.19704327236937 3
    endloop
  endfacet
  facet normal -0.8386705679454305 0.5446390350150169 0
    outer loop
      vertex 9.970820393249937 69.29465769724904 7
      vertex 10.039230484541326 69.4 3
      vertex 9.970820393249937 69.29465769724904 3
    endloop
  endfacet
  facet normal -0.8910065241883663 0.4539904997395499 0
    outer loop
      vertex 10.039230484541326 69.4 7
      vertex 10.096254549171121 69.51191602830905 3
      vertex 10.039230484541326 69.4 3
    endloop
  endfacet
  facet normal -0.9335804264971918 0.3583679495453264 0
    outer loop
      vertex 10.096254549171121 69.51191602830905 7
      vertex 10.141267819554184 69.62917960675006 3
      vertex 10.096254549171121 69.51191602830905 3
    endloop
  endfacet
  facet normal -0.9659258262890662 0.2588190451025284 0
    outer loop
      vertex 10.141267819554184 69.62917960675006 7
      vertex 10.173777120880567 69.75050597101868 3
      vertex 10.141267819554184 69.62917960675006 3
    endloop
  endfacet
  facet normal -0.9876883405951401 0.15643446504021588 0
    outer loop
      vertex 10.173777120880567 69.75050597101868 7
      vertex 10.193426274441928 69.87456584407882 3
      vertex 10.173777120880567 69.75050597101868 3
    endloop
  endfacet
  facet normal -0.998629534754574 0.05233595624294233 0
    outer loop
      vertex 10.193426274441928 69.87456584407882 7
      vertex 10.2 70 3
      vertex 10.193426274441928 69.87456584407882 3
    endloop
  endfacet
  facet normal -0.7771459614569827 -0.629320391049823 0
    outer loop
      vertex 9.970820393249937 70.70534230275096 7
      vertex 9.891773790572874 70.80295672763063 3
      vertex 9.970820393249937 70.70534230275096 3
    endloop
  endfacet
  facet normal -0.8386705679454305 -0.5446390350150169 0
    outer loop
      vertex 10.039230484541326 70.6 7
      vertex 9.970820393249937 70.70534230275096 3
      vertex 10.039230484541326 70.6 3
    endloop
  endfacet
  facet normal -0.2588190451025416 -0.9659258262890628 0
    outer loop
      vertex 9.370820393249936 71.14126781955419 7
      vertex 9.24949402898131 71.17377712088057 3
      vertex 9.370820393249936 71.14126781955419 3
    endloop
  endfacet
  facet normal -0.358367949545318 -0.9335804264971951 0
    outer loop
      vertex 9.48808397169096 71.09625454917112 7
      vertex 9.370820393249936 71.14126781955419 3
      vertex 9.48808397169096 71.09625454917112 3
    endloop
  endfacet
  facet normal -0.4539904997395835 -0.891006524188349 0
    outer loop
      vertex 9.6 71.03923048454132 7
      vertex 9.48808397169096 71.09625454917112 3
      vertex 9.6 71.03923048454132 3
    endloop
  endfacet
  facet normal -0.5446390350149936 -0.8386705679454458 0
    outer loop
      vertex 9.705342302750967 70.97082039324994 7
      vertex 9.6 71.03923048454132 3
      vertex 9.705342302750967 70.97082039324994 3
    endloop
  endfacet
  facet normal -0.6293203910498538 -0.7771459614569577 0
    outer loop
      vertex 9.80295672763063 70.89177379057287 7
      vertex 9.705342302750967 70.97082039324994 3
      vertex 9.80295672763063 70.89177379057287 3
    endloop
  endfacet
  facet normal -0.7071067811865335 -0.7071067811865618 0
    outer loop
      vertex 9.891773790572874 70.80295672763063 7
      vertex 9.80295672763063 70.89177379057287 3
      vertex 9.891773790572874 70.80295672763063 3
    endloop
  endfacet
  facet normal -0.998629534754574 -0.05233595624294233 0
    outer loop
      vertex 10.2 70 7
      vertex 10.193426274441928 70.12543415592118 3
      vertex 10.2 70 3
    endloop
  endfacet
  facet normal -0.9876883405951401 -0.15643446504021588 0
    outer loop
      vertex 10.193426274441928 70.12543415592118 7
      vertex 10.173777120880567 70.24949402898132 3
      vertex 10.193426274441928 70.12543415592118 3
    endloop
  endfacet
  facet normal -0.9335804264971918 -0.3583679495453264 0
    outer loop
      vertex 10.141267819554184 70.37082039324994 7
      vertex 10.096254549171121 70.48808397169095 3
      vertex 10.141267819554184 70.37082039324994 3
    endloop
  endfacet
  facet normal -0.9659258262890662 -0.2588190451025284 0
    outer loop
      vertex 10.173777120880567 70.24949402898132 7
      vertex 10.141267819554184 70.37082039324994 3
      vertex 10.173777120880567 70.24949402898132 3
    endloop
  endfacet
  facet normal -0.8910065241883663 -0.4539904997395499 0
    outer loop
      vertex 10.096254549171121 70.48808397169095 7
      vertex 10.039230484541326 70.6 3
      vertex 10.096254549171121 70.48808397169095 3
    endloop
  endfacet
  facet normal -0.2588190451025416 0.9659258262890628 3.522453788133068e-19
    outer loop
      vertex 9.24949402898131 68.82622287911943 7
      vertex 9.370820393249936 68.85873218044581 7
      vertex 9.370820393249936 68.85873218044581 3
    endloop
  endfacet
  facet normal -0.358367949545318 0.9335804264971951 -4.411469887013459e-19
    outer loop
      vertex 9.370820393249936 68.85873218044581 7
      vertex 9.48808397169096 68.90374545082888 7
      vertex 9.48808397169096 68.90374545082888 3
    endloop
  endfacet
  facet normal -0.4539904997395835 0.891006524188349 -4.895192574535658e-20
    outer loop
      vertex 9.48808397169096 68.90374545082888 7
      vertex 9.6 68.96076951545868 7
      vertex 9.6 68.96076951545868 3
    endloop
  endfacet
  facet normal -0.5446390350149936 0.8386705679454458 -3.8546650248518396e-19
    outer loop
      vertex 9.6 68.96076951545868 7
      vertex 9.705342302750967 69.02917960675006 7
      vertex 9.705342302750967 69.02917960675006 3
    endloop
  endfacet
  facet normal -0.6293203910498538 0.7771459614569577 4.444885263625191e-19
    outer loop
      vertex 9.705342302750967 69.02917960675006 7
      vertex 9.80295672763063 69.10822620942713 7
      vertex 9.80295672763063 69.10822620942713 3
    endloop
  endfacet
  facet normal -0.7071067811865335 0.7071067811865618 7.306496822473202e-19
    outer loop
      vertex 9.80295672763063 69.10822620942713 7
      vertex 9.891773790572874 69.19704327236937 7
      vertex 9.891773790572874 69.19704327236937 3
    endloop
  endfacet
  facet normal -0.7771459614569827 0.629320391049823 3.5161133896761234e-19
    outer loop
      vertex 9.891773790572874 69.19704327236937 7
      vertex 9.970820393249937 69.29465769724904 7
      vertex 9.970820393249937 69.29465769724904 3
    endloop
  endfacet
  facet normal -0.8386705679454305 0.5446390350150169 1.7900692254961208e-19
    outer loop
      vertex 9.970820393249937 69.29465769724904 7
      vertex 10.039230484541326 69.4 7
      vertex 10.039230484541326 69.4 3
    endloop
  endfacet
  facet normal -0.8910065241883663 0.4539904997395499 6.207373606158865e-19
    outer loop
      vertex 10.039230484541326 69.4 7
      vertex 10.096254549171121 69.51191602830905 7
      vertex 10.096254549171121 69.51191602830905 3
    endloop
  endfacet
  facet normal -0.9335804264971918 0.3583679495453264 2.1165242191432464e-19
    outer loop
      vertex 10.096254549171121 69.51191602830905 7
      vertex 10.141267819554184 69.62917960675006 7
      vertex 10.141267819554184 69.62917960675006 3
    endloop
  endfacet
  facet normal -0.9659258262890662 0.2588190451025284 -4.701774684475557e-19
    outer loop
      vertex 10.141267819554184 69.62917960675006 7
      vertex 10.173777120880567 69.75050597101868 7
      vertex 10.173777120880567 69.75050597101868 3
    endloop
  endfacet
  facet normal -0.9876883405951401 0.15643446504021588 -3.3821786023458286e-19
    outer loop
      vertex 10.173777120880567 69.75050597101868 7
      vertex 10.193426274441928 69.87456584407882 7
      vertex 10.193426274441928 69.87456584407882 3
    endloop
  endfacet
  facet normal -0.998629534754574 0.05233595624294233 -7.978561024537483e-20
    outer loop
      vertex 10.193426274441928 69.87456584407882 7
      vertex 10.2 70 7
      vertex 10.2 70 3
    endloop
  endfacet
  facet normal -0.7771459614569827 -0.629320391049823 0
    outer loop
      vertex 9.891773790572874 70.80295672763063 7
      vertex 9.891773790572874 70.80295672763063 3
      vertex 9.970820393249937 70.70534230275096 7
    endloop
  endfacet
  facet normal -0.8386705679454305 -0.5446390350150169 -1.7900692254961208e-19
    outer loop
      vertex 10.039230484541326 70.6 7
      vertex 9.970820393249937 70.70534230275096 7
      vertex 9.970820393249937 70.70534230275096 3
    endloop
  endfacet
  facet normal -0.2588190451025416 -0.9659258262890628 0
    outer loop
      vertex 9.24949402898131 71.17377712088057 7
      vertex 9.24949402898131 71.17377712088057 3
      vertex 9.370820393249936 71.14126781955419 7
    endloop
  endfacet
  facet normal -0.358367949545318 -0.9335804264971951 0
    outer loop
      vertex 9.370820393249936 71.14126781955419 7
      vertex 9.370820393249936 71.14126781955419 3
      vertex 9.48808397169096 71.09625454917112 7
    endloop
  endfacet
  facet normal -0.4539904997395835 -0.891006524188349 0
    outer loop
      vertex 9.48808397169096 71.09625454917112 7
      vertex 9.48808397169096 71.09625454917112 3
      vertex 9.6 71.03923048454132 7
    endloop
  endfacet
  facet normal -0.5446390350149936 -0.8386705679454458 0
    outer loop
      vertex 9.6 71.03923048454132 7
      vertex 9.6 71.03923048454132 3
      vertex 9.705342302750967 70.97082039324994 7
    endloop
  endfacet
  facet normal -0.6293203910498538 -0.7771459614569577 0
    outer loop
      vertex 9.705342302750967 70.97082039324994 7
      vertex 9.705342302750967 70.97082039324994 3
      vertex 9.80295672763063 70.89177379057287 7
    endloop
  endfacet
  facet normal -0.7071067811865335 -0.7071067811865618 -7.306496822473202e-19
    outer loop
      vertex 9.891773790572874 70.80295672763063 7
      vertex 9.80295672763063 70.89177379057287 7
      vertex 9.80295672763063 70.89177379057287 3
    endloop
  endfacet
  facet normal -0.998629534754574 -0.05233595624294233 7.978561024537483e-20
    outer loop
      vertex 10.2 70 7
      vertex 10.193426274441928 70.12543415592118 7
      vertex 10.193426274441928 70.12543415592118 3
    endloop
  endfacet
  facet normal -0.9876883405951401 -0.15643446504021588 3.3821786023458286e-19
    outer loop
      vertex 10.193426274441928 70.12543415592118 7
      vertex 10.173777120880567 70.24949402898132 7
      vertex 10.173777120880567 70.24949402898132 3
    endloop
  endfacet
  facet normal -0.9659258262890662 -0.2588190451025284 4.701774684475557e-19
    outer loop
      vertex 10.173777120880567 70.24949402898132 7
      vertex 10.141267819554184 70.37082039324994 7
      vertex 10.141267819554184 70.37082039324994 3
    endloop
  endfacet
  facet normal -0.9335804264971918 -0.3583679495453264 -2.1165242191432464e-19
    outer loop
      vertex 10.141267819554184 70.37082039324994 7
      vertex 10.096254549171121 70.48808397169095 7
      vertex 10.096254549171121 70.48808397169095 3
    endloop
  endfacet
  facet normal -0.8910065241883663 -0.4539904997395499 0
    outer loop
      vertex 10.039230484541326 70.6 7
      vertex 10.039230484541326 70.6 3
      vertex 10.096254549171121 70.48808397169095 7
    endloop
  endfacet
  facet normal 0 -0.4539904997395107 -0.8910065241883862
    outer loop
      vertex 18.75 -0.4067366430758002 41.0864545423574
      vertex 30.75 -0.4067366430758002 41.0864545423574
      vertex 18.75 -0.5 41.13397459621556
    endloop
  endfacet
  facet normal -5.4119941473193946e-20 -0.2588190451025207 -0.9659258262890683
    outer loop
      vertex 18.75 -0.3090169943749474 41.048943483704846
      vertex 18.75 -0.20791169081775934 41.021852399266194
      vertex 30.75 -0.20791169081775934 41.021852399266194
    endloop
  endfacet
  facet normal -1.2561255621110319e-20 -0.3583679495453204 -0.933580426497194
    outer loop
      vertex 18.75 -0.4067366430758002 41.0864545423574
      vertex 18.75 -0.3090169943749474 41.048943483704846
      vertex 30.75 -0.3090169943749474 41.048943483704846
    endloop
  endfacet
  facet normal 5.044508552580499e-20 -0.15643446504022374 -0.9876883405951389
    outer loop
      vertex 18.75 -0.20791169081775934 41.021852399266194
      vertex 18.75 -0.10452846326765347 41.00547810463173
      vertex 30.75 -0.10452846326765347 41.00547810463173
    endloop
  endfacet
  facet normal 8.075576885203634e-21 -0.05233595624295063 -0.9986295347545736
    outer loop
      vertex 18.75 -0.10452846326765347 41.00547810463173
      vertex 18.75 0 41
      vertex 30.75 0 41
    endloop
  endfacet
  facet normal -1 0 0
    outer loop
      vertex 18.75 -0.8090169943749475 41.41221474770753
      vertex 18.75 -0.8660254037844386 41.5
      vertex 18.75 -0.8090169943749475 42.58778525229247
    endloop
  endfacet
  facet normal -1 0 0
    outer loop
      vertex 18.75 -0.6691306063588582 41.256855174522606
      vertex 18.75 -0.5877852522924731 42.80901699437495
      vertex 18.75 -0.5877852522924731 41.19098300562505
    endloop
  endfacet
  facet normal -1 0 0
    outer loop
      vertex 18.75 -0.8090169943749475 41.41221474770753
      vertex 18.75 -0.7431448254773942 42.669130606358856
      vertex 18.75 -0.7431448254773942 41.330869393641144
    endloop
  endfacet
  facet normal -1 0 0
    outer loop
      vertex 18.75 -0.6691306063588582 41.256855174522606
      vertex 18.75 -0.7431448254773942 41.330869393641144
      vertex 18.75 -0.6691306063588582 42.743144825477394
    endloop
  endfacet
  facet normal -1 0 0
    outer loop
      vertex 18.75 -0.5877852522924731 41.19098300562505
      vertex 18.75 -0.5 42.86602540378444
      vertex 18.75 -0.5 41.13397459621556
    endloop
  endfacet
  facet normal -1 0 0
    outer loop
      vertex 18.75 -0.4067366430758002 41.0864545423574
      vertex 18.75 -0.5 41.13397459621556
      vertex 18.75 -0.4067366430758002 42.9135454576426
    endloop
  endfacet
  facet normal -1 0 0
    outer loop
      vertex 18.75 -0.4067366430758002 41.0864545423574
      vertex 18.75 -0.3090169943749474 42.951056516295154
      vertex 18.75 -0.3090169943749474 41.048943483704846
    endloop
  endfacet
  facet normal -1 0 0
    outer loop
      vertex 18.75 -0.3090169943749474 41.048943483704846
      vertex 18.75 -0.20791169081775934 42.978147600733806
      vertex 18.75 -0.20791169081775934 41.021852399266194
    endloop
  endfacet
  facet normal -1 0 0
    outer loop
      vertex 18.75 -0.20791169081775934 41.021852399266194
      vertex 18.75 -0.10452846326765347 42.99452189536827
      vertex 18.75 -0.10452846326765347 41.00547810463173
    endloop
  endfacet
  facet normal -1 0 0
    outer loop
      vertex 18.75 -0.10452846326765347 41.00547810463173
      vertex 18.75 0 43
      vertex 18.75 0 41
    endloop
  endfacet
  facet normal -1 0 0
    outer loop
      vertex 18.75 -0.9135454576426009 41.5932633569242
      vertex 18.75 -0.9510565162951535 41.69098300562505
      vertex 18.75 -0.9135454576426009 42.4067366430758
    endloop
  endfacet
  facet normal -1 0 0
    outer loop
      vertex 18.75 -0.9510565162951535 41.69098300562505
      vertex 18.75 -0.9781476007338057 41.79208830918224
      vertex 18.75 -0.9510565162951535 42.30901699437495
    endloop
  endfacet
  facet normal -1 0 0
    outer loop
      vertex 18.75 -0.8660254037844386 41.5
      vertex 18.75 -0.9135454576426009 41.5932633569242
      vertex 18.75 -0.8660254037844386 42.5
    endloop
  endfacet
  facet normal -1 0 0
    outer loop
      vertex 18.75 -0.9781476007338057 41.79208830918224
      vertex 18.75 -0.9945218953682733 41.895471536732344
      vertex 18.75 -0.9781476007338057 42.20791169081776
    endloop
  endfacet
  facet normal -1 0 0
    outer loop
      vertex 18.75 -0.9945218953682733 41.895471536732344
      vertex 18.75 -1 42
      vertex 18.75 -0.9945218953682733 42.104528463267656
    endloop
  endfacet
  facet normal -1 0 0
    outer loop
      vertex 18.75 -0.9945218953682733 41.895471536732344
      vertex 18.75 -0.9945218953682733 42.104528463267656
      vertex 18.75 -0.9781476007338057 42.20791169081776
    endloop
  endfacet
  facet normal -1 0 0
    outer loop
      vertex 18.75 -0.9781476007338057 41.79208830918224
      vertex 18.75 -0.9781476007338057 42.20791169081776
      vertex 18.75 -0.9510565162951535 42.30901699437495
    endloop
  endfacet
  facet normal -1 0 0
    outer loop
      vertex 18.75 -0.9510565162951535 41.69098300562505
      vertex 18.75 -0.9510565162951535 42.30901699437495
      vertex 18.75 -0.9135454576426009 42.4067366430758
    endloop
  endfacet
  facet normal -1 0 0
    outer loop
      vertex 18.75 -0.9135454576426009 41.5932633569242
      vertex 18.75 -0.9135454576426009 42.4067366430758
      vertex 18.75 -0.8660254037844386 42.5
    endloop
  endfacet
  facet normal -1 0 0
    outer loop
      vertex 18.75 -0.8660254037844386 41.5
      vertex 18.75 -0.8660254037844386 42.5
      vertex 18.75 -0.8090169943749475 42.58778525229247
    endloop
  endfacet
  facet normal -1 0 0
    outer loop
      vertex 18.75 -0.8090169943749475 41.41221474770753
      vertex 18.75 -0.8090169943749475 42.58778525229247
      vertex 18.75 -0.7431448254773942 42.669130606358856
    endloop
  endfacet
  facet normal -1 0 0
    outer loop
      vertex 18.75 -0.7431448254773942 41.330869393641144
      vertex 18.75 -0.7431448254773942 42.669130606358856
      vertex 18.75 -0.6691306063588582 42.743144825477394
    endloop
  endfacet
  facet normal -1 0 0
    outer loop
      vertex 18.75 -0.6691306063588582 41.256855174522606
      vertex 18.75 -0.6691306063588582 42.743144825477394
      vertex 18.75 -0.5877852522924731 42.80901699437495
    endloop
  endfacet
  facet normal -1 0 0
    outer loop
      vertex 18.75 -0.5877852522924731 41.19098300562505
      vertex 18.75 -0.5877852522924731 42.80901699437495
      vertex 18.75 -0.5 42.86602540378444
    endloop
  endfacet
  facet normal -1 0 0
    outer loop
      vertex 18.75 -0.5 41.13397459621556
      vertex 18.75 -0.5 42.86602540378444
      vertex 18.75 -0.4067366430758002 42.9135454576426
    endloop
  endfacet
  facet normal -1 0 0
    outer loop
      vertex 18.75 -0.4067366430758002 41.0864545423574
      vertex 18.75 -0.4067366430758002 42.9135454576426
      vertex 18.75 -0.3090169943749474 42.951056516295154
    endloop
  endfacet
  facet normal -1 0 0
    outer loop
      vertex 18.75 -0.3090169943749474 41.048943483704846
      vertex 18.75 -0.3090169943749474 42.951056516295154
      vertex 18.75 -0.20791169081775934 42.978147600733806
    endloop
  endfacet
  facet normal -1 0 0
    outer loop
      vertex 18.75 -0.20791169081775934 41.021852399266194
      vertex 18.75 -0.20791169081775934 42.978147600733806
      vertex 18.75 -0.10452846326765347 42.99452189536827
    endloop
  endfacet
  facet normal -1 0 0
    outer loop
      vertex 18.75 -0.10452846326765347 41.00547810463173
      vertex 18.75 -0.10452846326765347 42.99452189536827
      vertex 18.75 0 43
    endloop
  endfacet
  facet normal -1.357586746085388e-19 -0.6293203910498543 -0.7771459614569575
    outer loop
      vertex 18.75 -0.6691306063588582 41.256855174522606
      vertex 18.75 -0.5877852522924731 41.19098300562505
      vertex 30.75 -0.5877852522924731 41.19098300562505
    endloop
  endfacet
  facet normal 0 -0.7071067811865592 -0.7071067811865359
    outer loop
      vertex 18.75 -0.6691306063588582 41.256855174522606
      vertex 30.75 -0.6691306063588582 41.256855174522606
      vertex 18.75 -0.7431448254773942 41.330869393641144
    endloop
  endfacet
  facet normal 2.8739925645391555e-19 -0.8386705679454151 -0.5446390350150411
    outer loop
      vertex 18.75 -0.8090169943749475 41.41221474770753
      vertex 30.75 -0.8660254037844386 41.5
      vertex 18.75 -0.8660254037844386 41.5
    endloop
  endfacet
  facet normal 0 -0.7771459614569735 -0.6293203910498344
    outer loop
      vertex 18.75 -0.8090169943749475 41.41221474770753
      vertex 18.75 -0.7431448254773942 41.330869393641144
      vertex 30.75 -0.8090169943749475 41.41221474770753
    endloop
  endfacet
  facet normal -1.5932564472231144e-20 -0.544639035015025 -0.8386705679454254
    outer loop
      vertex 18.75 -0.5877852522924731 41.19098300562505
      vertex 18.75 -0.5 41.13397459621556
      vertex 30.75 -0.5 41.13397459621556
    endloop
  endfacet
  facet normal -2.265387559113284e-19 -0.8910065241883627 -0.4539904997395571
    outer loop
      vertex 18.75 -0.8660254037844386 41.5
      vertex 30.75 -0.9135454576426009 41.5932633569242
      vertex 18.75 -0.9135454576426009 41.5932633569242
    endloop
  endfacet
  facet normal -2.6409173204893185e-20 -0.9335804264972016 -0.35836794954530043
    outer loop
      vertex 18.75 -0.9135454576426009 41.5932633569242
      vertex 30.75 -0.9510565162951535 41.69098300562505
      vertex 18.75 -0.9510565162951535 41.69098300562505
    endloop
  endfacet
  facet normal 1.323447616056591e-19 -0.9659258262890696 -0.25881904510251585
    outer loop
      vertex 18.75 -0.9510565162951535 41.69098300562505
      vertex 30.75 -0.9781476007338057 41.79208830918224
      vertex 18.75 -0.9781476007338057 41.79208830918224
    endloop
  endfacet
  facet normal -2.811305876633163e-20 -0.9876883405951374 -0.15643446504023256
    outer loop
      vertex 18.75 -0.9781476007338057 41.79208830918224
      vertex 30.75 -0.9945218953682733 41.895471536732344
      vertex 18.75 -0.9945218953682733 41.895471536732344
    endloop
  endfacet
  facet normal -3.977330743752373e-20 -0.9986295347545739 -0.05233595624294326
    outer loop
      vertex 18.75 -0.9945218953682733 41.895471536732344
      vertex 30.75 -1 42
      vertex 18.75 -1 42
    endloop
  endfacet
  facet normal 3.977330743752373e-20 -0.9986295347545739 0.05233595624294326
    outer loop
      vertex 18.75 -1 42
      vertex 30.75 -0.9945218953682733 42.104528463267656
      vertex 18.75 -0.9945218953682733 42.104528463267656
    endloop
  endfacet
  facet normal 2.811305876633163e-20 -0.9876883405951374 0.15643446504023256
    outer loop
      vertex 18.75 -0.9945218953682733 42.104528463267656
      vertex 30.75 -0.9781476007338057 42.20791169081776
      vertex 18.75 -0.9781476007338057 42.20791169081776
    endloop
  endfacet
  facet normal -1.323447616056591e-19 -0.9659258262890696 0.25881904510251585
    outer loop
      vertex 18.75 -0.9781476007338057 42.20791169081776
      vertex 30.75 -0.9510565162951535 42.30901699437495
      vertex 18.75 -0.9510565162951535 42.30901699437495
    endloop
  endfacet
  facet normal 2.6409173204893185e-20 -0.9335804264972016 0.35836794954530043
    outer loop
      vertex 18.75 -0.9510565162951535 42.30901699437495
      vertex 30.75 -0.9135454576426009 42.4067366430758
      vertex 18.75 -0.9135454576426009 42.4067366430758
    endloop
  endfacet
  facet normal 2.265387559113284e-19 -0.8910065241883627 0.4539904997395571
    outer loop
      vertex 18.75 -0.9135454576426009 42.4067366430758
      vertex 30.75 -0.8660254037844386 42.5
      vertex 18.75 -0.8660254037844386 42.5
    endloop
  endfacet
  facet normal -2.8739925645391555e-19 -0.8386705679454151 0.5446390350150411
    outer loop
      vertex 18.75 -0.8660254037844386 42.5
      vertex 30.75 -0.8090169943749475 42.58778525229247
      vertex 18.75 -0.8090169943749475 42.58778525229247
    endloop
  endfacet
  facet normal 4.7706107359254406e-20 -0.7771459614569735 0.6293203910498344
    outer loop
      vertex 18.75 -0.8090169943749475 42.58778525229247
      vertex 30.75 -0.7431448254773942 42.669130606358856
      vertex 18.75 -0.7431448254773942 42.669130606358856
    endloop
  endfacet
  facet normal 0 -0.7071067811865592 0.7071067811865359
    outer loop
      vertex 18.75 -0.7431448254773942 42.669130606358856
      vertex 30.75 -0.7431448254773942 42.669130606358856
      vertex 18.75 -0.6691306063588582 42.743144825477394
    endloop
  endfacet
  facet normal 0 -0.6293203910498543 0.7771459614569575
    outer loop
      vertex 18.75 -0.6691306063588582 42.743144825477394
      vertex 30.75 -0.6691306063588582 42.743144825477394
      vertex 18.75 -0.5877852522924731 42.80901699437495
    endloop
  endfacet
  facet normal 0 -0.544639035015025 0.8386705679454254
    outer loop
      vertex 18.75 -0.5877852522924731 42.80901699437495
      vertex 30.75 -0.5877852522924731 42.80901699437495
      vertex 18.75 -0.5 42.86602540378444
    endloop
  endfacet
  facet normal 0 -0.4539904997395107 0.8910065241883862
    outer loop
      vertex 18.75 -0.5 42.86602540378444
      vertex 30.75 -0.5 42.86602540378444
      vertex 18.75 -0.4067366430758002 42.9135454576426
    endloop
  endfacet
  facet normal 0 -0.3583679495453204 0.933580426497194
    outer loop
      vertex 18.75 -0.4067366430758002 42.9135454576426
      vertex 30.75 -0.4067366430758002 42.9135454576426
      vertex 18.75 -0.3090169943749474 42.951056516295154
    endloop
  endfacet
  facet normal 0 -0.2588190451025207 0.9659258262890683
    outer loop
      vertex 18.75 -0.3090169943749474 42.951056516295154
      vertex 30.75 -0.3090169943749474 42.951056516295154
      vertex 18.75 -0.20791169081775934 42.978147600733806
    endloop
  endfacet
  facet normal 0 -0.15643446504022374 0.9876883405951389
    outer loop
      vertex 18.75 -0.20791169081775934 42.978147600733806
      vertex 30.75 -0.20791169081775934 42.978147600733806
      vertex 18.75 -0.10452846326765347 42.99452189536827
    endloop
  endfacet
  facet normal 0 -0.05233595624295063 0.9986295347545736
    outer loop
      vertex 18.75 -0.10452846326765347 42.99452189536827
      vertex 30.75 -0.10452846326765347 42.99452189536827
      vertex 18.75 0 43
    endloop
  endfacet
  facet normal 0 -0.4539904997395107 -0.8910065241883862
    outer loop
      vertex 18.75 -0.5 41.13397459621556
      vertex 30.75 -0.4067366430758002 41.0864545423574
      vertex 30.75 -0.5 41.13397459621556
    endloop
  endfacet
  facet normal 0 -0.3583679495453204 -0.933580426497194
    outer loop
      vertex 18.75 -0.4067366430758002 41.0864545423574
      vertex 30.75 -0.3090169943749474 41.048943483704846
      vertex 30.75 -0.4067366430758002 41.0864545423574
    endloop
  endfacet
  facet normal 0 -0.2588190451025207 -0.9659258262890683
    outer loop
      vertex 18.75 -0.3090169943749474 41.048943483704846
      vertex 30.75 -0.20791169081775934 41.021852399266194
      vertex 30.75 -0.3090169943749474 41.048943483704846
    endloop
  endfacet
  facet normal 0 -0.15643446504022374 -0.9876883405951389
    outer loop
      vertex 18.75 -0.20791169081775934 41.021852399266194
      vertex 30.75 -0.10452846326765347 41.00547810463173
      vertex 30.75 -0.20791169081775934 41.021852399266194
    endloop
  endfacet
  facet normal 0 -0.05233595624295063 -0.9986295347545736
    outer loop
      vertex 18.75 -0.10452846326765347 41.00547810463173
      vertex 30.75 0 41
      vertex 30.75 -0.10452846326765347 41.00547810463173
    endloop
  endfacet
  facet normal 0 -0.7071067811865592 -0.7071067811865359
    outer loop
      vertex 18.75 -0.7431448254773942 41.330869393641144
      vertex 30.75 -0.6691306063588582 41.256855174522606
      vertex 30.75 -0.7431448254773942 41.330869393641144
    endloop
  endfacet
  facet normal 0 -0.6293203910498543 -0.7771459614569575
    outer loop
      vertex 18.75 -0.6691306063588582 41.256855174522606
      vertex 30.75 -0.5877852522924731 41.19098300562505
      vertex 30.75 -0.6691306063588582 41.256855174522606
    endloop
  endfacet
  facet normal 0 -0.8386705679454151 -0.5446390350150411
    outer loop
      vertex 18.75 -0.8090169943749475 41.41221474770753
      vertex 30.75 -0.8090169943749475 41.41221474770753
      vertex 30.75 -0.8660254037844386 41.5
    endloop
  endfacet
  facet normal 0 -0.7771459614569735 -0.6293203910498344
    outer loop
      vertex 18.75 -0.7431448254773942 41.330869393641144
      vertex 30.75 -0.7431448254773942 41.330869393641144
      vertex 30.75 -0.8090169943749475 41.41221474770753
    endloop
  endfacet
  facet normal 0 -0.544639035015025 -0.8386705679454254
    outer loop
      vertex 18.75 -0.5877852522924731 41.19098300562505
      vertex 30.75 -0.5 41.13397459621556
      vertex 30.75 -0.5877852522924731 41.19098300562505
    endloop
  endfacet
  facet normal 0 -0.8910065241883627 -0.4539904997395571
    outer loop
      vertex 18.75 -0.8660254037844386 41.5
      vertex 30.75 -0.8660254037844386 41.5
      vertex 30.75 -0.9135454576426009 41.5932633569242
    endloop
  endfacet
  facet normal 0 -0.9335804264972016 -0.35836794954530043
    outer loop
      vertex 18.75 -0.9135454576426009 41.5932633569242
      vertex 30.75 -0.9135454576426009 41.5932633569242
      vertex 30.75 -0.9510565162951535 41.69098300562505
    endloop
  endfacet
  facet normal 0 -0.9659258262890696 -0.25881904510251585
    outer loop
      vertex 18.75 -0.9510565162951535 41.69098300562505
      vertex 30.75 -0.9510565162951535 41.69098300562505
      vertex 30.75 -0.9781476007338057 41.79208830918224
    endloop
  endfacet
  facet normal 0 -0.9876883405951374 -0.15643446504023256
    outer loop
      vertex 18.75 -0.9781476007338057 41.79208830918224
      vertex 30.75 -0.9781476007338057 41.79208830918224
      vertex 30.75 -0.9945218953682733 41.895471536732344
    endloop
  endfacet
  facet normal 0 -0.9986295347545739 -0.05233595624294326
    outer loop
      vertex 18.75 -0.9945218953682733 41.895471536732344
      vertex 30.75 -0.9945218953682733 41.895471536732344
      vertex 30.75 -1 42
    endloop
  endfacet
  facet normal 0 -0.9986295347545739 0.05233595624294326
    outer loop
      vertex 18.75 -1 42
      vertex 30.75 -1 42
      vertex 30.75 -0.9945218953682733 42.104528463267656
    endloop
  endfacet
  facet normal 0 -0.9876883405951374 0.15643446504023256
    outer loop
      vertex 18.75 -0.9945218953682733 42.104528463267656
      vertex 30.75 -0.9945218953682733 42.104528463267656
      vertex 30.75 -0.9781476007338057 42.20791169081776
    endloop
  endfacet
  facet normal 0 -0.9659258262890696 0.25881904510251585
    outer loop
      vertex 18.75 -0.9781476007338057 42.20791169081776
      vertex 30.75 -0.9781476007338057 42.20791169081776
      vertex 30.75 -0.9510565162951535 42.30901699437495
    endloop
  endfacet
  facet normal 0 -0.9335804264972016 0.35836794954530043
    outer loop
      vertex 18.75 -0.9510565162951535 42.30901699437495
      vertex 30.75 -0.9510565162951535 42.30901699437495
      vertex 30.75 -0.9135454576426009 42.4067366430758
    endloop
  endfacet
  facet normal 0 -0.8910065241883627 0.4539904997395571
    outer loop
      vertex 18.75 -0.9135454576426009 42.4067366430758
      vertex 30.75 -0.9135454576426009 42.4067366430758
      vertex 30.75 -0.8660254037844386 42.5
    endloop
  endfacet
  facet normal 0 -0.8386705679454151 0.5446390350150411
    outer loop
      vertex 18.75 -0.8660254037844386 42.5
      vertex 30.75 -0.8660254037844386 42.5
      vertex 30.75 -0.8090169943749475 42.58778525229247
    endloop
  endfacet
  facet normal 0 -0.7771459614569735 0.6293203910498344
    outer loop
      vertex 18.75 -0.8090169943749475 42.58778525229247
      vertex 30.75 -0.8090169943749475 42.58778525229247
      vertex 30.75 -0.7431448254773942 42.669130606358856
    endloop
  endfacet
  facet normal 0 -0.7071067811865592 0.7071067811865359
    outer loop
      vertex 18.75 -0.6691306063588582 42.743144825477394
      vertex 30.75 -0.7431448254773942 42.669130606358856
      vertex 30.75 -0.6691306063588582 42.743144825477394
    endloop
  endfacet
  facet normal 0 -0.6293203910498543 0.7771459614569575
    outer loop
      vertex 18.75 -0.5877852522924731 42.80901699437495
      vertex 30.75 -0.6691306063588582 42.743144825477394
      vertex 30.75 -0.5877852522924731 42.80901699437495
    endloop
  endfacet
  facet normal 0 -0.544639035015025 0.8386705679454254
    outer loop
      vertex 18.75 -0.5 42.86602540378444
      vertex 30.75 -0.5877852522924731 42.80901699437495
      vertex 30.75 -0.5 42.86602540378444
    endloop
  endfacet
  facet normal 0 -0.4539904997395107 0.8910065241883862
    outer loop
      vertex 18.75 -0.4067366430758002 42.9135454576426
      vertex 30.75 -0.5 42.86602540378444
      vertex 30.75 -0.4067366430758002 42.9135454576426
    endloop
  endfacet
  facet normal 0 -0.3583679495453204 0.933580426497194
    outer loop
      vertex 18.75 -0.3090169943749474 42.951056516295154
      vertex 30.75 -0.4067366430758002 42.9135454576426
      vertex 30.75 -0.3090169943749474 42.951056516295154
    endloop
  endfacet
  facet normal 0 -0.2588190451025207 0.9659258262890683
    outer loop
      vertex 18.75 -0.20791169081775934 42.978147600733806
      vertex 30.75 -0.3090169943749474 42.951056516295154
      vertex 30.75 -0.20791169081775934 42.978147600733806
    endloop
  endfacet
  facet normal 0 -0.15643446504022374 0.9876883405951389
    outer loop
      vertex 18.75 -0.10452846326765347 42.99452189536827
      vertex 30.75 -0.20791169081775934 42.978147600733806
      vertex 30.75 -0.10452846326765347 42.99452189536827
    endloop
  endfacet
  facet normal -8.075576885203634e-21 -0.05233595624295063 0.9986295347545736
    outer loop
      vertex 30.75 -0.10452846326765347 42.99452189536827
      vertex 30.75 0 43
      vertex 18.75 0 43
    endloop
  endfacet
  facet normal 1 0 0
    outer loop
      vertex 30.75 -0.8090169943749475 41.41221474770753
      vertex 30.75 -0.8660254037844386 42.5
      vertex 30.75 -0.8660254037844386 41.5
    endloop
  endfacet
  facet normal 1 0 0
    outer loop
      vertex 30.75 -0.8660254037844386 41.5
      vertex 30.75 -0.9135454576426009 42.4067366430758
      vertex 30.75 -0.9135454576426009 41.5932633569242
    endloop
  endfacet
  facet normal 1 0 0
    outer loop
      vertex 30.75 -0.6691306063588582 41.256855174522606
      vertex 30.75 -0.7431448254773942 42.669130606358856
      vertex 30.75 -0.7431448254773942 41.330869393641144
    endloop
  endfacet
  facet normal 1 0 0
    outer loop
      vertex 30.75 -0.6691306063588582 41.256855174522606
      vertex 30.75 -0.5877852522924731 41.19098300562505
      vertex 30.75 -0.6691306063588582 42.743144825477394
    endloop
  endfacet
  facet normal 1 0 0
    outer loop
      vertex 30.75 -0.8090169943749475 41.41221474770753
      vertex 30.75 -0.7431448254773942 41.330869393641144
      vertex 30.75 -0.8090169943749475 42.58778525229247
    endloop
  endfacet
  facet normal 1 0 0
    outer loop
      vertex 30.75 -0.3090169943749474 41.048943483704846
      vertex 30.75 -0.20791169081775934 41.021852399266194
      vertex 30.75 -0.3090169943749474 42.951056516295154
    endloop
  endfacet
  facet normal 1 0 0
    outer loop
      vertex 30.75 -0.5877852522924731 41.19098300562505
      vertex 30.75 -0.5 41.13397459621556
      vertex 30.75 -0.5877852522924731 42.80901699437495
    endloop
  endfacet
  facet normal 1 0 0
    outer loop
      vertex 30.75 -0.4067366430758002 41.0864545423574
      vertex 30.75 -0.5 42.86602540378444
      vertex 30.75 -0.5 41.13397459621556
    endloop
  endfacet
  facet normal 1 0 0
    outer loop
      vertex 30.75 -0.4067366430758002 41.0864545423574
      vertex 30.75 -0.3090169943749474 41.048943483704846
      vertex 30.75 -0.4067366430758002 42.9135454576426
    endloop
  endfacet
  facet normal 1 0 0
    outer loop
      vertex 30.75 -0.20791169081775934 41.021852399266194
      vertex 30.75 -0.10452846326765347 41.00547810463173
      vertex 30.75 -0.20791169081775934 42.978147600733806
    endloop
  endfacet
  facet normal 1 0 0
    outer loop
      vertex 30.75 -0.10452846326765347 41.00547810463173
      vertex 30.75 0 41
      vertex 30.75 -0.10452846326765347 42.99452189536827
    endloop
  endfacet
  facet normal 1 0 0
    outer loop
      vertex 30.75 -0.9135454576426009 41.5932633569242
      vertex 30.75 -0.9510565162951535 42.30901699437495
      vertex 30.75 -0.9510565162951535 41.69098300562505
    endloop
  endfacet
  facet normal 1 0 0
    outer loop
      vertex 30.75 -0.9510565162951535 41.69098300562505
      vertex 30.75 -0.9781476007338057 42.20791169081776
      vertex 30.75 -0.9781476007338057 41.79208830918224
    endloop
  endfacet
  facet normal 1 0 0
    outer loop
      vertex 30.75 -0.9781476007338057 41.79208830918224
      vertex 30.75 -0.9945218953682733 42.104528463267656
      vertex 30.75 -0.9945218953682733 41.895471536732344
    endloop
  endfacet
  facet normal 1 0 0
    outer loop
      vertex 30.75 -0.9945218953682733 41.895471536732344
      vertex 30.75 -0.9945218953682733 42.104528463267656
      vertex 30.75 -1 42
    endloop
  endfacet
  facet normal 1 0 0
    outer loop
      vertex 30.75 -0.9781476007338057 41.79208830918224
      vertex 30.75 -0.9781476007338057 42.20791169081776
      vertex 30.75 -0.9945218953682733 42.104528463267656
    endloop
  endfacet
  facet normal 1 0 0
    outer loop
      vertex 30.75 -0.9510565162951535 41.69098300562505
      vertex 30.75 -0.9510565162951535 42.30901699437495
      vertex 30.75 -0.9781476007338057 42.20791169081776
    endloop
  endfacet
  facet normal 1 0 0
    outer loop
      vertex 30.75 -0.9135454576426009 41.5932633569242
      vertex 30.75 -0.9135454576426009 42.4067366430758
      vertex 30.75 -0.9510565162951535 42.30901699437495
    endloop
  endfacet
  facet normal 1 0 0
    outer loop
      vertex 30.75 -0.8660254037844386 41.5
      vertex 30.75 -0.8660254037844386 42.5
      vertex 30.75 -0.9135454576426009 42.4067366430758
    endloop
  endfacet
  facet normal 1 0 0
    outer loop
      vertex 30.75 -0.8090169943749475 41.41221474770753
      vertex 30.75 -0.8090169943749475 42.58778525229247
      vertex 30.75 -0.8660254037844386 42.5
    endloop
  endfacet
  facet normal 1 0 0
    outer loop
      vertex 30.75 -0.7431448254773942 41.330869393641144
      vertex 30.75 -0.7431448254773942 42.669130606358856
      vertex 30.75 -0.8090169943749475 42.58778525229247
    endloop
  endfacet
  facet normal 1 0 0
    outer loop
      vertex 30.75 -0.6691306063588582 41.256855174522606
      vertex 30.75 -0.6691306063588582 42.743144825477394
      vertex 30.75 -0.7431448254773942 42.669130606358856
    endloop
  endfacet
  facet normal 1 0 0
    outer loop
      vertex 30.75 -0.5877852522924731 41.19098300562505
      vertex 30.75 -0.5877852522924731 42.80901699437495
      vertex 30.75 -0.6691306063588582 42.743144825477394
    endloop
  endfacet
  facet normal 1 0 0
    outer loop
      vertex 30.75 -0.5 41.13397459621556
      vertex 30.75 -0.5 42.86602540378444
      vertex 30.75 -0.5877852522924731 42.80901699437495
    endloop
  endfacet
  facet normal 1 0 0
    outer loop
      vertex 30.75 -0.4067366430758002 41.0864545423574
      vertex 30.75 -0.4067366430758002 42.9135454576426
      vertex 30.75 -0.5 42.86602540378444
    endloop
  endfacet
  facet normal 1 0 0
    outer loop
      vertex 30.75 -0.3090169943749474 41.048943483704846
      vertex 30.75 -0.3090169943749474 42.951056516295154
      vertex 30.75 -0.4067366430758002 42.9135454576426
    endloop
  endfacet
  facet normal 1 0 0
    outer loop
      vertex 30.75 -0.20791169081775934 41.021852399266194
      vertex 30.75 -0.20791169081775934 42.978147600733806
      vertex 30.75 -0.3090169943749474 42.951056516295154
    endloop
  endfacet
  facet normal 1 0 0
    outer loop
      vertex 30.75 -0.10452846326765347 41.00547810463173
      vertex 30.75 -0.10452846326765347 42.99452189536827
      vertex 30.75 -0.20791169081775934 42.978147600733806
    endloop
  endfacet
  facet normal 1 0 0
    outer loop
      vertex 30.75 -0.10452846326765347 42.99452189536827
      vertex 30.75 0 41
      vertex 30.75 0 43
    endloop
  endfacet
  facet normal 0 -0.4539904997395107 -0.8910065241883862
    outer loop
      vertex 68.25 -0.4067366430758002 41.0864545423574
      vertex 80.25 -0.4067366430758002 41.0864545423574
      vertex 68.25 -0.5 41.13397459621556
    endloop
  endfacet
  facet normal -5.4119941473193946e-20 -0.2588190451025207 -0.9659258262890683
    outer loop
      vertex 68.25 -0.3090169943749474 41.048943483704846
      vertex 68.25 -0.20791169081775934 41.021852399266194
      vertex 80.25 -0.20791169081775934 41.021852399266194
    endloop
  endfacet
  facet normal -1.2561255621110319e-20 -0.3583679495453204 -0.933580426497194
    outer loop
      vertex 68.25 -0.4067366430758002 41.0864545423574
      vertex 68.25 -0.3090169943749474 41.048943483704846
      vertex 80.25 -0.3090169943749474 41.048943483704846
    endloop
  endfacet
  facet normal 5.044508552580499e-20 -0.15643446504022374 -0.9876883405951389
    outer loop
      vertex 68.25 -0.20791169081775934 41.021852399266194
      vertex 68.25 -0.10452846326765347 41.00547810463173
      vertex 80.25 -0.10452846326765347 41.00547810463173
    endloop
  endfacet
  facet normal 8.075576885203634e-21 -0.05233595624295063 -0.9986295347545736
    outer loop
      vertex 68.25 -0.10452846326765347 41.00547810463173
      vertex 68.25 0 41
      vertex 80.25 0 41
    endloop
  endfacet
  facet normal -1 0 0
    outer loop
      vertex 68.25 -0.8090169943749475 41.41221474770753
      vertex 68.25 -0.8660254037844386 41.5
      vertex 68.25 -0.8090169943749475 42.58778525229247
    endloop
  endfacet
  facet normal -1 0 0
    outer loop
      vertex 68.25 -0.6691306063588582 41.256855174522606
      vertex 68.25 -0.5877852522924731 42.80901699437495
      vertex 68.25 -0.5877852522924731 41.19098300562505
    endloop
  endfacet
  facet normal -1 0 0
    outer loop
      vertex 68.25 -0.8090169943749475 41.41221474770753
      vertex 68.25 -0.7431448254773942 42.669130606358856
      vertex 68.25 -0.7431448254773942 41.330869393641144
    endloop
  endfacet
  facet normal -1 0 0
    outer loop
      vertex 68.25 -0.6691306063588582 41.256855174522606
      vertex 68.25 -0.7431448254773942 41.330869393641144
      vertex 68.25 -0.6691306063588582 42.743144825477394
    endloop
  endfacet
  facet normal -1 0 0
    outer loop
      vertex 68.25 -0.5877852522924731 41.19098300562505
      vertex 68.25 -0.5 42.86602540378444
      vertex 68.25 -0.5 41.13397459621556
    endloop
  endfacet
  facet normal -1 0 0
    outer loop
      vertex 68.25 -0.4067366430758002 41.0864545423574
      vertex 68.25 -0.5 41.13397459621556
      vertex 68.25 -0.4067366430758002 42.9135454576426
    endloop
  endfacet
  facet normal -1 0 0
    outer loop
      vertex 68.25 -0.4067366430758002 41.0864545423574
      vertex 68.25 -0.3090169943749474 42.951056516295154
      vertex 68.25 -0.3090169943749474 41.048943483704846
    endloop
  endfacet
  facet normal -1 0 0
    outer loop
      vertex 68.25 -0.3090169943749474 41.048943483704846
      vertex 68.25 -0.20791169081775934 42.978147600733806
      vertex 68.25 -0.20791169081775934 41.021852399266194
    endloop
  endfacet
  facet normal -1 0 0
    outer loop
      vertex 68.25 -0.20791169081775934 41.021852399266194
      vertex 68.25 -0.10452846326765347 42.99452189536827
      vertex 68.25 -0.10452846326765347 41.00547810463173
    endloop
  endfacet
  facet normal -1 0 0
    outer loop
      vertex 68.25 -0.10452846326765347 41.00547810463173
      vertex 68.25 0 43
      vertex 68.25 0 41
    endloop
  endfacet
  facet normal -1 0 0
    outer loop
      vertex 68.25 -0.9135454576426009 41.5932633569242
      vertex 68.25 -0.9510565162951535 41.69098300562505
      vertex 68.25 -0.9135454576426009 42.4067366430758
    endloop
  endfacet
  facet normal -1 0 0
    outer loop
      vertex 68.25 -0.9510565162951535 41.69098300562505
      vertex 68.25 -0.9781476007338057 41.79208830918224
      vertex 68.25 -0.9510565162951535 42.30901699437495
    endloop
  endfacet
  facet normal -1 0 0
    outer loop
      vertex 68.25 -0.8660254037844386 41.5
      vertex 68.25 -0.9135454576426009 41.5932633569242
      vertex 68.25 -0.8660254037844386 42.5
    endloop
  endfacet
  facet normal -1 0 0
    outer loop
      vertex 68.25 -0.9781476007338057 41.79208830918224
      vertex 68.25 -0.9945218953682733 41.895471536732344
      vertex 68.25 -0.9781476007338057 42.20791169081776
    endloop
  endfacet
  facet normal -1 0 0
    outer loop
      vertex 68.25 -0.9945218953682733 41.895471536732344
      vertex 68.25 -1 42
      vertex 68.25 -0.9945218953682733 42.104528463267656
    endloop
  endfacet
  facet normal -1 0 0
    outer loop
      vertex 68.25 -0.9945218953682733 41.895471536732344
      vertex 68.25 -0.9945218953682733 42.104528463267656
      vertex 68.25 -0.9781476007338057 42.20791169081776
    endloop
  endfacet
  facet normal -1 0 0
    outer loop
      vertex 68.25 -0.9781476007338057 41.79208830918224
      vertex 68.25 -0.9781476007338057 42.20791169081776
      vertex 68.25 -0.9510565162951535 42.30901699437495
    endloop
  endfacet
  facet normal -1 0 0
    outer loop
      vertex 68.25 -0.9510565162951535 41.69098300562505
      vertex 68.25 -0.9510565162951535 42.30901699437495
      vertex 68.25 -0.9135454576426009 42.4067366430758
    endloop
  endfacet
  facet normal -1 0 0
    outer loop
      vertex 68.25 -0.9135454576426009 41.5932633569242
      vertex 68.25 -0.9135454576426009 42.4067366430758
      vertex 68.25 -0.8660254037844386 42.5
    endloop
  endfacet
  facet normal -1 0 0
    outer loop
      vertex 68.25 -0.8660254037844386 41.5
      vertex 68.25 -0.8660254037844386 42.5
      vertex 68.25 -0.8090169943749475 42.58778525229247
    endloop
  endfacet
  facet normal -1 0 0
    outer loop
      vertex 68.25 -0.8090169943749475 41.41221474770753
      vertex 68.25 -0.8090169943749475 42.58778525229247
      vertex 68.25 -0.7431448254773942 42.669130606358856
    endloop
  endfacet
  facet normal -1 0 0
    outer loop
      vertex 68.25 -0.7431448254773942 41.330869393641144
      vertex 68.25 -0.7431448254773942 42.669130606358856
      vertex 68.25 -0.6691306063588582 42.743144825477394
    endloop
  endfacet
  facet normal -1 0 0
    outer loop
      vertex 68.25 -0.6691306063588582 41.256855174522606
      vertex 68.25 -0.6691306063588582 42.743144825477394
      vertex 68.25 -0.5877852522924731 42.80901699437495
    endloop
  endfacet
  facet normal -1 0 0
    outer loop
      vertex 68.25 -0.5877852522924731 41.19098300562505
      vertex 68.25 -0.5877852522924731 42.80901699437495
      vertex 68.25 -0.5 42.86602540378444
    endloop
  endfacet
  facet normal -1 0 0
    outer loop
      vertex 68.25 -0.5 41.13397459621556
      vertex 68.25 -0.5 42.86602540378444
      vertex 68.25 -0.4067366430758002 42.9135454576426
    endloop
  endfacet
  facet normal -1 0 0
    outer loop
      vertex 68.25 -0.4067366430758002 41.0864545423574
      vertex 68.25 -0.4067366430758002 42.9135454576426
      vertex 68.25 -0.3090169943749474 42.951056516295154
    endloop
  endfacet
  facet normal -1 0 0
    outer loop
      vertex 68.25 -0.3090169943749474 41.048943483704846
      vertex 68.25 -0.3090169943749474 42.951056516295154
      vertex 68.25 -0.20791169081775934 42.978147600733806
    endloop
  endfacet
  facet normal -1 0 0
    outer loop
      vertex 68.25 -0.20791169081775934 41.021852399266194
      vertex 68.25 -0.20791169081775934 42.978147600733806
      vertex 68.25 -0.10452846326765347 42.99452189536827
    endloop
  endfacet
  facet normal -1 0 0
    outer loop
      vertex 68.25 -0.10452846326765347 41.00547810463173
      vertex 68.25 -0.10452846326765347 42.99452189536827
      vertex 68.25 0 43
    endloop
  endfacet
  facet normal -1.357586746085388e-19 -0.6293203910498543 -0.7771459614569575
    outer loop
      vertex 68.25 -0.6691306063588582 41.256855174522606
      vertex 68.25 -0.5877852522924731 41.19098300562505
      vertex 80.25 -0.5877852522924731 41.19098300562505
    endloop
  endfacet
  facet normal 0 -0.7071067811865592 -0.7071067811865359
    outer loop
      vertex 68.25 -0.6691306063588582 41.256855174522606
      vertex 80.25 -0.6691306063588582 41.256855174522606
      vertex 68.25 -0.7431448254773942 41.330869393641144
    endloop
  endfacet
  facet normal 2.8739925645391555e-19 -0.8386705679454151 -0.5446390350150411
    outer loop
      vertex 68.25 -0.8090169943749475 41.41221474770753
      vertex 80.25 -0.8660254037844386 41.5
      vertex 68.25 -0.8660254037844386 41.5
    endloop
  endfacet
  facet normal 0 -0.7771459614569735 -0.6293203910498344
    outer loop
      vertex 68.25 -0.8090169943749475 41.41221474770753
      vertex 68.25 -0.7431448254773942 41.330869393641144
      vertex 80.25 -0.8090169943749475 41.41221474770753
    endloop
  endfacet
  facet normal -1.5932564472231144e-20 -0.544639035015025 -0.8386705679454254
    outer loop
      vertex 68.25 -0.5877852522924731 41.19098300562505
      vertex 68.25 -0.5 41.13397459621556
      vertex 80.25 -0.5 41.13397459621556
    endloop
  endfacet
  facet normal -2.265387559113284e-19 -0.8910065241883627 -0.4539904997395571
    outer loop
      vertex 68.25 -0.8660254037844386 41.5
      vertex 80.25 -0.9135454576426009 41.5932633569242
      vertex 68.25 -0.9135454576426009 41.5932633569242
    endloop
  endfacet
  facet normal -2.6409173204893185e-20 -0.9335804264972016 -0.35836794954530043
    outer loop
      vertex 68.25 -0.9135454576426009 41.5932633569242
      vertex 80.25 -0.9510565162951535 41.69098300562505
      vertex 68.25 -0.9510565162951535 41.69098300562505
    endloop
  endfacet
  facet normal 1.323447616056591e-19 -0.9659258262890696 -0.25881904510251585
    outer loop
      vertex 68.25 -0.9510565162951535 41.69098300562505
      vertex 80.25 -0.9781476007338057 41.79208830918224
      vertex 68.25 -0.9781476007338057 41.79208830918224
    endloop
  endfacet
  facet normal -2.811305876633163e-20 -0.9876883405951374 -0.15643446504023256
    outer loop
      vertex 68.25 -0.9781476007338057 41.79208830918224
      vertex 80.25 -0.9945218953682733 41.895471536732344
      vertex 68.25 -0.9945218953682733 41.895471536732344
    endloop
  endfacet
  facet normal -3.977330743752373e-20 -0.9986295347545739 -0.05233595624294326
    outer loop
      vertex 68.25 -0.9945218953682733 41.895471536732344
      vertex 80.25 -1 42
      vertex 68.25 -1 42
    endloop
  endfacet
  facet normal 3.977330743752373e-20 -0.9986295347545739 0.05233595624294326
    outer loop
      vertex 68.25 -1 42
      vertex 80.25 -0.9945218953682733 42.104528463267656
      vertex 68.25 -0.9945218953682733 42.104528463267656
    endloop
  endfacet
  facet normal 2.811305876633163e-20 -0.9876883405951374 0.15643446504023256
    outer loop
      vertex 68.25 -0.9945218953682733 42.104528463267656
      vertex 80.25 -0.9781476007338057 42.20791169081776
      vertex 68.25 -0.9781476007338057 42.20791169081776
    endloop
  endfacet
  facet normal -1.323447616056591e-19 -0.9659258262890696 0.25881904510251585
    outer loop
      vertex 68.25 -0.9781476007338057 42.20791169081776
      vertex 80.25 -0.9510565162951535 42.30901699437495
      vertex 68.25 -0.9510565162951535 42.30901699437495
    endloop
  endfacet
  facet normal 2.6409173204893185e-20 -0.9335804264972016 0.35836794954530043
    outer loop
      vertex 68.25 -0.9510565162951535 42.30901699437495
      vertex 80.25 -0.9135454576426009 42.4067366430758
      vertex 68.25 -0.9135454576426009 42.4067366430758
    endloop
  endfacet
  facet normal 2.265387559113284e-19 -0.8910065241883627 0.4539904997395571
    outer loop
      vertex 68.25 -0.9135454576426009 42.4067366430758
      vertex 80.25 -0.8660254037844386 42.5
      vertex 68.25 -0.8660254037844386 42.5
    endloop
  endfacet
  facet normal -2.8739925645391555e-19 -0.8386705679454151 0.5446390350150411
    outer loop
      vertex 68.25 -0.8660254037844386 42.5
      vertex 80.25 -0.8090169943749475 42.58778525229247
      vertex 68.25 -0.8090169943749475 42.58778525229247
    endloop
  endfacet
  facet normal 4.7706107359254406e-20 -0.7771459614569735 0.6293203910498344
    outer loop
      vertex 68.25 -0.8090169943749475 42.58778525229247
      vertex 80.25 -0.7431448254773942 42.669130606358856
      vertex 68.25 -0.7431448254773942 42.669130606358856
    endloop
  endfacet
  facet normal 0 -0.7071067811865592 0.7071067811865359
    outer loop
      vertex 68.25 -0.7431448254773942 42.669130606358856
      vertex 80.25 -0.7431448254773942 42.669130606358856
      vertex 68.25 -0.6691306063588582 42.743144825477394
    endloop
  endfacet
  facet normal 0 -0.6293203910498543 0.7771459614569575
    outer loop
      vertex 68.25 -0.6691306063588582 42.743144825477394
      vertex 80.25 -0.6691306063588582 42.743144825477394
      vertex 68.25 -0.5877852522924731 42.80901699437495
    endloop
  endfacet
  facet normal 0 -0.544639035015025 0.8386705679454254
    outer loop
      vertex 68.25 -0.5877852522924731 42.80901699437495
      vertex 80.25 -0.5877852522924731 42.80901699437495
      vertex 68.25 -0.5 42.86602540378444
    endloop
  endfacet
  facet normal 0 -0.4539904997395107 0.8910065241883862
    outer loop
      vertex 68.25 -0.5 42.86602540378444
      vertex 80.25 -0.5 42.86602540378444
      vertex 68.25 -0.4067366430758002 42.9135454576426
    endloop
  endfacet
  facet normal 0 -0.3583679495453204 0.933580426497194
    outer loop
      vertex 68.25 -0.4067366430758002 42.9135454576426
      vertex 80.25 -0.4067366430758002 42.9135454576426
      vertex 68.25 -0.3090169943749474 42.951056516295154
    endloop
  endfacet
  facet normal 0 -0.2588190451025207 0.9659258262890683
    outer loop
      vertex 68.25 -0.3090169943749474 42.951056516295154
      vertex 80.25 -0.3090169943749474 42.951056516295154
      vertex 68.25 -0.20791169081775934 42.978147600733806
    endloop
  endfacet
  facet normal 0 -0.15643446504022374 0.9876883405951389
    outer loop
      vertex 68.25 -0.20791169081775934 42.978147600733806
      vertex 80.25 -0.20791169081775934 42.978147600733806
      vertex 68.25 -0.10452846326765347 42.99452189536827
    endloop
  endfacet
  facet normal 0 -0.05233595624295063 0.9986295347545736
    outer loop
      vertex 68.25 -0.10452846326765347 42.99452189536827
      vertex 80.25 -0.10452846326765347 42.99452189536827
      vertex 68.25 0 43
    endloop
  endfacet
  facet normal 0 -0.4539904997395107 -0.8910065241883862
    outer loop
      vertex 68.25 -0.5 41.13397459621556
      vertex 80.25 -0.4067366430758002 41.0864545423574
      vertex 80.25 -0.5 41.13397459621556
    endloop
  endfacet
  facet normal 0 -0.3583679495453204 -0.933580426497194
    outer loop
      vertex 68.25 -0.4067366430758002 41.0864545423574
      vertex 80.25 -0.3090169943749474 41.048943483704846
      vertex 80.25 -0.4067366430758002 41.0864545423574
    endloop
  endfacet
  facet normal 0 -0.2588190451025207 -0.9659258262890683
    outer loop
      vertex 68.25 -0.3090169943749474 41.048943483704846
      vertex 80.25 -0.20791169081775934 41.021852399266194
      vertex 80.25 -0.3090169943749474 41.048943483704846
    endloop
  endfacet
  facet normal 0 -0.15643446504022374 -0.9876883405951389
    outer loop
      vertex 68.25 -0.20791169081775934 41.021852399266194
      vertex 80.25 -0.10452846326765347 41.00547810463173
      vertex 80.25 -0.20791169081775934 41.021852399266194
    endloop
  endfacet
  facet normal 0 -0.05233595624295063 -0.9986295347545736
    outer loop
      vertex 68.25 -0.10452846326765347 41.00547810463173
      vertex 80.25 0 41
      vertex 80.25 -0.10452846326765347 41.00547810463173
    endloop
  endfacet
  facet normal 0 -0.7071067811865592 -0.7071067811865359
    outer loop
      vertex 68.25 -0.7431448254773942 41.330869393641144
      vertex 80.25 -0.6691306063588582 41.256855174522606
      vertex 80.25 -0.7431448254773942 41.330869393641144
    endloop
  endfacet
  facet normal 0 -0.6293203910498543 -0.7771459614569575
    outer loop
      vertex 68.25 -0.6691306063588582 41.256855174522606
      vertex 80.25 -0.5877852522924731 41.19098300562505
      vertex 80.25 -0.6691306063588582 41.256855174522606
    endloop
  endfacet
  facet normal 0 -0.8386705679454151 -0.5446390350150411
    outer loop
      vertex 68.25 -0.8090169943749475 41.41221474770753
      vertex 80.25 -0.8090169943749475 41.41221474770753
      vertex 80.25 -0.8660254037844386 41.5
    endloop
  endfacet
  facet normal 0 -0.7771459614569735 -0.6293203910498344
    outer loop
      vertex 68.25 -0.7431448254773942 41.330869393641144
      vertex 80.25 -0.7431448254773942 41.330869393641144
      vertex 80.25 -0.8090169943749475 41.41221474770753
    endloop
  endfacet
  facet normal 0 -0.544639035015025 -0.8386705679454254
    outer loop
      vertex 68.25 -0.5877852522924731 41.19098300562505
      vertex 80.25 -0.5 41.13397459621556
      vertex 80.25 -0.5877852522924731 41.19098300562505
    endloop
  endfacet
  facet normal 0 -0.8910065241883627 -0.4539904997395571
    outer loop
      vertex 68.25 -0.8660254037844386 41.5
      vertex 80.25 -0.8660254037844386 41.5
      vertex 80.25 -0.9135454576426009 41.5932633569242
    endloop
  endfacet
  facet normal 0 -0.9335804264972016 -0.35836794954530043
    outer loop
      vertex 68.25 -0.9135454576426009 41.5932633569242
      vertex 80.25 -0.9135454576426009 41.5932633569242
      vertex 80.25 -0.9510565162951535 41.69098300562505
    endloop
  endfacet
  facet normal 0 -0.9659258262890696 -0.25881904510251585
    outer loop
      vertex 68.25 -0.9510565162951535 41.69098300562505
      vertex 80.25 -0.9510565162951535 41.69098300562505
      vertex 80.25 -0.9781476007338057 41.79208830918224
    endloop
  endfacet
  facet normal 0 -0.9876883405951374 -0.15643446504023256
    outer loop
      vertex 68.25 -0.9781476007338057 41.79208830918224
      vertex 80.25 -0.9781476007338057 41.79208830918224
      vertex 80.25 -0.9945218953682733 41.895471536732344
    endloop
  endfacet
  facet normal 0 -0.9986295347545739 -0.05233595624294326
    outer loop
      vertex 68.25 -0.9945218953682733 41.895471536732344
      vertex 80.25 -0.9945218953682733 41.895471536732344
      vertex 80.25 -1 42
    endloop
  endfacet
  facet normal 0 -0.9986295347545739 0.05233595624294326
    outer loop
      vertex 68.25 -1 42
      vertex 80.25 -1 42
      vertex 80.25 -0.9945218953682733 42.104528463267656
    endloop
  endfacet
  facet normal 0 -0.9876883405951374 0.15643446504023256
    outer loop
      vertex 68.25 -0.9945218953682733 42.104528463267656
      vertex 80.25 -0.9945218953682733 42.104528463267656
      vertex 80.25 -0.9781476007338057 42.20791169081776
    endloop
  endfacet
  facet normal 0 -0.9659258262890696 0.25881904510251585
    outer loop
      vertex 68.25 -0.9781476007338057 42.20791169081776
      vertex 80.25 -0.9781476007338057 42.20791169081776
      vertex 80.25 -0.9510565162951535 42.30901699437495
    endloop
  endfacet
  facet normal 0 -0.9335804264972016 0.35836794954530043
    outer loop
      vertex 68.25 -0.9510565162951535 42.30901699437495
      vertex 80.25 -0.9510565162951535 42.30901699437495
      vertex 80.25 -0.9135454576426009 42.4067366430758
    endloop
  endfacet
  facet normal 0 -0.8910065241883627 0.4539904997395571
    outer loop
      vertex 68.25 -0.9135454576426009 42.4067366430758
      vertex 80.25 -0.9135454576426009 42.4067366430758
      vertex 80.25 -0.8660254037844386 42.5
    endloop
  endfacet
  facet normal 0 -0.8386705679454151 0.5446390350150411
    outer loop
      vertex 68.25 -0.8660254037844386 42.5
      vertex 80.25 -0.8660254037844386 42.5
      vertex 80.25 -0.8090169943749475 42.58778525229247
    endloop
  endfacet
  facet normal 0 -0.7771459614569735 0.6293203910498344
    outer loop
      vertex 68.25 -0.8090169943749475 42.58778525229247
      vertex 80.25 -0.8090169943749475 42.58778525229247
      vertex 80.25 -0.7431448254773942 42.669130606358856
    endloop
  endfacet
  facet normal 0 -0.7071067811865592 0.7071067811865359
    outer loop
      vertex 68.25 -0.6691306063588582 42.743144825477394
      vertex 80.25 -0.7431448254773942 42.669130606358856
      vertex 80.25 -0.6691306063588582 42.743144825477394
    endloop
  endfacet
  facet normal 0 -0.6293203910498543 0.7771459614569575
    outer loop
      vertex 68.25 -0.5877852522924731 42.80901699437495
      vertex 80.25 -0.6691306063588582 42.743144825477394
      vertex 80.25 -0.5877852522924731 42.80901699437495
    endloop
  endfacet
  facet normal 0 -0.544639035015025 0.8386705679454254
    outer loop
      vertex 68.25 -0.5 42.86602540378444
      vertex 80.25 -0.5877852522924731 42.80901699437495
      vertex 80.25 -0.5 42.86602540378444
    endloop
  endfacet
  facet normal 0 -0.4539904997395107 0.8910065241883862
    outer loop
      vertex 68.25 -0.4067366430758002 42.9135454576426
      vertex 80.25 -0.5 42.86602540378444
      vertex 80.25 -0.4067366430758002 42.9135454576426
    endloop
  endfacet
  facet normal 0 -0.3583679495453204 0.933580426497194
    outer loop
      vertex 68.25 -0.3090169943749474 42.951056516295154
      vertex 80.25 -0.4067366430758002 42.9135454576426
      vertex 80.25 -0.3090169943749474 42.951056516295154
    endloop
  endfacet
  facet normal 0 -0.2588190451025207 0.9659258262890683
    outer loop
      vertex 68.25 -0.20791169081775934 42.978147600733806
      vertex 80.25 -0.3090169943749474 42.951056516295154
      vertex 80.25 -0.20791169081775934 42.978147600733806
    endloop
  endfacet
  facet normal 0 -0.15643446504022374 0.9876883405951389
    outer loop
      vertex 68.25 -0.10452846326765347 42.99452189536827
      vertex 80.25 -0.20791169081775934 42.978147600733806
      vertex 80.25 -0.10452846326765347 42.99452189536827
    endloop
  endfacet
  facet normal -8.075576885203634e-21 -0.05233595624295063 0.9986295347545736
    outer loop
      vertex 80.25 -0.10452846326765347 42.99452189536827
      vertex 80.25 0 43
      vertex 68.25 0 43
    endloop
  endfacet
  facet normal 1 0 0
    outer loop
      vertex 80.25 -0.8090169943749475 41.41221474770753
      vertex 80.25 -0.8660254037844386 42.5
      vertex 80.25 -0.8660254037844386 41.5
    endloop
  endfacet
  facet normal 1 0 0
    outer loop
      vertex 80.25 -0.8660254037844386 41.5
      vertex 80.25 -0.9135454576426009 42.4067366430758
      vertex 80.25 -0.9135454576426009 41.5932633569242
    endloop
  endfacet
  facet normal 1 0 0
    outer loop
      vertex 80.25 -0.6691306063588582 41.256855174522606
      vertex 80.25 -0.7431448254773942 42.669130606358856
      vertex 80.25 -0.7431448254773942 41.330869393641144
    endloop
  endfacet
  facet normal 1 0 0
    outer loop
      vertex 80.25 -0.6691306063588582 41.256855174522606
      vertex 80.25 -0.5877852522924731 41.19098300562505
      vertex 80.25 -0.6691306063588582 42.743144825477394
    endloop
  endfacet
  facet normal 1 0 0
    outer loop
      vertex 80.25 -0.8090169943749475 41.41221474770753
      vertex 80.25 -0.7431448254773942 41.330869393641144
      vertex 80.25 -0.8090169943749475 42.58778525229247
    endloop
  endfacet
  facet normal 1 0 0
    outer loop
      vertex 80.25 -0.3090169943749474 41.048943483704846
      vertex 80.25 -0.20791169081775934 41.021852399266194
      vertex 80.25 -0.3090169943749474 42.951056516295154
    endloop
  endfacet
  facet normal 1 0 0
    outer loop
      vertex 80.25 -0.5877852522924731 41.19098300562505
      vertex 80.25 -0.5 41.13397459621556
      vertex 80.25 -0.5877852522924731 42.80901699437495
    endloop
  endfacet
  facet normal 1 0 0
    outer loop
      vertex 80.25 -0.4067366430758002 41.0864545423574
      vertex 80.25 -0.5 42.86602540378444
      vertex 80.25 -0.5 41.13397459621556
    endloop
  endfacet
  facet normal 1 0 0
    outer loop
      vertex 80.25 -0.4067366430758002 41.0864545423574
      vertex 80.25 -0.3090169943749474 41.048943483704846
      vertex 80.25 -0.4067366430758002 42.9135454576426
    endloop
  endfacet
  facet normal 1 0 0
    outer loop
      vertex 80.25 -0.20791169081775934 41.021852399266194
      vertex 80.25 -0.10452846326765347 41.00547810463173
      vertex 80.25 -0.20791169081775934 42.978147600733806
    endloop
  endfacet
  facet normal 1 0 0
    outer loop
      vertex 80.25 -0.10452846326765347 41.00547810463173
      vertex 80.25 0 41
      vertex 80.25 -0.10452846326765347 42.99452189536827
    endloop
  endfacet
  facet normal 1 0 0
    outer loop
      vertex 80.25 -0.9135454576426009 41.5932633569242
      vertex 80.25 -0.9510565162951535 42.30901699437495
      vertex 80.25 -0.9510565162951535 41.69098300562505
    endloop
  endfacet
  facet normal 1 0 0
    outer loop
      vertex 80.25 -0.9510565162951535 41.69098300562505
      vertex 80.25 -0.9781476007338057 42.20791169081776
      vertex 80.25 -0.9781476007338057 41.79208830918224
    endloop
  endfacet
  facet normal 1 0 0
    outer loop
      vertex 80.25 -0.9781476007338057 41.79208830918224
      vertex 80.25 -0.9945218953682733 42.104528463267656
      vertex 80.25 -0.9945218953682733 41.895471536732344
    endloop
  endfacet
  facet normal 1 0 0
    outer loop
      vertex 80.25 -0.9945218953682733 41.895471536732344
      vertex 80.25 -0.9945218953682733 42.104528463267656
      vertex 80.25 -1 42
    endloop
  endfacet
  facet normal 1 0 0
    outer loop
      vertex 80.25 -0.9781476007338057 41.79208830918224
      vertex 80.25 -0.9781476007338057 42.20791169081776
      vertex 80.25 -0.9945218953682733 42.104528463267656
    endloop
  endfacet
  facet normal 1 0 0
    outer loop
      vertex 80.25 -0.9510565162951535 41.69098300562505
      vertex 80.25 -0.9510565162951535 42.30901699437495
      vertex 80.25 -0.9781476007338057 42.20791169081776
    endloop
  endfacet
  facet normal 1 0 0
    outer loop
      vertex 80.25 -0.9135454576426009 41.5932633569242
      vertex 80.25 -0.9135454576426009 42.4067366430758
      vertex 80.25 -0.9510565162951535 42.30901699437495
    endloop
  endfacet
  facet normal 1 0 0
    outer loop
      vertex 80.25 -0.8660254037844386 41.5
      vertex 80.25 -0.8660254037844386 42.5
      vertex 80.25 -0.9135454576426009 42.4067366430758
    endloop
  endfacet
  facet normal 1 0 0
    outer loop
      vertex 80.25 -0.8090169943749475 41.41221474770753
      vertex 80.25 -0.8090169943749475 42.58778525229247
      vertex 80.25 -0.8660254037844386 42.5
    endloop
  endfacet
  facet normal 1 0 0
    outer loop
      vertex 80.25 -0.7431448254773942 41.330869393641144
      vertex 80.25 -0.7431448254773942 42.669130606358856
      vertex 80.25 -0.8090169943749475 42.58778525229247
    endloop
  endfacet
  facet normal 1 0 0
    outer loop
      vertex 80.25 -0.6691306063588582 41.256855174522606
      vertex 80.25 -0.6691306063588582 42.743144825477394
      vertex 80.25 -0.7431448254773942 42.669130606358856
    endloop
  endfacet
  facet normal 1 0 0
    outer loop
      vertex 80.25 -0.5877852522924731 41.19098300562505
      vertex 80.25 -0.5877852522924731 42.80901699437495
      vertex 80.25 -0.6691306063588582 42.743144825477394
    endloop
  endfacet
  facet normal 1 0 0
    outer loop
      vertex 80.25 -0.5 41.13397459621556
      vertex 80.25 -0.5 42.86602540378444
      vertex 80.25 -0.5877852522924731 42.80901699437495
    endloop
  endfacet
  facet normal 1 0 0
    outer loop
      vertex 80.25 -0.4067366430758002 41.0864545423574
      vertex 80.25 -0.4067366430758002 42.9135454576426
      vertex 80.25 -0.5 42.86602540378444
    endloop
  endfacet
  facet normal 1 0 0
    outer loop
      vertex 80.25 -0.3090169943749474 41.048943483704846
      vertex 80.25 -0.3090169943749474 42.951056516295154
      vertex 80.25 -0.4067366430758002 42.9135454576426
    endloop
  endfacet
  facet normal 1 0 0
    outer loop
      vertex 80.25 -0.20791169081775934 41.021852399266194
      vertex 80.25 -0.20791169081775934 42.978147600733806
      vertex 80.25 -0.3090169943749474 42.951056516295154
    endloop
  endfacet
  facet normal 1 0 0
    outer loop
      vertex 80.25 -0.10452846326765347 41.00547810463173
      vertex 80.25 -0.10452846326765347 42.99452189536827
      vertex 80.25 -0.20791169081775934 42.978147600733806
    endloop
  endfacet
  facet normal 1 0 0
    outer loop
      vertex 80.25 -0.10452846326765347 42.99452189536827
      vertex 80.25 0 41
      vertex 80.25 0 43
    endloop
  endfacet
  facet normal 0 0.0523359562429496 -0.9986295347545736
    outer loop
      vertex 18.75 99.10452846326766 41.00547810463173
      vertex 30.75 99.10452846326766 41.00547810463173
      vertex 18.75 99 41
    endloop
  endfacet
  facet normal 2.8804473329631296e-21 0.15643446504023686 -0.9876883405951368
    outer loop
      vertex 18.75 99.10452846326766 41.00547810463173
      vertex 18.75 99.20791169081775 41.021852399266194
      vertex 30.75 99.20791169081775 41.021852399266194
    endloop
  endfacet
  facet normal -9.193356902552175e-20 0.2588190451025148 -0.9659258262890699
    outer loop
      vertex 18.75 99.20791169081775 41.021852399266194
      vertex 18.75 99.30901699437494 41.048943483704846
      vertex 30.75 99.30901699437494 41.048943483704846
    endloop
  endfacet
  facet normal 5.0875231416631045e-21 0.35836794954529805 -0.9335804264972025
    outer loop
      vertex 18.75 99.30901699437494 41.048943483704846
      vertex 18.75 99.4067366430758 41.0864545423574
      vertex 30.75 99.4067366430758 41.0864545423574
    endloop
  endfacet
  facet normal 4.518737232459748e-21 0.4539904997395208 -0.8910065241883811
    outer loop
      vertex 18.75 99.4067366430758 41.0864545423574
      vertex 18.75 99.5 41.13397459621556
      vertex 30.75 99.5 41.13397459621556
    endloop
  endfacet
  facet normal -1 0 0
    outer loop
      vertex 18.75 99.10452846326766 41.00547810463173
      vertex 18.75 99 41
      vertex 18.75 99.10452846326766 42.99452189536827
    endloop
  endfacet
  facet normal -1 0 0
    outer loop
      vertex 18.75 99.10452846326766 41.00547810463173
      vertex 18.75 99.20791169081775 42.978147600733806
      vertex 18.75 99.20791169081775 41.021852399266194
    endloop
  endfacet
  facet normal -1 0 0
    outer loop
      vertex 18.75 99.20791169081775 41.021852399266194
      vertex 18.75 99.30901699437494 42.951056516295154
      vertex 18.75 99.30901699437494 41.048943483704846
    endloop
  endfacet
  facet normal -1 0 0
    outer loop
      vertex 18.75 99.30901699437494 41.048943483704846
      vertex 18.75 99.4067366430758 42.9135454576426
      vertex 18.75 99.4067366430758 41.0864545423574
    endloop
  endfacet
  facet normal -1 0 0
    outer loop
      vertex 18.75 99.4067366430758 41.0864545423574
      vertex 18.75 99.5 42.86602540378444
      vertex 18.75 99.5 41.13397459621556
    endloop
  endfacet
  facet normal -1 0 0
    outer loop
      vertex 18.75 99.5 41.13397459621556
      vertex 18.75 99.58778525229248 42.80901699437495
      vertex 18.75 99.58778525229248 41.19098300562505
    endloop
  endfacet
  facet normal -1 0 0
    outer loop
      vertex 18.75 99.58778525229248 41.19098300562505
      vertex 18.75 99.66913060635886 42.743144825477394
      vertex 18.75 99.66913060635886 41.256855174522606
    endloop
  endfacet
  facet normal -1 0 0
    outer loop
      vertex 18.75 99.66913060635886 41.256855174522606
      vertex 18.75 99.7431448254774 42.669130606358856
      vertex 18.75 99.7431448254774 41.330869393641144
    endloop
  endfacet
  facet normal -1 0 0
    outer loop
      vertex 18.75 99.7431448254774 41.330869393641144
      vertex 18.75 99.80901699437494 42.58778525229247
      vertex 18.75 99.80901699437494 41.41221474770753
    endloop
  endfacet
  facet normal -1 0 0
    outer loop
      vertex 18.75 99.80901699437494 41.41221474770753
      vertex 18.75 99.86602540378443 42.5
      vertex 18.75 99.86602540378443 41.5
    endloop
  endfacet
  facet normal -1 0 0
    outer loop
      vertex 18.75 99.86602540378443 41.5
      vertex 18.75 99.9135454576426 42.4067366430758
      vertex 18.75 99.9135454576426 41.5932633569242
    endloop
  endfacet
  facet normal -1 0 0
    outer loop
      vertex 18.75 99.10452846326766 42.99452189536827
      vertex 18.75 99 41
      vertex 18.75 99 43
    endloop
  endfacet
  facet normal -1 0 0
    outer loop
      vertex 18.75 99.10452846326766 41.00547810463173
      vertex 18.75 99.10452846326766 42.99452189536827
      vertex 18.75 99.20791169081775 42.978147600733806
    endloop
  endfacet
  facet normal -1 0 0
    outer loop
      vertex 18.75 99.9135454576426 41.5932633569242
      vertex 18.75 99.95105651629515 42.30901699437495
      vertex 18.75 99.95105651629515 41.69098300562505
    endloop
  endfacet
  facet normal -1 0 0
    outer loop
      vertex 18.75 99.95105651629515 41.69098300562505
      vertex 18.75 99.9781476007338 42.20791169081776
      vertex 18.75 99.9781476007338 41.79208830918224
    endloop
  endfacet
  facet normal -1 0 0
    outer loop
      vertex 18.75 99.9781476007338 41.79208830918224
      vertex 18.75 99.99452189536828 42.104528463267656
      vertex 18.75 99.99452189536828 41.895471536732344
    endloop
  endfacet
  facet normal -1 0 0
    outer loop
      vertex 18.75 99.99452189536828 41.895471536732344
      vertex 18.75 99.99452189536828 42.104528463267656
      vertex 18.75 100 42
    endloop
  endfacet
  facet normal -1 0 0
    outer loop
      vertex 18.75 99.9781476007338 41.79208830918224
      vertex 18.75 99.9781476007338 42.20791169081776
      vertex 18.75 99.99452189536828 42.104528463267656
    endloop
  endfacet
  facet normal -1 0 0
    outer loop
      vertex 18.75 99.66913060635886 41.256855174522606
      vertex 18.75 99.66913060635886 42.743144825477394
      vertex 18.75 99.7431448254774 42.669130606358856
    endloop
  endfacet
  facet normal -1 0 0
    outer loop
      vertex 18.75 99.7431448254774 41.330869393641144
      vertex 18.75 99.7431448254774 42.669130606358856
      vertex 18.75 99.80901699437494 42.58778525229247
    endloop
  endfacet
  facet normal -1 0 0
    outer loop
      vertex 18.75 99.95105651629515 41.69098300562505
      vertex 18.75 99.95105651629515 42.30901699437495
      vertex 18.75 99.9781476007338 42.20791169081776
    endloop
  endfacet
  facet normal -1 0 0
    outer loop
      vertex 18.75 99.9135454576426 41.5932633569242
      vertex 18.75 99.9135454576426 42.4067366430758
      vertex 18.75 99.95105651629515 42.30901699437495
    endloop
  endfacet
  facet normal -1 0 0
    outer loop
      vertex 18.75 99.86602540378443 41.5
      vertex 18.75 99.86602540378443 42.5
      vertex 18.75 99.9135454576426 42.4067366430758
    endloop
  endfacet
  facet normal -1 0 0
    outer loop
      vertex 18.75 99.80901699437494 41.41221474770753
      vertex 18.75 99.80901699437494 42.58778525229247
      vertex 18.75 99.86602540378443 42.5
    endloop
  endfacet
  facet normal -1 0 0
    outer loop
      vertex 18.75 99.20791169081775 41.021852399266194
      vertex 18.75 99.20791169081775 42.978147600733806
      vertex 18.75 99.30901699437494 42.951056516295154
    endloop
  endfacet
  facet normal -1 0 0
    outer loop
      vertex 18.75 99.30901699437494 41.048943483704846
      vertex 18.75 99.30901699437494 42.951056516295154
      vertex 18.75 99.4067366430758 42.9135454576426
    endloop
  endfacet
  facet normal -1 0 0
    outer loop
      vertex 18.75 99.4067366430758 41.0864545423574
      vertex 18.75 99.4067366430758 42.9135454576426
      vertex 18.75 99.5 42.86602540378444
    endloop
  endfacet
  facet normal -1 0 0
    outer loop
      vertex 18.75 99.5 41.13397459621556
      vertex 18.75 99.5 42.86602540378444
      vertex 18.75 99.58778525229248 42.80901699437495
    endloop
  endfacet
  facet normal -1 0 0
    outer loop
      vertex 18.75 99.58778525229248 41.19098300562505
      vertex 18.75 99.58778525229248 42.80901699437495
      vertex 18.75 99.66913060635886 42.743144825477394
    endloop
  endfacet
  facet normal 8.539933712094397e-20 0.5446390350150085 -0.838670567945436
    outer loop
      vertex 18.75 99.5 41.13397459621556
      vertex 18.75 99.58778525229248 41.19098300562505
      vertex 30.75 99.58778525229248 41.19098300562505
    endloop
  endfacet
  facet normal -1.4748308665685503e-19 0.629320391049851 -0.7771459614569598
    outer loop
      vertex 18.75 99.58778525229248 41.19098300562505
      vertex 18.75 99.66913060635886 41.256855174522606
      vertex 30.75 99.66913060635886 41.256855174522606
    endloop
  endfacet
  facet normal 0 0.7071067811865475 -0.7071067811865475
    outer loop
      vertex 18.75 99.66913060635886 41.256855174522606
      vertex 18.75 99.7431448254774 41.330869393641144
      vertex 30.75 99.66913060635886 41.256855174522606
    endloop
  endfacet
  facet normal 0 0.7771459614570263 -0.6293203910497691
    outer loop
      vertex 18.75 99.7431448254774 41.330869393641144
      vertex 18.75 99.80901699437494 41.41221474770753
      vertex 30.75 99.7431448254774 41.330869393641144
    endloop
  endfacet
  facet normal 0 0.838670567945416 -0.5446390350150395
    outer loop
      vertex 18.75 99.80901699437494 41.41221474770753
      vertex 18.75 99.86602540378443 41.5
      vertex 30.75 99.80901699437494 41.41221474770753
    endloop
  endfacet
  facet normal 0 0.8910065241883537 -0.4539904997395747
    outer loop
      vertex 18.75 99.86602540378443 41.5
      vertex 18.75 99.9135454576426 41.5932633569242
      vertex 30.75 99.86602540378443 41.5
    endloop
  endfacet
  facet normal 0 0.9335804264971939 -0.3583679495453208
    outer loop
      vertex 18.75 99.9135454576426 41.5932633569242
      vertex 18.75 99.95105651629515 41.69098300562505
      vertex 30.75 99.9135454576426 41.5932633569242
    endloop
  endfacet
  facet normal 0 0.9659258262890699 -0.2588190451025148
    outer loop
      vertex 18.75 99.95105651629515 41.69098300562505
      vertex 18.75 99.9781476007338 41.79208830918224
      vertex 30.75 99.95105651629515 41.69098300562505
    endloop
  endfacet
  facet normal 0 0.987688340595128 -0.1564344650402926
    outer loop
      vertex 18.75 99.9781476007338 41.79208830918224
      vertex 18.75 99.99452189536828 41.895471536732344
      vertex 30.75 99.9781476007338 41.79208830918224
    endloop
  endfacet
  facet normal 0 0.9986295347545772 -0.052335956242881905
    outer loop
      vertex 18.75 99.99452189536828 41.895471536732344
      vertex 18.75 100 42
      vertex 30.75 99.99452189536828 41.895471536732344
    endloop
  endfacet
  facet normal 0 0.9986295347545772 0.052335956242881905
    outer loop
      vertex 18.75 100 42
      vertex 18.75 99.99452189536828 42.104528463267656
      vertex 30.75 100 42
    endloop
  endfacet
  facet normal 0 0.987688340595128 0.1564344650402926
    outer loop
      vertex 18.75 99.99452189536828 42.104528463267656
      vertex 18.75 99.9781476007338 42.20791169081776
      vertex 30.75 99.99452189536828 42.104528463267656
    endloop
  endfacet
  facet normal 0 0.9659258262890699 0.2588190451025148
    outer loop
      vertex 18.75 99.9781476007338 42.20791169081776
      vertex 18.75 99.95105651629515 42.30901699437495
      vertex 30.75 99.9781476007338 42.20791169081776
    endloop
  endfacet
  facet normal 0 0.9335804264971939 0.3583679495453208
    outer loop
      vertex 18.75 99.95105651629515 42.30901699437495
      vertex 18.75 99.9135454576426 42.4067366430758
      vertex 30.75 99.95105651629515 42.30901699437495
    endloop
  endfacet
  facet normal 0 0.8910065241883537 0.4539904997395747
    outer loop
      vertex 18.75 99.9135454576426 42.4067366430758
      vertex 18.75 99.86602540378443 42.5
      vertex 30.75 99.9135454576426 42.4067366430758
    endloop
  endfacet
  facet normal 0 0.838670567945416 0.5446390350150395
    outer loop
      vertex 18.75 99.86602540378443 42.5
      vertex 18.75 99.80901699437494 42.58778525229247
      vertex 30.75 99.86602540378443 42.5
    endloop
  endfacet
  facet normal 2.7305895692891705e-20 0.0523359562429496 0.9986295347545736
    outer loop
      vertex 18.75 99.10452846326766 42.99452189536827
      vertex 18.75 99 43
      vertex 30.75 99 43
    endloop
  endfacet
  facet normal 0 0.15643446504023686 0.9876883405951368
    outer loop
      vertex 18.75 99.10452846326766 42.99452189536827
      vertex 30.75 99.10452846326766 42.99452189536827
      vertex 18.75 99.20791169081775 42.978147600733806
    endloop
  endfacet
  facet normal -5.0875231416631045e-21 0.35836794954529805 0.9335804264972025
    outer loop
      vertex 18.75 99.4067366430758 42.9135454576426
      vertex 18.75 99.30901699437494 42.951056516295154
      vertex 30.75 99.30901699437494 42.951056516295154
    endloop
  endfacet
  facet normal -8.539933712094397e-20 0.5446390350150085 0.838670567945436
    outer loop
      vertex 18.75 99.58778525229248 42.80901699437495
      vertex 18.75 99.5 42.86602540378444
      vertex 30.75 99.5 42.86602540378444
    endloop
  endfacet
  facet normal 0 0.4539904997395208 0.8910065241883811
    outer loop
      vertex 18.75 99.4067366430758 42.9135454576426
      vertex 30.75 99.4067366430758 42.9135454576426
      vertex 18.75 99.5 42.86602540378444
    endloop
  endfacet
  facet normal -1.6671380677020698e-20 0.7771459614570263 0.6293203910497691
    outer loop
      vertex 18.75 99.7431448254774 42.669130606358856
      vertex 30.75 99.80901699437494 42.58778525229247
      vertex 18.75 99.80901699437494 42.58778525229247
    endloop
  endfacet
  facet normal 0 0.7071067811865475 0.7071067811865475
    outer loop
      vertex 18.75 99.7431448254774 42.669130606358856
      vertex 18.75 99.66913060635886 42.743144825477394
      vertex 30.75 99.7431448254774 42.669130606358856
    endloop
  endfacet
  facet normal 0 0.629320391049851 0.7771459614569598
    outer loop
      vertex 18.75 99.58778525229248 42.80901699437495
      vertex 30.75 99.58778525229248 42.80901699437495
      vertex 18.75 99.66913060635886 42.743144825477394
    endloop
  endfacet
  facet normal 0 0.2588190451025148 0.9659258262890699
    outer loop
      vertex 18.75 99.20791169081775 42.978147600733806
      vertex 30.75 99.20791169081775 42.978147600733806
      vertex 18.75 99.30901699437494 42.951056516295154
    endloop
  endfacet
  facet normal -2.7305895692891705e-20 0.0523359562429496 -0.9986295347545736
    outer loop
      vertex 30.75 99.10452846326766 41.00547810463173
      vertex 30.75 99 41
      vertex 18.75 99 41
    endloop
  endfacet
  facet normal 0 0.15643446504023686 -0.9876883405951368
    outer loop
      vertex 18.75 99.10452846326766 41.00547810463173
      vertex 30.75 99.20791169081775 41.021852399266194
      vertex 30.75 99.10452846326766 41.00547810463173
    endloop
  endfacet
  facet normal 0 0.2588190451025148 -0.9659258262890699
    outer loop
      vertex 18.75 99.20791169081775 41.021852399266194
      vertex 30.75 99.30901699437494 41.048943483704846
      vertex 30.75 99.20791169081775 41.021852399266194
    endloop
  endfacet
  facet normal 0 0.35836794954529805 -0.9335804264972025
    outer loop
      vertex 18.75 99.30901699437494 41.048943483704846
      vertex 30.75 99.4067366430758 41.0864545423574
      vertex 30.75 99.30901699437494 41.048943483704846
    endloop
  endfacet
  facet normal 0 0.4539904997395208 -0.8910065241883811
    outer loop
      vertex 18.75 99.4067366430758 41.0864545423574
      vertex 30.75 99.5 41.13397459621556
      vertex 30.75 99.4067366430758 41.0864545423574
    endloop
  endfacet
  facet normal 0 0.5446390350150085 -0.838670567945436
    outer loop
      vertex 18.75 99.5 41.13397459621556
      vertex 30.75 99.58778525229248 41.19098300562505
      vertex 30.75 99.5 41.13397459621556
    endloop
  endfacet
  facet normal 0 0.629320391049851 -0.7771459614569598
    outer loop
      vertex 18.75 99.58778525229248 41.19098300562505
      vertex 30.75 99.66913060635886 41.256855174522606
      vertex 30.75 99.58778525229248 41.19098300562505
    endloop
  endfacet
  facet normal 0 0.7071067811865475 -0.7071067811865475
    outer loop
      vertex 18.75 99.7431448254774 41.330869393641144
      vertex 30.75 99.7431448254774 41.330869393641144
      vertex 30.75 99.66913060635886 41.256855174522606
    endloop
  endfacet
  facet normal 0 0.7771459614570263 -0.6293203910497691
    outer loop
      vertex 18.75 99.80901699437494 41.41221474770753
      vertex 30.75 99.80901699437494 41.41221474770753
      vertex 30.75 99.7431448254774 41.330869393641144
    endloop
  endfacet
  facet normal 0 0.838670567945416 -0.5446390350150395
    outer loop
      vertex 18.75 99.86602540378443 41.5
      vertex 30.75 99.86602540378443 41.5
      vertex 30.75 99.80901699437494 41.41221474770753
    endloop
  endfacet
  facet normal 0 0.8910065241883537 -0.4539904997395747
    outer loop
      vertex 18.75 99.9135454576426 41.5932633569242
      vertex 30.75 99.9135454576426 41.5932633569242
      vertex 30.75 99.86602540378443 41.5
    endloop
  endfacet
  facet normal 0 0.9335804264971939 -0.3583679495453208
    outer loop
      vertex 18.75 99.95105651629515 41.69098300562505
      vertex 30.75 99.95105651629515 41.69098300562505
      vertex 30.75 99.9135454576426 41.5932633569242
    endloop
  endfacet
  facet normal 0 0.9659258262890699 -0.2588190451025148
    outer loop
      vertex 18.75 99.9781476007338 41.79208830918224
      vertex 30.75 99.9781476007338 41.79208830918224
      vertex 30.75 99.95105651629515 41.69098300562505
    endloop
  endfacet
  facet normal 0 0.987688340595128 -0.1564344650402926
    outer loop
      vertex 18.75 99.99452189536828 41.895471536732344
      vertex 30.75 99.99452189536828 41.895471536732344
      vertex 30.75 99.9781476007338 41.79208830918224
    endloop
  endfacet
  facet normal 0 0.9986295347545772 -0.052335956242881905
    outer loop
      vertex 18.75 100 42
      vertex 30.75 100 42
      vertex 30.75 99.99452189536828 41.895471536732344
    endloop
  endfacet
  facet normal 0 0.9986295347545772 0.052335956242881905
    outer loop
      vertex 18.75 99.99452189536828 42.104528463267656
      vertex 30.75 99.99452189536828 42.104528463267656
      vertex 30.75 100 42
    endloop
  endfacet
  facet normal 0 0.987688340595128 0.1564344650402926
    outer loop
      vertex 18.75 99.9781476007338 42.20791169081776
      vertex 30.75 99.9781476007338 42.20791169081776
      vertex 30.75 99.99452189536828 42.104528463267656
    endloop
  endfacet
  facet normal 0 0.9659258262890699 0.2588190451025148
    outer loop
      vertex 18.75 99.95105651629515 42.30901699437495
      vertex 30.75 99.95105651629515 42.30901699437495
      vertex 30.75 99.9781476007338 42.20791169081776
    endloop
  endfacet
  facet normal 0 0.9335804264971939 0.3583679495453208
    outer loop
      vertex 18.75 99.9135454576426 42.4067366430758
      vertex 30.75 99.9135454576426 42.4067366430758
      vertex 30.75 99.95105651629515 42.30901699437495
    endloop
  endfacet
  facet normal 0 0.8910065241883537 0.4539904997395747
    outer loop
      vertex 18.75 99.86602540378443 42.5
      vertex 30.75 99.86602540378443 42.5
      vertex 30.75 99.9135454576426 42.4067366430758
    endloop
  endfacet
  facet normal 0 0.838670567945416 0.5446390350150395
    outer loop
      vertex 18.75 99.80901699437494 42.58778525229247
      vertex 30.75 99.80901699437494 42.58778525229247
      vertex 30.75 99.86602540378443 42.5
    endloop
  endfacet
  facet normal 0 0.0523359562429496 0.9986295347545736
    outer loop
      vertex 18.75 99.10452846326766 42.99452189536827
      vertex 30.75 99 43
      vertex 30.75 99.10452846326766 42.99452189536827
    endloop
  endfacet
  facet normal 0 0.15643446504023686 0.9876883405951368
    outer loop
      vertex 18.75 99.20791169081775 42.978147600733806
      vertex 30.75 99.10452846326766 42.99452189536827
      vertex 30.75 99.20791169081775 42.978147600733806
    endloop
  endfacet
  facet normal 0 0.2588190451025148 0.9659258262890699
    outer loop
      vertex 18.75 99.30901699437494 42.951056516295154
      vertex 30.75 99.20791169081775 42.978147600733806
      vertex 30.75 99.30901699437494 42.951056516295154
    endloop
  endfacet
  facet normal 0 0.35836794954529805 0.9335804264972025
    outer loop
      vertex 18.75 99.4067366430758 42.9135454576426
      vertex 30.75 99.30901699437494 42.951056516295154
      vertex 30.75 99.4067366430758 42.9135454576426
    endloop
  endfacet
  facet normal 0 0.5446390350150085 0.838670567945436
    outer loop
      vertex 18.75 99.58778525229248 42.80901699437495
      vertex 30.75 99.5 42.86602540378444
      vertex 30.75 99.58778525229248 42.80901699437495
    endloop
  endfacet
  facet normal 0 0.4539904997395208 0.8910065241883811
    outer loop
      vertex 18.75 99.5 42.86602540378444
      vertex 30.75 99.4067366430758 42.9135454576426
      vertex 30.75 99.5 42.86602540378444
    endloop
  endfacet
  facet normal 0 0.7771459614570263 0.6293203910497691
    outer loop
      vertex 18.75 99.7431448254774 42.669130606358856
      vertex 30.75 99.7431448254774 42.669130606358856
      vertex 30.75 99.80901699437494 42.58778525229247
    endloop
  endfacet
  facet normal 0 0.7071067811865475 0.7071067811865475
    outer loop
      vertex 18.75 99.66913060635886 42.743144825477394
      vertex 30.75 99.66913060635886 42.743144825477394
      vertex 30.75 99.7431448254774 42.669130606358856
    endloop
  endfacet
  facet normal 0 0.629320391049851 0.7771459614569598
    outer loop
      vertex 18.75 99.66913060635886 42.743144825477394
      vertex 30.75 99.58778525229248 42.80901699437495
      vertex 30.75 99.66913060635886 42.743144825477394
    endloop
  endfacet
  facet normal 1 0 0
    outer loop
      vertex 30.75 99.10452846326766 41.00547810463173
      vertex 30.75 99 43
      vertex 30.75 99 41
    endloop
  endfacet
  facet normal 1 0 0
    outer loop
      vertex 30.75 99.10452846326766 41.00547810463173
      vertex 30.75 99.20791169081775 41.021852399266194
      vertex 30.75 99.10452846326766 42.99452189536827
    endloop
  endfacet
  facet normal 1 0 0
    outer loop
      vertex 30.75 99.20791169081775 41.021852399266194
      vertex 30.75 99.30901699437494 41.048943483704846
      vertex 30.75 99.20791169081775 42.978147600733806
    endloop
  endfacet
  facet normal 1 0 0
    outer loop
      vertex 30.75 99.30901699437494 41.048943483704846
      vertex 30.75 99.4067366430758 41.0864545423574
      vertex 30.75 99.30901699437494 42.951056516295154
    endloop
  endfacet
  facet normal 1 0 0
    outer loop
      vertex 30.75 99.4067366430758 41.0864545423574
      vertex 30.75 99.5 41.13397459621556
      vertex 30.75 99.4067366430758 42.9135454576426
    endloop
  endfacet
  facet normal 1 0 0
    outer loop
      vertex 30.75 99.5 41.13397459621556
      vertex 30.75 99.58778525229248 41.19098300562505
      vertex 30.75 99.5 42.86602540378444
    endloop
  endfacet
  facet normal 1 0 0
    outer loop
      vertex 30.75 99.58778525229248 41.19098300562505
      vertex 30.75 99.66913060635886 41.256855174522606
      vertex 30.75 99.58778525229248 42.80901699437495
    endloop
  endfacet
  facet normal 1 0 0
    outer loop
      vertex 30.75 99.66913060635886 41.256855174522606
      vertex 30.75 99.7431448254774 41.330869393641144
      vertex 30.75 99.66913060635886 42.743144825477394
    endloop
  endfacet
  facet normal 1 0 0
    outer loop
      vertex 30.75 99.7431448254774 41.330869393641144
      vertex 30.75 99.80901699437494 41.41221474770753
      vertex 30.75 99.7431448254774 42.669130606358856
    endloop
  endfacet
  facet normal 1 0 0
    outer loop
      vertex 30.75 99.80901699437494 41.41221474770753
      vertex 30.75 99.86602540378443 41.5
      vertex 30.75 99.80901699437494 42.58778525229247
    endloop
  endfacet
  facet normal 1 0 0
    outer loop
      vertex 30.75 99.10452846326766 41.00547810463173
      vertex 30.75 99.10452846326766 42.99452189536827
      vertex 30.75 99 43
    endloop
  endfacet
  facet normal 1 0 0
    outer loop
      vertex 30.75 99.20791169081775 41.021852399266194
      vertex 30.75 99.20791169081775 42.978147600733806
      vertex 30.75 99.10452846326766 42.99452189536827
    endloop
  endfacet
  facet normal 1 0 0
    outer loop
      vertex 30.75 99.86602540378443 41.5
      vertex 30.75 99.9135454576426 41.5932633569242
      vertex 30.75 99.86602540378443 42.5
    endloop
  endfacet
  facet normal 1 0 0
    outer loop
      vertex 30.75 99.9135454576426 41.5932633569242
      vertex 30.75 99.95105651629515 41.69098300562505
      vertex 30.75 99.9135454576426 42.4067366430758
    endloop
  endfacet
  facet normal 1 0 0
    outer loop
      vertex 30.75 99.95105651629515 41.69098300562505
      vertex 30.75 99.9781476007338 41.79208830918224
      vertex 30.75 99.95105651629515 42.30901699437495
    endloop
  endfacet
  facet normal 1 0 0
    outer loop
      vertex 30.75 99.9781476007338 41.79208830918224
      vertex 30.75 99.99452189536828 41.895471536732344
      vertex 30.75 99.9781476007338 42.20791169081776
    endloop
  endfacet
  facet normal 1 0 0
    outer loop
      vertex 30.75 99.99452189536828 41.895471536732344
      vertex 30.75 100 42
      vertex 30.75 99.99452189536828 42.104528463267656
    endloop
  endfacet
  facet normal 1 0 0
    outer loop
      vertex 30.75 99.80901699437494 41.41221474770753
      vertex 30.75 99.80901699437494 42.58778525229247
      vertex 30.75 99.7431448254774 42.669130606358856
    endloop
  endfacet
  facet normal 1 0 0
    outer loop
      vertex 30.75 99.99452189536828 41.895471536732344
      vertex 30.75 99.99452189536828 42.104528463267656
      vertex 30.75 99.9781476007338 42.20791169081776
    endloop
  endfacet
  facet normal 1 0 0
    outer loop
      vertex 30.75 99.9781476007338 41.79208830918224
      vertex 30.75 99.9781476007338 42.20791169081776
      vertex 30.75 99.95105651629515 42.30901699437495
    endloop
  endfacet
  facet normal 1 0 0
    outer loop
      vertex 30.75 99.9135454576426 41.5932633569242
      vertex 30.75 99.9135454576426 42.4067366430758
      vertex 30.75 99.86602540378443 42.5
    endloop
  endfacet
  facet normal 1 0 0
    outer loop
      vertex 30.75 99.86602540378443 41.5
      vertex 30.75 99.86602540378443 42.5
      vertex 30.75 99.80901699437494 42.58778525229247
    endloop
  endfacet
  facet normal 1 0 0
    outer loop
      vertex 30.75 99.95105651629515 41.69098300562505
      vertex 30.75 99.95105651629515 42.30901699437495
      vertex 30.75 99.9135454576426 42.4067366430758
    endloop
  endfacet
  facet normal 1 0 0
    outer loop
      vertex 30.75 99.4067366430758 41.0864545423574
      vertex 30.75 99.4067366430758 42.9135454576426
      vertex 30.75 99.30901699437494 42.951056516295154
    endloop
  endfacet
  facet normal 1 0 0
    outer loop
      vertex 30.75 99.30901699437494 41.048943483704846
      vertex 30.75 99.30901699437494 42.951056516295154
      vertex 30.75 99.20791169081775 42.978147600733806
    endloop
  endfacet
  facet normal 1 0 0
    outer loop
      vertex 30.75 99.5 41.13397459621556
      vertex 30.75 99.5 42.86602540378444
      vertex 30.75 99.4067366430758 42.9135454576426
    endloop
  endfacet
  facet normal 1 0 0
    outer loop
      vertex 30.75 99.58778525229248 41.19098300562505
      vertex 30.75 99.58778525229248 42.80901699437495
      vertex 30.75 99.5 42.86602540378444
    endloop
  endfacet
  facet normal 1 0 0
    outer loop
      vertex 30.75 99.66913060635886 41.256855174522606
      vertex 30.75 99.66913060635886 42.743144825477394
      vertex 30.75 99.58778525229248 42.80901699437495
    endloop
  endfacet
  facet normal 1 0 0
    outer loop
      vertex 30.75 99.7431448254774 41.330869393641144
      vertex 30.75 99.7431448254774 42.669130606358856
      vertex 30.75 99.66913060635886 42.743144825477394
    endloop
  endfacet
  facet normal 0 0.0523359562429496 -0.9986295347545736
    outer loop
      vertex 68.25 99.10452846326766 41.00547810463173
      vertex 80.25 99.10452846326766 41.00547810463173
      vertex 68.25 99 41
    endloop
  endfacet
  facet normal 2.8804473329631296e-21 0.15643446504023686 -0.9876883405951368
    outer loop
      vertex 68.25 99.10452846326766 41.00547810463173
      vertex 68.25 99.20791169081775 41.021852399266194
      vertex 80.25 99.20791169081775 41.021852399266194
    endloop
  endfacet
  facet normal -9.193356902552175e-20 0.2588190451025148 -0.9659258262890699
    outer loop
      vertex 68.25 99.20791169081775 41.021852399266194
      vertex 68.25 99.30901699437494 41.048943483704846
      vertex 80.25 99.30901699437494 41.048943483704846
    endloop
  endfacet
  facet normal 5.0875231416631045e-21 0.35836794954529805 -0.9335804264972025
    outer loop
      vertex 68.25 99.30901699437494 41.048943483704846
      vertex 68.25 99.4067366430758 41.0864545423574
      vertex 80.25 99.4067366430758 41.0864545423574
    endloop
  endfacet
  facet normal 4.518737232459748e-21 0.4539904997395208 -0.8910065241883811
    outer loop
      vertex 68.25 99.4067366430758 41.0864545423574
      vertex 68.25 99.5 41.13397459621556
      vertex 80.25 99.5 41.13397459621556
    endloop
  endfacet
  facet normal -1 0 0
    outer loop
      vertex 68.25 99.10452846326766 41.00547810463173
      vertex 68.25 99 41
      vertex 68.25 99.10452846326766 42.99452189536827
    endloop
  endfacet
  facet normal -1 0 0
    outer loop
      vertex 68.25 99.10452846326766 41.00547810463173
      vertex 68.25 99.20791169081775 42.978147600733806
      vertex 68.25 99.20791169081775 41.021852399266194
    endloop
  endfacet
  facet normal -1 0 0
    outer loop
      vertex 68.25 99.20791169081775 41.021852399266194
      vertex 68.25 99.30901699437494 42.951056516295154
      vertex 68.25 99.30901699437494 41.048943483704846
    endloop
  endfacet
  facet normal -1 0 0
    outer loop
      vertex 68.25 99.30901699437494 41.048943483704846
      vertex 68.25 99.4067366430758 42.9135454576426
      vertex 68.25 99.4067366430758 41.0864545423574
    endloop
  endfacet
  facet normal -1 0 0
    outer loop
      vertex 68.25 99.4067366430758 41.0864545423574
      vertex 68.25 99.5 42.86602540378444
      vertex 68.25 99.5 41.13397459621556
    endloop
  endfacet
  facet normal -1 0 0
    outer loop
      vertex 68.25 99.5 41.13397459621556
      vertex 68.25 99.58778525229248 42.80901699437495
      vertex 68.25 99.58778525229248 41.19098300562505
    endloop
  endfacet
  facet normal -1 0 0
    outer loop
      vertex 68.25 99.58778525229248 41.19098300562505
      vertex 68.25 99.66913060635886 42.743144825477394
      vertex 68.25 99.66913060635886 41.256855174522606
    endloop
  endfacet
  facet normal -1 0 0
    outer loop
      vertex 68.25 99.66913060635886 41.256855174522606
      vertex 68.25 99.7431448254774 42.669130606358856
      vertex 68.25 99.7431448254774 41.330869393641144
    endloop
  endfacet
  facet normal -1 0 0
    outer loop
      vertex 68.25 99.7431448254774 41.330869393641144
      vertex 68.25 99.80901699437494 42.58778525229247
      vertex 68.25 99.80901699437494 41.41221474770753
    endloop
  endfacet
  facet normal -1 0 0
    outer loop
      vertex 68.25 99.80901699437494 41.41221474770753
      vertex 68.25 99.86602540378443 42.5
      vertex 68.25 99.86602540378443 41.5
    endloop
  endfacet
  facet normal -1 0 0
    outer loop
      vertex 68.25 99.86602540378443 41.5
      vertex 68.25 99.9135454576426 42.4067366430758
      vertex 68.25 99.9135454576426 41.5932633569242
    endloop
  endfacet
  facet normal -1 0 0
    outer loop
      vertex 68.25 99.10452846326766 42.99452189536827
      vertex 68.25 99 41
      vertex 68.25 99 43
    endloop
  endfacet
  facet normal -1 0 0
    outer loop
      vertex 68.25 99.10452846326766 41.00547810463173
      vertex 68.25 99.10452846326766 42.99452189536827
      vertex 68.25 99.20791169081775 42.978147600733806
    endloop
  endfacet
  facet normal -1 0 0
    outer loop
      vertex 68.25 99.9135454576426 41.5932633569242
      vertex 68.25 99.95105651629515 42.30901699437495
      vertex 68.25 99.95105651629515 41.69098300562505
    endloop
  endfacet
  facet normal -1 0 0
    outer loop
      vertex 68.25 99.95105651629515 41.69098300562505
      vertex 68.25 99.9781476007338 42.20791169081776
      vertex 68.25 99.9781476007338 41.79208830918224
    endloop
  endfacet
  facet normal -1 0 0
    outer loop
      vertex 68.25 99.9781476007338 41.79208830918224
      vertex 68.25 99.99452189536828 42.104528463267656
      vertex 68.25 99.99452189536828 41.895471536732344
    endloop
  endfacet
  facet normal -1 0 0
    outer loop
      vertex 68.25 99.99452189536828 41.895471536732344
      vertex 68.25 99.99452189536828 42.104528463267656
      vertex 68.25 100 42
    endloop
  endfacet
  facet normal -1 0 0
    outer loop
      vertex 68.25 99.9781476007338 41.79208830918224
      vertex 68.25 99.9781476007338 42.20791169081776
      vertex 68.25 99.99452189536828 42.104528463267656
    endloop
  endfacet
  facet normal -1 0 0
    outer loop
      vertex 68.25 99.66913060635886 41.256855174522606
      vertex 68.25 99.66913060635886 42.743144825477394
      vertex 68.25 99.7431448254774 42.669130606358856
    endloop
  endfacet
  facet normal -1 0 0
    outer loop
      vertex 68.25 99.7431448254774 41.330869393641144
      vertex 68.25 99.7431448254774 42.669130606358856
      vertex 68.25 99.80901699437494 42.58778525229247
    endloop
  endfacet
  facet normal -1 0 0
    outer loop
      vertex 68.25 99.95105651629515 41.69098300562505
      vertex 68.25 99.95105651629515 42.30901699437495
      vertex 68.25 99.9781476007338 42.20791169081776
    endloop
  endfacet
  facet normal -1 0 0
    outer loop
      vertex 68.25 99.9135454576426 41.5932633569242
      vertex 68.25 99.9135454576426 42.4067366430758
      vertex 68.25 99.95105651629515 42.30901699437495
    endloop
  endfacet
  facet normal -1 0 0
    outer loop
      vertex 68.25 99.86602540378443 41.5
      vertex 68.25 99.86602540378443 42.5
      vertex 68.25 99.9135454576426 42.4067366430758
    endloop
  endfacet
  facet normal -1 0 0
    outer loop
      vertex 68.25 99.80901699437494 41.41221474770753
      vertex 68.25 99.80901699437494 42.58778525229247
      vertex 68.25 99.86602540378443 42.5
    endloop
  endfacet
  facet normal -1 0 0
    outer loop
      vertex 68.25 99.20791169081775 41.021852399266194
      vertex 68.25 99.20791169081775 42.978147600733806
      vertex 68.25 99.30901699437494 42.951056516295154
    endloop
  endfacet
  facet normal -1 0 0
    outer loop
      vertex 68.25 99.30901699437494 41.048943483704846
      vertex 68.25 99.30901699437494 42.951056516295154
      vertex 68.25 99.4067366430758 42.9135454576426
    endloop
  endfacet
  facet normal -1 0 0
    outer loop
      vertex 68.25 99.4067366430758 41.0864545423574
      vertex 68.25 99.4067366430758 42.9135454576426
      vertex 68.25 99.5 42.86602540378444
    endloop
  endfacet
  facet normal -1 0 0
    outer loop
      vertex 68.25 99.5 41.13397459621556
      vertex 68.25 99.5 42.86602540378444
      vertex 68.25 99.58778525229248 42.80901699437495
    endloop
  endfacet
  facet normal -1 0 0
    outer loop
      vertex 68.25 99.58778525229248 41.19098300562505
      vertex 68.25 99.58778525229248 42.80901699437495
      vertex 68.25 99.66913060635886 42.743144825477394
    endloop
  endfacet
  facet normal 8.539933712094397e-20 0.5446390350150085 -0.838670567945436
    outer loop
      vertex 68.25 99.5 41.13397459621556
      vertex 68.25 99.58778525229248 41.19098300562505
      vertex 80.25 99.58778525229248 41.19098300562505
    endloop
  endfacet
  facet normal -1.4748308665685503e-19 0.629320391049851 -0.7771459614569598
    outer loop
      vertex 68.25 99.58778525229248 41.19098300562505
      vertex 68.25 99.66913060635886 41.256855174522606
      vertex 80.25 99.66913060635886 41.256855174522606
    endloop
  endfacet
  facet normal 0 0.7071067811865475 -0.7071067811865475
    outer loop
      vertex 68.25 99.66913060635886 41.256855174522606
      vertex 68.25 99.7431448254774 41.330869393641144
      vertex 80.25 99.66913060635886 41.256855174522606
    endloop
  endfacet
  facet normal 0 0.7771459614570263 -0.6293203910497691
    outer loop
      vertex 68.25 99.7431448254774 41.330869393641144
      vertex 68.25 99.80901699437494 41.41221474770753
      vertex 80.25 99.7431448254774 41.330869393641144
    endloop
  endfacet
  facet normal 0 0.838670567945416 -0.5446390350150395
    outer loop
      vertex 68.25 99.80901699437494 41.41221474770753
      vertex 68.25 99.86602540378443 41.5
      vertex 80.25 99.80901699437494 41.41221474770753
    endloop
  endfacet
  facet normal 0 0.8910065241883537 -0.4539904997395747
    outer loop
      vertex 68.25 99.86602540378443 41.5
      vertex 68.25 99.9135454576426 41.5932633569242
      vertex 80.25 99.86602540378443 41.5
    endloop
  endfacet
  facet normal 0 0.9335804264971939 -0.3583679495453208
    outer loop
      vertex 68.25 99.9135454576426 41.5932633569242
      vertex 68.25 99.95105651629515 41.69098300562505
      vertex 80.25 99.9135454576426 41.5932633569242
    endloop
  endfacet
  facet normal 0 0.9659258262890699 -0.2588190451025148
    outer loop
      vertex 68.25 99.95105651629515 41.69098300562505
      vertex 68.25 99.9781476007338 41.79208830918224
      vertex 80.25 99.95105651629515 41.69098300562505
    endloop
  endfacet
  facet normal 0 0.987688340595128 -0.1564344650402926
    outer loop
      vertex 68.25 99.9781476007338 41.79208830918224
      vertex 68.25 99.99452189536828 41.895471536732344
      vertex 80.25 99.9781476007338 41.79208830918224
    endloop
  endfacet
  facet normal 0 0.9986295347545772 -0.052335956242881905
    outer loop
      vertex 68.25 99.99452189536828 41.895471536732344
      vertex 68.25 100 42
      vertex 80.25 99.99452189536828 41.895471536732344
    endloop
  endfacet
  facet normal 0 0.9986295347545772 0.052335956242881905
    outer loop
      vertex 68.25 100 42
      vertex 68.25 99.99452189536828 42.104528463267656
      vertex 80.25 100 42
    endloop
  endfacet
  facet normal 0 0.987688340595128 0.1564344650402926
    outer loop
      vertex 68.25 99.99452189536828 42.104528463267656
      vertex 68.25 99.9781476007338 42.20791169081776
      vertex 80.25 99.99452189536828 42.104528463267656
    endloop
  endfacet
  facet normal 0 0.9659258262890699 0.2588190451025148
    outer loop
      vertex 68.25 99.9781476007338 42.20791169081776
      vertex 68.25 99.95105651629515 42.30901699437495
      vertex 80.25 99.9781476007338 42.20791169081776
    endloop
  endfacet
  facet normal 0 0.9335804264971939 0.3583679495453208
    outer loop
      vertex 68.25 99.95105651629515 42.30901699437495
      vertex 68.25 99.9135454576426 42.4067366430758
      vertex 80.25 99.95105651629515 42.30901699437495
    endloop
  endfacet
  facet normal 0 0.8910065241883537 0.4539904997395747
    outer loop
      vertex 68.25 99.9135454576426 42.4067366430758
      vertex 68.25 99.86602540378443 42.5
      vertex 80.25 99.9135454576426 42.4067366430758
    endloop
  endfacet
  facet normal 0 0.838670567945416 0.5446390350150395
    outer loop
      vertex 68.25 99.86602540378443 42.5
      vertex 68.25 99.80901699437494 42.58778525229247
      vertex 80.25 99.86602540378443 42.5
    endloop
  endfacet
  facet normal 2.7305895692891705e-20 0.0523359562429496 0.9986295347545736
    outer loop
      vertex 68.25 99.10452846326766 42.99452189536827
      vertex 68.25 99 43
      vertex 80.25 99 43
    endloop
  endfacet
  facet normal 0 0.15643446504023686 0.9876883405951368
    outer loop
      vertex 68.25 99.10452846326766 42.99452189536827
      vertex 80.25 99.10452846326766 42.99452189536827
      vertex 68.25 99.20791169081775 42.978147600733806
    endloop
  endfacet
  facet normal -5.0875231416631045e-21 0.35836794954529805 0.9335804264972025
    outer loop
      vertex 68.25 99.4067366430758 42.9135454576426
      vertex 68.25 99.30901699437494 42.951056516295154
      vertex 80.25 99.30901699437494 42.951056516295154
    endloop
  endfacet
  facet normal -8.539933712094397e-20 0.5446390350150085 0.838670567945436
    outer loop
      vertex 68.25 99.58778525229248 42.80901699437495
      vertex 68.25 99.5 42.86602540378444
      vertex 80.25 99.5 42.86602540378444
    endloop
  endfacet
  facet normal 0 0.4539904997395208 0.8910065241883811
    outer loop
      vertex 68.25 99.4067366430758 42.9135454576426
      vertex 80.25 99.4067366430758 42.9135454576426
      vertex 68.25 99.5 42.86602540378444
    endloop
  endfacet
  facet normal -1.6671380677020698e-20 0.7771459614570263 0.6293203910497691
    outer loop
      vertex 68.25 99.7431448254774 42.669130606358856
      vertex 80.25 99.80901699437494 42.58778525229247
      vertex 68.25 99.80901699437494 42.58778525229247
    endloop
  endfacet
  facet normal 0 0.7071067811865475 0.7071067811865475
    outer loop
      vertex 68.25 99.7431448254774 42.669130606358856
      vertex 68.25 99.66913060635886 42.743144825477394
      vertex 80.25 99.7431448254774 42.669130606358856
    endloop
  endfacet
  facet normal 0 0.629320391049851 0.7771459614569598
    outer loop
      vertex 68.25 99.58778525229248 42.80901699437495
      vertex 80.25 99.58778525229248 42.80901699437495
      vertex 68.25 99.66913060635886 42.743144825477394
    endloop
  endfacet
  facet normal 0 0.2588190451025148 0.9659258262890699
    outer loop
      vertex 68.25 99.20791169081775 42.978147600733806
      vertex 80.25 99.20791169081775 42.978147600733806
      vertex 68.25 99.30901699437494 42.951056516295154
    endloop
  endfacet
  facet normal -2.7305895692891705e-20 0.0523359562429496 -0.9986295347545736
    outer loop
      vertex 80.25 99.10452846326766 41.00547810463173
      vertex 80.25 99 41
      vertex 68.25 99 41
    endloop
  endfacet
  facet normal 0 0.15643446504023686 -0.9876883405951368
    outer loop
      vertex 68.25 99.10452846326766 41.00547810463173
      vertex 80.25 99.20791169081775 41.021852399266194
      vertex 80.25 99.10452846326766 41.00547810463173
    endloop
  endfacet
  facet normal 0 0.2588190451025148 -0.9659258262890699
    outer loop
      vertex 68.25 99.20791169081775 41.021852399266194
      vertex 80.25 99.30901699437494 41.048943483704846
      vertex 80.25 99.20791169081775 41.021852399266194
    endloop
  endfacet
  facet normal 0 0.35836794954529805 -0.9335804264972025
    outer loop
      vertex 68.25 99.30901699437494 41.048943483704846
      vertex 80.25 99.4067366430758 41.0864545423574
      vertex 80.25 99.30901699437494 41.048943483704846
    endloop
  endfacet
  facet normal 0 0.4539904997395208 -0.8910065241883811
    outer loop
      vertex 68.25 99.4067366430758 41.0864545423574
      vertex 80.25 99.5 41.13397459621556
      vertex 80.25 99.4067366430758 41.0864545423574
    endloop
  endfacet
  facet normal 0 0.5446390350150085 -0.838670567945436
    outer loop
      vertex 68.25 99.5 41.13397459621556
      vertex 80.25 99.58778525229248 41.19098300562505
      vertex 80.25 99.5 41.13397459621556
    endloop
  endfacet
  facet normal 0 0.629320391049851 -0.7771459614569598
    outer loop
      vertex 68.25 99.58778525229248 41.19098300562505
      vertex 80.25 99.66913060635886 41.256855174522606
      vertex 80.25 99.58778525229248 41.19098300562505
    endloop
  endfacet
  facet normal 0 0.7071067811865475 -0.7071067811865475
    outer loop
      vertex 68.25 99.7431448254774 41.330869393641144
      vertex 80.25 99.7431448254774 41.330869393641144
      vertex 80.25 99.66913060635886 41.256855174522606
    endloop
  endfacet
  facet normal 0 0.7771459614570263 -0.6293203910497691
    outer loop
      vertex 68.25 99.80901699437494 41.41221474770753
      vertex 80.25 99.80901699437494 41.41221474770753
      vertex 80.25 99.7431448254774 41.330869393641144
    endloop
  endfacet
  facet normal 0 0.838670567945416 -0.5446390350150395
    outer loop
      vertex 68.25 99.86602540378443 41.5
      vertex 80.25 99.86602540378443 41.5
      vertex 80.25 99.80901699437494 41.41221474770753
    endloop
  endfacet
  facet normal 0 0.8910065241883537 -0.4539904997395747
    outer loop
      vertex 68.25 99.9135454576426 41.5932633569242
      vertex 80.25 99.9135454576426 41.5932633569242
      vertex 80.25 99.86602540378443 41.5
    endloop
  endfacet
  facet normal 0 0.9335804264971939 -0.3583679495453208
    outer loop
      vertex 68.25 99.95105651629515 41.69098300562505
      vertex 80.25 99.95105651629515 41.69098300562505
      vertex 80.25 99.9135454576426 41.5932633569242
    endloop
  endfacet
  facet normal 0 0.9659258262890699 -0.2588190451025148
    outer loop
      vertex 68.25 99.9781476007338 41.79208830918224
      vertex 80.25 99.9781476007338 41.79208830918224
      vertex 80.25 99.95105651629515 41.69098300562505
    endloop
  endfacet
  facet normal 0 0.987688340595128 -0.1564344650402926
    outer loop
      vertex 68.25 99.99452189536828 41.895471536732344
      vertex 80.25 99.99452189536828 41.895471536732344
      vertex 80.25 99.9781476007338 41.79208830918224
    endloop
  endfacet
  facet normal 0 0.9986295347545772 -0.052335956242881905
    outer loop
      vertex 68.25 100 42
      vertex 80.25 100 42
      vertex 80.25 99.99452189536828 41.895471536732344
    endloop
  endfacet
  facet normal 0 0.9986295347545772 0.052335956242881905
    outer loop
      vertex 68.25 99.99452189536828 42.104528463267656
      vertex 80.25 99.99452189536828 42.104528463267656
      vertex 80.25 100 42
    endloop
  endfacet
  facet normal 0 0.987688340595128 0.1564344650402926
    outer loop
      vertex 68.25 99.9781476007338 42.20791169081776
      vertex 80.25 99.9781476007338 42.20791169081776
      vertex 80.25 99.99452189536828 42.104528463267656
    endloop
  endfacet
  facet normal 0 0.9659258262890699 0.2588190451025148
    outer loop
      vertex 68.25 99.95105651629515 42.30901699437495
      vertex 80.25 99.95105651629515 42.30901699437495
      vertex 80.25 99.9781476007338 42.20791169081776
    endloop
  endfacet
  facet normal 0 0.9335804264971939 0.3583679495453208
    outer loop
      vertex 68.25 99.9135454576426 42.4067366430758
      vertex 80.25 99.9135454576426 42.4067366430758
      vertex 80.25 99.95105651629515 42.30901699437495
    endloop
  endfacet
  facet normal 0 0.8910065241883537 0.4539904997395747
    outer loop
      vertex 68.25 99.86602540378443 42.5
      vertex 80.25 99.86602540378443 42.5
      vertex 80.25 99.9135454576426 42.4067366430758
    endloop
  endfacet
  facet normal 0 0.838670567945416 0.5446390350150395
    outer loop
      vertex 68.25 99.80901699437494 42.58778525229247
      vertex 80.25 99.80901699437494 42.58778525229247
      vertex 80.25 99.86602540378443 42.5
    endloop
  endfacet
  facet normal 0 0.0523359562429496 0.9986295347545736
    outer loop
      vertex 68.25 99.10452846326766 42.99452189536827
      vertex 80.25 99 43
      vertex 80.25 99.10452846326766 42.99452189536827
    endloop
  endfacet
  facet normal 0 0.15643446504023686 0.9876883405951368
    outer loop
      vertex 68.25 99.20791169081775 42.978147600733806
      vertex 80.25 99.10452846326766 42.99452189536827
      vertex 80.25 99.20791169081775 42.978147600733806
    endloop
  endfacet
  facet normal 0 0.2588190451025148 0.9659258262890699
    outer loop
      vertex 68.25 99.30901699437494 42.951056516295154
      vertex 80.25 99.20791169081775 42.978147600733806
      vertex 80.25 99.30901699437494 42.951056516295154
    endloop
  endfacet
  facet normal 0 0.35836794954529805 0.9335804264972025
    outer loop
      vertex 68.25 99.4067366430758 42.9135454576426
      vertex 80.25 99.30901699437494 42.951056516295154
      vertex 80.25 99.4067366430758 42.9135454576426
    endloop
  endfacet
  facet normal 0 0.5446390350150085 0.838670567945436
    outer loop
      vertex 68.25 99.58778525229248 42.80901699437495
      vertex 80.25 99.5 42.86602540378444
      vertex 80.25 99.58778525229248 42.80901699437495
    endloop
  endfacet
  facet normal 0 0.4539904997395208 0.8910065241883811
    outer loop
      vertex 68.25 99.5 42.86602540378444
      vertex 80.25 99.4067366430758 42.9135454576426
      vertex 80.25 99.5 42.86602540378444
    endloop
  endfacet
  facet normal 0 0.7771459614570263 0.6293203910497691
    outer loop
      vertex 68.25 99.7431448254774 42.669130606358856
      vertex 80.25 99.7431448254774 42.669130606358856
      vertex 80.25 99.80901699437494 42.58778525229247
    endloop
  endfacet
  facet normal 0 0.7071067811865475 0.7071067811865475
    outer loop
      vertex 68.25 99.66913060635886 42.743144825477394
      vertex 80.25 99.66913060635886 42.743144825477394
      vertex 80.25 99.7431448254774 42.669130606358856
    endloop
  endfacet
  facet normal 0 0.629320391049851 0.7771459614569598
    outer loop
      vertex 68.25 99.66913060635886 42.743144825477394
      vertex 80.25 99.58778525229248 42.80901699437495
      vertex 80.25 99.66913060635886 42.743144825477394
    endloop
  endfacet
  facet normal 1 0 0
    outer loop
      vertex 80.25 99.10452846326766 41.00547810463173
      vertex 80.25 99 43
      vertex 80.25 99 41
    endloop
  endfacet
  facet normal 1 0 0
    outer loop
      vertex 80.25 99.10452846326766 41.00547810463173
      vertex 80.25 99.20791169081775 41.021852399266194
      vertex 80.25 99.10452846326766 42.99452189536827
    endloop
  endfacet
  facet normal 1 0 0
    outer loop
      vertex 80.25 99.20791169081775 41.021852399266194
      vertex 80.25 99.30901699437494 41.048943483704846
      vertex 80.25 99.20791169081775 42.978147600733806
    endloop
  endfacet
  facet normal 1 0 0
    outer loop
      vertex 80.25 99.30901699437494 41.048943483704846
      vertex 80.25 99.4067366430758 41.0864545423574
      vertex 80.25 99.30901699437494 42.951056516295154
    endloop
  endfacet
  facet normal 1 0 0
    outer loop
      vertex 80.25 99.4067366430758 41.0864545423574
      vertex 80.25 99.5 41.13397459621556
      vertex 80.25 99.4067366430758 42.9135454576426
    endloop
  endfacet
  facet normal 1 0 0
    outer loop
      vertex 80.25 99.5 41.13397459621556
      vertex 80.25 99.58778525229248 41.19098300562505
      vertex 80.25 99.5 42.86602540378444
    endloop
  endfacet
  facet normal 1 0 0
    outer loop
      vertex 80.25 99.58778525229248 41.19098300562505
      vertex 80.25 99.66913060635886 41.256855174522606
      vertex 80.25 99.58778525229248 42.80901699437495
    endloop
  endfacet
  facet normal 1 0 0
    outer loop
      vertex 80.25 99.66913060635886 41.256855174522606
      vertex 80.25 99.7431448254774 41.330869393641144
      vertex 80.25 99.66913060635886 42.743144825477394
    endloop
  endfacet
  facet normal 1 0 0
    outer loop
      vertex 80.25 99.7431448254774 41.330869393641144
      vertex 80.25 99.80901699437494 41.41221474770753
      vertex 80.25 99.7431448254774 42.669130606358856
    endloop
  endfacet
  facet normal 1 0 0
    outer loop
      vertex 80.25 99.80901699437494 41.41221474770753
      vertex 80.25 99.86602540378443 41.5
      vertex 80.25 99.80901699437494 42.58778525229247
    endloop
  endfacet
  facet normal 1 0 0
    outer loop
      vertex 80.25 99.10452846326766 41.00547810463173
      vertex 80.25 99.10452846326766 42.99452189536827
      vertex 80.25 99 43
    endloop
  endfacet
  facet normal 1 0 0
    outer loop
      vertex 80.25 99.20791169081775 41.021852399266194
      vertex 80.25 99.20791169081775 42.978147600733806
      vertex 80.25 99.10452846326766 42.99452189536827
    endloop
  endfacet
  facet normal 1 0 0
    outer loop
      vertex 80.25 99.86602540378443 41.5
      vertex 80.25 99.9135454576426 41.5932633569242
      vertex 80.25 99.86602540378443 42.5
    endloop
  endfacet
  facet normal 1 0 0
    outer loop
      vertex 80.25 99.9135454576426 41.5932633569242
      vertex 80.25 99.95105651629515 41.69098300562505
      vertex 80.25 99.9135454576426 42.4067366430758
    endloop
  endfacet
  facet normal 1 0 0
    outer loop
      vertex 80.25 99.95105651629515 41.69098300562505
      vertex 80.25 99.9781476007338 41.79208830918224
      vertex 80.25 99.95105651629515 42.30901699437495
    endloop
  endfacet
  facet normal 1 0 0
    outer loop
      vertex 80.25 99.9781476007338 41.79208830918224
      vertex 80.25 99.99452189536828 41.895471536732344
      vertex 80.25 99.9781476007338 42.20791169081776
    endloop
  endfacet
  facet normal 1 0 0
    outer loop
      vertex 80.25 99.99452189536828 41.895471536732344
      vertex 80.25 100 42
      vertex 80.25 99.99452189536828 42.104528463267656
    endloop
  endfacet
  facet normal 1 0 0
    outer loop
      vertex 80.25 99.80901699437494 41.41221474770753
      vertex 80.25 99.80901699437494 42.58778525229247
      vertex 80.25 99.7431448254774 42.669130606358856
    endloop
  endfacet
  facet normal 1 0 0
    outer loop
      vertex 80.25 99.99452189536828 41.895471536732344
      vertex 80.25 99.99452189536828 42.104528463267656
      vertex 80.25 99.9781476007338 42.20791169081776
    endloop
  endfacet
  facet normal 1 0 0
    outer loop
      vertex 80.25 99.9781476007338 41.79208830918224
      vertex 80.25 99.9781476007338 42.20791169081776
      vertex 80.25 99.95105651629515 42.30901699437495
    endloop
  endfacet
  facet normal 1 0 0
    outer loop
      vertex 80.25 99.9135454576426 41.5932633569242
      vertex 80.25 99.9135454576426 42.4067366430758
      vertex 80.25 99.86602540378443 42.5
    endloop
  endfacet
  facet normal 1 0 0
    outer loop
      vertex 80.25 99.86602540378443 41.5
      vertex 80.25 99.86602540378443 42.5
      vertex 80.25 99.80901699437494 42.58778525229247
    endloop
  endfacet
  facet normal 1 0 0
    outer loop
      vertex 80.25 99.95105651629515 41.69098300562505
      vertex 80.25 99.95105651629515 42.30901699437495
      vertex 80.25 99.9135454576426 42.4067366430758
    endloop
  endfacet
  facet normal 1 0 0
    outer loop
      vertex 80.25 99.4067366430758 41.0864545423574
      vertex 80.25 99.4067366430758 42.9135454576426
      vertex 80.25 99.30901699437494 42.951056516295154
    endloop
  endfacet
  facet normal 1 0 0
    outer loop
      vertex 80.25 99.30901699437494 41.048943483704846
      vertex 80.25 99.30901699437494 42.951056516295154
      vertex 80.25 99.20791169081775 42.978147600733806
    endloop
  endfacet
  facet normal 1 0 0
    outer loop
      vertex 80.25 99.5 41.13397459621556
      vertex 80.25 99.5 42.86602540378444
      vertex 80.25 99.4067366430758 42.9135454576426
    endloop
  endfacet
  facet normal 1 0 0
    outer loop
      vertex 80.25 99.58778525229248 41.19098300562505
      vertex 80.25 99.58778525229248 42.80901699437495
      vertex 80.25 99.5 42.86602540378444
    endloop
  endfacet
  facet normal 1 0 0
    outer loop
      vertex 80.25 99.66913060635886 41.256855174522606
      vertex 80.25 99.66913060635886 42.743144825477394
      vertex 80.25 99.58778525229248 42.80901699437495
    endloop
  endfacet
  facet normal 1 0 0
    outer loop
      vertex 80.25 99.7431448254774 41.330869393641144
      vertex 80.25 99.7431448254774 42.669130606358856
      vertex 80.25 99.66913060635886 42.743144825477394
    endloop
  endfacet
endsolid OpenSCAD_Model
